2026-04-22 00:18:53.159 | INFO     | app.main:log_requests:46 - [28f698ba] GET /v1/domains
2026-04-22 00:18:53.164 | INFO     | app.main:log_requests:46 - [d8f2ad1c] GET /v1/tasks
2026-04-22 00:18:53.165 | INFO     | app.main:log_requests:48 - [28f698ba] → 307
2026-04-22 00:18:53.170 | INFO     | app.main:log_requests:48 - [d8f2ad1c] → 307
2026-04-22 00:18:53.171 | INFO     | app.main:log_requests:46 - [2ac65151] GET /v1/users
2026-04-22 00:18:53.173 | INFO     | app.main:log_requests:48 - [2ac65151] → 307
2026-04-22 00:18:53.175 | INFO     | app.main:log_requests:46 - [7772f53c] GET /v1/domains/
2026-04-22 00:18:53.177 | INFO     | app.main:log_requests:46 - [72e301c6] GET /v1/tasks/
2026-04-22 00:18:53.179 | INFO     | app.main:log_requests:48 - [7772f53c] → 403
2026-04-22 00:18:53.181 | INFO     | app.main:log_requests:46 - [b75c5a15] GET /v1/users/
2026-04-22 00:18:53.184 | INFO     | app.main:log_requests:48 - [72e301c6] → 403
2026-04-22 00:18:53.187 | INFO     | app.main:log_requests:48 - [b75c5a15] → 403
2026-04-22 00:18:54.203 | INFO     | app.main:log_requests:46 - [30c6462b] GET /v1/domains
2026-04-22 00:18:54.204 | INFO     | app.main:log_requests:46 - [1816d852] GET /v1/tasks
2026-04-22 00:18:54.206 | INFO     | app.main:log_requests:48 - [30c6462b] → 307
2026-04-22 00:18:54.208 | INFO     | app.main:log_requests:46 - [4e74fd8b] GET /v1/users
2026-04-22 00:18:54.210 | INFO     | app.main:log_requests:48 - [1816d852] → 307
2026-04-22 00:18:54.212 | INFO     | app.main:log_requests:48 - [4e74fd8b] → 307
2026-04-22 00:18:54.215 | INFO     | app.main:log_requests:46 - [f6aa8487] GET /v1/domains/
2026-04-22 00:18:54.219 | INFO     | app.main:log_requests:48 - [f6aa8487] → 403
2026-04-22 00:18:54.225 | INFO     | app.main:log_requests:46 - [7829b823] GET /v1/tasks/
2026-04-22 00:18:54.227 | INFO     | app.main:log_requests:46 - [7cd1ac16] GET /v1/users/
2026-04-22 00:18:54.228 | INFO     | app.main:log_requests:48 - [7829b823] → 403
2026-04-22 00:18:54.236 | INFO     | app.main:log_requests:48 - [7cd1ac16] → 403
2026-04-22 00:19:31.897 | INFO     | app.main:log_requests:46 - [a707a818] GET /v1/domains
2026-04-22 00:19:31.898 | INFO     | app.main:log_requests:48 - [a707a818] → 307
2026-04-22 00:19:31.900 | INFO     | app.main:log_requests:46 - [c93138a2] GET /v1/tasks
2026-04-22 00:19:31.901 | INFO     | app.main:log_requests:48 - [c93138a2] → 307
2026-04-22 00:19:31.902 | INFO     | app.main:log_requests:46 - [c98286be] GET /v1/users
2026-04-22 00:19:31.904 | INFO     | app.main:log_requests:48 - [c98286be] → 307
2026-04-22 00:19:31.906 | INFO     | app.main:log_requests:46 - [112976d3] GET /v1/domains/
2026-04-22 00:19:31.906 | INFO     | app.main:log_requests:48 - [112976d3] → 403
2026-04-22 00:19:31.908 | INFO     | app.main:log_requests:46 - [dcaf3aaf] GET /v1/tasks/
2026-04-22 00:19:31.910 | INFO     | app.main:log_requests:48 - [dcaf3aaf] → 403
2026-04-22 00:19:31.912 | INFO     | app.main:log_requests:46 - [ebe64a7a] GET /v1/users/
2026-04-22 00:19:31.914 | INFO     | app.main:log_requests:48 - [ebe64a7a] → 403
2026-04-22 00:19:32.917 | INFO     | app.main:log_requests:46 - [7b15e718] GET /v1/domains
2026-04-22 00:19:32.918 | INFO     | app.main:log_requests:46 - [8ae16216] GET /v1/tasks
2026-04-22 00:19:32.918 | INFO     | app.main:log_requests:48 - [7b15e718] → 307
2026-04-22 00:19:32.919 | INFO     | app.main:log_requests:46 - [67ef7075] GET /v1/users
2026-04-22 00:19:32.920 | INFO     | app.main:log_requests:48 - [8ae16216] → 307
2026-04-22 00:19:32.922 | INFO     | app.main:log_requests:48 - [67ef7075] → 307
2026-04-22 00:19:32.923 | INFO     | app.main:log_requests:46 - [4a824260] GET /v1/domains/
2026-04-22 00:19:32.925 | INFO     | app.main:log_requests:46 - [a9d92466] GET /v1/tasks/
2026-04-22 00:19:32.926 | INFO     | app.main:log_requests:48 - [4a824260] → 403
2026-04-22 00:19:32.927 | INFO     | app.main:log_requests:46 - [e36494e6] GET /v1/users/
2026-04-22 00:19:32.928 | INFO     | app.main:log_requests:48 - [a9d92466] → 403
2026-04-22 00:19:32.931 | INFO     | app.main:log_requests:48 - [e36494e6] → 403
2026-04-22 00:39:31.331 | INFO     | app.main:log_requests:46 - [771448ce] GET /v1/tasks
2026-04-22 00:39:31.331 | INFO     | app.main:log_requests:46 - [0172684b] GET /v1/users
2026-04-22 00:39:31.332 | INFO     | app.main:log_requests:46 - [13971906] GET /v1/domains
2026-04-22 00:39:31.332 | INFO     | app.main:log_requests:48 - [771448ce] → 307
2026-04-22 00:39:31.333 | INFO     | app.main:log_requests:48 - [0172684b] → 307
2026-04-22 00:39:31.333 | INFO     | app.main:log_requests:48 - [13971906] → 307
2026-04-22 00:39:31.335 | INFO     | app.main:log_requests:46 - [9e9323a4] GET /v1/tasks/
2026-04-22 00:39:31.337 | INFO     | app.main:log_requests:46 - [4b0a4d54] GET /v1/users/
2026-04-22 00:39:31.338 | INFO     | app.main:log_requests:46 - [85232a51] GET /v1/domains/
2026-04-22 00:39:31.338 | INFO     | app.main:log_requests:48 - [9e9323a4] → 403
2026-04-22 00:39:31.340 | INFO     | app.main:log_requests:48 - [4b0a4d54] → 403
2026-04-22 00:39:31.340 | INFO     | app.main:log_requests:48 - [85232a51] → 403
2026-04-22 00:39:32.345 | INFO     | app.main:log_requests:46 - [4feacc05] GET /v1/tasks
2026-04-22 00:39:32.346 | INFO     | app.main:log_requests:46 - [83278487] GET /v1/users
2026-04-22 00:39:32.347 | INFO     | app.main:log_requests:48 - [4feacc05] → 307
2026-04-22 00:39:32.347 | INFO     | app.main:log_requests:46 - [fb4f2d93] GET /v1/domains
2026-04-22 00:39:32.349 | INFO     | app.main:log_requests:48 - [83278487] → 307
2026-04-22 00:39:32.349 | INFO     | app.main:log_requests:48 - [fb4f2d93] → 307
2026-04-22 00:39:32.351 | INFO     | app.main:log_requests:46 - [ebb68c79] GET /v1/tasks/
2026-04-22 00:39:32.352 | INFO     | app.main:log_requests:46 - [59aea024] GET /v1/users/
2026-04-22 00:39:32.352 | INFO     | app.main:log_requests:48 - [ebb68c79] → 403
2026-04-22 00:39:32.353 | INFO     | app.main:log_requests:46 - [d2181992] GET /v1/domains/
2026-04-22 00:39:32.354 | INFO     | app.main:log_requests:48 - [59aea024] → 403
2026-04-22 00:39:32.355 | INFO     | app.main:log_requests:48 - [d2181992] → 403
2026-04-22 00:39:43.759 | INFO     | app.main:log_requests:46 - [64eb8da2] GET /v1/domains
2026-04-22 00:39:43.760 | INFO     | app.main:log_requests:48 - [64eb8da2] → 307
2026-04-22 00:39:43.763 | INFO     | app.main:log_requests:46 - [78ca9f33] GET /v1/domains/
2026-04-22 00:39:43.766 | INFO     | app.main:log_requests:48 - [78ca9f33] → 403
2026-04-22 00:39:44.777 | INFO     | app.main:log_requests:46 - [55a05edf] GET /v1/domains
2026-04-22 00:39:44.777 | INFO     | app.main:log_requests:48 - [55a05edf] → 307
2026-04-22 00:39:44.780 | INFO     | app.main:log_requests:46 - [63c4c68f] GET /v1/domains/
2026-04-22 00:39:44.781 | INFO     | app.main:log_requests:48 - [63c4c68f] → 403
2026-04-22 00:39:50.981 | INFO     | app.main:log_requests:46 - [87c4293b] GET /v1/users
2026-04-22 00:39:50.983 | INFO     | app.main:log_requests:46 - [1a67d570] GET /v1/domains
2026-04-22 00:39:50.984 | INFO     | app.main:log_requests:48 - [87c4293b] → 307
2026-04-22 00:39:50.986 | INFO     | app.main:log_requests:48 - [1a67d570] → 307
2026-04-22 00:39:50.989 | INFO     | app.main:log_requests:46 - [b9d7cd46] GET /v1/users/
2026-04-22 00:39:50.993 | INFO     | app.main:log_requests:46 - [18ba206d] GET /v1/domains/
2026-04-22 00:39:50.994 | INFO     | app.main:log_requests:48 - [b9d7cd46] → 403
2026-04-22 00:39:50.998 | INFO     | app.main:log_requests:48 - [18ba206d] → 403
2026-04-22 00:39:52.005 | INFO     | app.main:log_requests:46 - [3315e1a5] GET /v1/users
2026-04-22 00:39:52.006 | INFO     | app.main:log_requests:48 - [3315e1a5] → 307
2026-04-22 00:39:52.008 | INFO     | app.main:log_requests:46 - [d32c67ca] GET /v1/domains
2026-04-22 00:39:52.009 | INFO     | app.main:log_requests:46 - [db734bfc] GET /v1/users/
2026-04-22 00:39:52.012 | INFO     | app.main:log_requests:48 - [d32c67ca] → 307
2026-04-22 00:39:52.012 | INFO     | app.main:log_requests:48 - [db734bfc] → 403
2026-04-22 00:39:52.015 | INFO     | app.main:log_requests:46 - [bffe9a69] GET /v1/domains/
2026-04-22 00:39:52.016 | INFO     | app.main:log_requests:48 - [bffe9a69] → 403
2026-04-22 00:40:46.950 | INFO     | app.main:log_requests:46 - [c50188d1] GET /v1/domains
2026-04-22 00:40:46.951 | INFO     | app.main:log_requests:48 - [c50188d1] → 307
2026-04-22 00:40:46.953 | INFO     | app.main:log_requests:46 - [f3752d22] GET /v1/tasks
2026-04-22 00:40:46.954 | INFO     | app.main:log_requests:48 - [f3752d22] → 307
2026-04-22 00:40:46.959 | INFO     | app.main:log_requests:46 - [df5d7205] GET /v1/domains/
2026-04-22 00:40:46.961 | INFO     | app.main:log_requests:48 - [df5d7205] → 403
2026-04-22 00:40:46.964 | INFO     | app.main:log_requests:46 - [2dad9d5a] GET /v1/tasks/
2026-04-22 00:40:46.965 | INFO     | app.main:log_requests:48 - [2dad9d5a] → 403
2026-04-22 00:41:35.311 | INFO     | app.main:log_requests:46 - [a3d4b1a5] GET /v1/tasks
2026-04-22 00:41:35.312 | INFO     | app.main:log_requests:48 - [a3d4b1a5] → 307
2026-04-22 00:41:35.315 | INFO     | app.main:log_requests:46 - [dfb3788d] GET /v1/domains
2026-04-22 00:41:35.315 | INFO     | app.main:log_requests:48 - [dfb3788d] → 307
2026-04-22 00:41:35.317 | INFO     | app.main:log_requests:46 - [cafa5866] GET /v1/tasks/
2026-04-22 00:41:35.318 | INFO     | app.main:log_requests:48 - [cafa5866] → 403
2026-04-22 00:41:35.319 | INFO     | app.main:log_requests:46 - [020a80b5] GET /v1/domains/
2026-04-22 00:41:35.321 | INFO     | app.main:log_requests:48 - [020a80b5] → 403
2026-04-22 00:41:37.071 | INFO     | app.main:log_requests:46 - [0581859d] GET /v1/domains
2026-04-22 00:41:37.072 | INFO     | app.main:log_requests:48 - [0581859d] → 307
2026-04-22 00:41:37.078 | INFO     | app.main:log_requests:46 - [de4fe283] GET /v1/tasks
2026-04-22 00:41:37.083 | INFO     | app.main:log_requests:48 - [de4fe283] → 307
2026-04-22 00:41:37.089 | INFO     | app.main:log_requests:46 - [aec6db35] GET /v1/domains/
2026-04-22 00:41:37.096 | INFO     | app.main:log_requests:48 - [aec6db35] → 403
2026-04-22 00:41:37.102 | INFO     | app.main:log_requests:46 - [e63ce0b6] GET /v1/tasks/
2026-04-22 00:41:37.106 | INFO     | app.main:log_requests:48 - [e63ce0b6] → 403
2026-04-22 00:41:38.120 | INFO     | app.main:log_requests:46 - [29790ad8] GET /v1/domains
2026-04-22 00:41:38.120 | INFO     | app.main:log_requests:46 - [baf3536a] GET /v1/tasks
2026-04-22 00:41:38.121 | INFO     | app.main:log_requests:48 - [29790ad8] → 307
2026-04-22 00:41:38.121 | INFO     | app.main:log_requests:48 - [baf3536a] → 307
2026-04-22 00:41:38.124 | INFO     | app.main:log_requests:46 - [7cf1b390] GET /v1/domains/
2026-04-22 00:41:38.124 | INFO     | app.main:log_requests:46 - [5afab8a7] GET /v1/tasks/
2026-04-22 00:41:38.125 | INFO     | app.main:log_requests:48 - [7cf1b390] → 403
2026-04-22 00:41:38.125 | INFO     | app.main:log_requests:48 - [5afab8a7] → 403
2026-04-22 00:41:45.285 | INFO     | app.main:log_requests:46 - [a8246c43] GET /v1/domains
2026-04-22 00:41:45.288 | INFO     | app.main:log_requests:48 - [a8246c43] → 307
2026-04-22 00:41:45.292 | INFO     | app.main:log_requests:46 - [1a2fd68c] GET /v1/tasks
2026-04-22 00:41:45.305 | INFO     | app.main:log_requests:48 - [1a2fd68c] → 307
2026-04-22 00:41:45.312 | INFO     | app.main:log_requests:46 - [72eea767] GET /v1/domains/
2026-04-22 00:41:45.317 | INFO     | app.main:log_requests:48 - [72eea767] → 403
2026-04-22 00:41:45.320 | INFO     | app.main:log_requests:46 - [35107324] GET /v1/tasks/
2026-04-22 00:41:45.323 | INFO     | app.main:log_requests:48 - [35107324] → 403
2026-04-22 00:41:45.784 | INFO     | app.main:log_requests:46 - [922afaf2] GET /v1/tasks
2026-04-22 00:41:45.786 | INFO     | app.main:log_requests:48 - [922afaf2] → 307
2026-04-22 00:41:45.790 | INFO     | app.main:log_requests:46 - [3fae69b4] GET /v1/users
2026-04-22 00:41:45.792 | INFO     | app.main:log_requests:48 - [3fae69b4] → 307
2026-04-22 00:41:45.795 | INFO     | app.main:log_requests:46 - [292cad7f] GET /v1/tasks/
2026-04-22 00:41:45.804 | INFO     | app.main:log_requests:48 - [292cad7f] → 403
2026-04-22 00:41:45.807 | INFO     | app.main:log_requests:46 - [444693e7] GET /v1/users/
2026-04-22 00:41:45.812 | INFO     | app.main:log_requests:48 - [444693e7] → 403
2026-04-22 00:41:46.335 | INFO     | app.main:log_requests:46 - [9627adf1] GET /v1/domains
2026-04-22 00:41:46.336 | INFO     | app.main:log_requests:48 - [9627adf1] → 307
2026-04-22 00:41:46.340 | INFO     | app.main:log_requests:46 - [c647f5a1] GET /v1/domains/
2026-04-22 00:41:46.342 | INFO     | app.main:log_requests:48 - [c647f5a1] → 403
2026-04-22 00:41:46.818 | INFO     | app.main:log_requests:46 - [2fd82265] GET /v1/tasks
2026-04-22 00:41:46.818 | INFO     | app.main:log_requests:48 - [2fd82265] → 307
2026-04-22 00:41:46.820 | INFO     | app.main:log_requests:46 - [9c5052c4] GET /v1/tasks/
2026-04-22 00:41:46.821 | INFO     | app.main:log_requests:48 - [9c5052c4] → 403
2026-04-22 00:41:46.821 | INFO     | app.main:log_requests:46 - [8c6fcbe3] GET /v1/users
2026-04-22 00:41:46.823 | INFO     | app.main:log_requests:48 - [8c6fcbe3] → 307
2026-04-22 00:41:46.826 | INFO     | app.main:log_requests:46 - [7b57af88] GET /v1/users/
2026-04-22 00:41:46.827 | INFO     | app.main:log_requests:48 - [7b57af88] → 403
2026-04-22 00:42:34.689 | INFO     | app.main:log_requests:46 - [f439921c] GET /v1/domains
2026-04-22 00:42:34.690 | INFO     | app.main:log_requests:48 - [f439921c] → 307
2026-04-22 00:42:34.690 | INFO     | app.main:log_requests:46 - [31b1b897] GET /v1/tasks
2026-04-22 00:42:34.692 | INFO     | app.main:log_requests:48 - [31b1b897] → 307
2026-04-22 00:42:34.693 | INFO     | app.main:log_requests:46 - [324cb38e] GET /v1/users
2026-04-22 00:42:34.695 | INFO     | app.main:log_requests:48 - [324cb38e] → 307
2026-04-22 00:42:34.697 | INFO     | app.main:log_requests:46 - [fbd50685] GET /v1/domains/
2026-04-22 00:42:34.698 | INFO     | app.main:log_requests:48 - [fbd50685] → 403
2026-04-22 00:42:34.700 | INFO     | app.main:log_requests:46 - [51587fb0] GET /v1/tasks/
2026-04-22 00:42:34.701 | INFO     | app.main:log_requests:48 - [51587fb0] → 403
2026-04-22 00:42:34.703 | INFO     | app.main:log_requests:46 - [5988b981] GET /v1/users/
2026-04-22 00:42:34.704 | INFO     | app.main:log_requests:48 - [5988b981] → 403
2026-04-22 00:42:35.704 | INFO     | app.main:log_requests:46 - [86f708e5] GET /v1/domains
2026-04-22 00:42:35.706 | INFO     | app.main:log_requests:48 - [86f708e5] → 307
2026-04-22 00:42:35.708 | INFO     | app.main:log_requests:46 - [0d37f40e] GET /v1/domains/
2026-04-22 00:42:35.709 | INFO     | app.main:log_requests:48 - [0d37f40e] → 403
2026-04-22 00:42:35.710 | INFO     | app.main:log_requests:46 - [edae8ee6] GET /v1/tasks
2026-04-22 00:42:35.711 | INFO     | app.main:log_requests:46 - [3a71ba51] GET /v1/users
2026-04-22 00:42:35.711 | INFO     | app.main:log_requests:48 - [edae8ee6] → 307
2026-04-22 00:42:35.713 | INFO     | app.main:log_requests:48 - [3a71ba51] → 307
2026-04-22 00:42:35.715 | INFO     | app.main:log_requests:46 - [555d1054] GET /v1/tasks/
2026-04-22 00:42:35.716 | INFO     | app.main:log_requests:46 - [cf0da99f] GET /v1/users/
2026-04-22 00:42:35.717 | INFO     | app.main:log_requests:48 - [555d1054] → 403
2026-04-22 00:42:35.718 | INFO     | app.main:log_requests:48 - [cf0da99f] → 403
2026-04-22 00:42:40.575 | INFO     | app.main:log_requests:46 - [ceed666c] GET /v1/domains
2026-04-22 00:42:40.577 | INFO     | app.main:log_requests:46 - [116dfb10] GET /v1/tasks/my
2026-04-22 00:42:40.578 | INFO     | app.main:log_requests:48 - [ceed666c] → 307
2026-04-22 00:42:40.579 | INFO     | app.main:log_requests:48 - [116dfb10] → 403
2026-04-22 00:42:40.579 | INFO     | app.main:log_requests:46 - [e079f750] GET /v1/domains/
2026-04-22 00:42:40.581 | INFO     | app.main:log_requests:48 - [e079f750] → 403
2026-04-22 00:42:41.588 | INFO     | app.main:log_requests:46 - [b82d91fa] GET /v1/tasks/my
2026-04-22 00:42:41.589 | INFO     | app.main:log_requests:46 - [934b2e4e] GET /v1/domains
2026-04-22 00:42:41.589 | INFO     | app.main:log_requests:48 - [b82d91fa] → 403
2026-04-22 00:42:41.590 | INFO     | app.main:log_requests:48 - [934b2e4e] → 307
2026-04-22 00:42:41.593 | INFO     | app.main:log_requests:46 - [68fd36da] GET /v1/domains/
2026-04-22 00:42:41.595 | INFO     | app.main:log_requests:48 - [68fd36da] → 403
2026-04-22 00:42:48.245 | INFO     | app.main:log_requests:46 - [012a986c] GET /v1/domains
2026-04-22 00:42:48.246 | INFO     | app.main:log_requests:48 - [012a986c] → 307
2026-04-22 00:42:48.250 | INFO     | app.main:log_requests:46 - [44b1ee34] GET /v1/tasks/my
2026-04-22 00:42:48.251 | INFO     | app.main:log_requests:48 - [44b1ee34] → 403
2026-04-22 00:42:48.255 | INFO     | app.main:log_requests:46 - [f4295ee9] GET /v1/domains/
2026-04-22 00:42:48.257 | INFO     | app.main:log_requests:48 - [f4295ee9] → 403
2026-04-22 00:42:49.265 | INFO     | app.main:log_requests:46 - [5c01cbcc] GET /v1/tasks/my
2026-04-22 00:42:49.266 | INFO     | app.main:log_requests:48 - [5c01cbcc] → 403
2026-04-22 00:42:49.282 | INFO     | app.main:log_requests:46 - [f7c38e08] GET /v1/domains
2026-04-22 00:42:49.282 | INFO     | app.main:log_requests:48 - [f7c38e08] → 307
2026-04-22 00:42:49.285 | INFO     | app.main:log_requests:46 - [665045e4] GET /v1/domains/
2026-04-22 00:42:49.286 | INFO     | app.main:log_requests:48 - [665045e4] → 403
2026-04-22 00:42:51.577 | INFO     | app.main:log_requests:46 - [3528dd3e] GET /v1/domains
2026-04-22 00:42:51.579 | INFO     | app.main:log_requests:48 - [3528dd3e] → 307
2026-04-22 00:42:51.586 | INFO     | app.main:log_requests:46 - [85f11a88] GET /v1/domains/
2026-04-22 00:42:51.588 | INFO     | app.main:log_requests:48 - [85f11a88] → 403
2026-04-22 00:42:52.606 | INFO     | app.main:log_requests:46 - [bf59ce1f] GET /v1/domains
2026-04-22 00:42:52.606 | INFO     | app.main:log_requests:48 - [bf59ce1f] → 307
2026-04-22 00:42:52.609 | INFO     | app.main:log_requests:46 - [d7a0b765] GET /v1/domains/
2026-04-22 00:42:52.609 | INFO     | app.main:log_requests:48 - [d7a0b765] → 403
2026-04-22 00:42:52.858 | INFO     | app.main:log_requests:46 - [d6ea8d04] GET /v1/domains
2026-04-22 00:42:52.859 | INFO     | app.main:log_requests:48 - [d6ea8d04] → 307
2026-04-22 00:42:52.872 | INFO     | app.main:log_requests:46 - [e4142ab6] GET /v1/domains/
2026-04-22 00:42:52.873 | INFO     | app.main:log_requests:48 - [e4142ab6] → 403
2026-04-22 00:42:52.876 | INFO     | app.main:log_requests:46 - [fe66d35f] GET /v1/tasks/my
2026-04-22 00:42:52.877 | INFO     | app.main:log_requests:48 - [fe66d35f] → 403
2026-04-22 00:42:53.886 | INFO     | app.main:log_requests:46 - [73f65b99] GET /v1/domains
2026-04-22 00:42:53.887 | INFO     | app.main:log_requests:46 - [30a3ea56] GET /v1/tasks/my
2026-04-22 00:42:53.888 | INFO     | app.main:log_requests:48 - [73f65b99] → 307
2026-04-22 00:42:53.888 | INFO     | app.main:log_requests:48 - [30a3ea56] → 403
2026-04-22 00:42:53.889 | INFO     | app.main:log_requests:46 - [5d8b5181] GET /v1/domains/
2026-04-22 00:42:53.891 | INFO     | app.main:log_requests:48 - [5d8b5181] → 403
2026-04-22 00:43:03.393 | INFO     | app.main:log_requests:46 - [00d7fabc] GET /v1/tasks/my
2026-04-22 00:43:03.395 | INFO     | app.main:log_requests:46 - [def6a1c0] GET /v1/domains
2026-04-22 00:43:03.395 | INFO     | app.main:log_requests:48 - [00d7fabc] → 403
2026-04-22 00:43:03.395 | INFO     | app.main:log_requests:48 - [def6a1c0] → 307
2026-04-22 00:43:03.398 | INFO     | app.main:log_requests:46 - [ddf929b4] GET /v1/domains/
2026-04-22 00:43:03.399 | INFO     | app.main:log_requests:48 - [ddf929b4] → 403
2026-04-22 00:43:04.403 | INFO     | app.main:log_requests:46 - [a29252cb] GET /v1/tasks/my
2026-04-22 00:43:04.404 | INFO     | app.main:log_requests:48 - [a29252cb] → 403
2026-04-22 00:43:04.412 | INFO     | app.main:log_requests:46 - [37b5069f] GET /v1/domains
2026-04-22 00:43:04.413 | INFO     | app.main:log_requests:48 - [37b5069f] → 307
2026-04-22 00:43:04.419 | INFO     | app.main:log_requests:46 - [e707ada2] GET /v1/domains/
2026-04-22 00:43:04.421 | INFO     | app.main:log_requests:48 - [e707ada2] → 403
2026-04-22 00:43:05.273 | INFO     | app.main:log_requests:46 - [c8c0acdf] GET /v1/domains
2026-04-22 00:43:05.274 | INFO     | app.main:log_requests:46 - [0f058363] GET /v1/tasks/my
2026-04-22 00:43:05.275 | INFO     | app.main:log_requests:48 - [c8c0acdf] → 307
2026-04-22 00:43:05.277 | INFO     | app.main:log_requests:48 - [0f058363] → 403
2026-04-22 00:43:05.278 | INFO     | app.main:log_requests:46 - [a3163f45] GET /v1/domains/
2026-04-22 00:43:05.279 | INFO     | app.main:log_requests:48 - [a3163f45] → 403
2026-04-22 00:43:09.214 | INFO     | app.main:log_requests:46 - [8396f590] GET /v1/domains
2026-04-22 00:43:09.215 | INFO     | app.main:log_requests:46 - [bf9a817c] GET /v1/tasks/my
2026-04-22 00:43:09.217 | INFO     | app.main:log_requests:48 - [8396f590] → 307
2026-04-22 00:43:09.218 | INFO     | app.main:log_requests:48 - [bf9a817c] → 403
2026-04-22 00:43:09.222 | INFO     | app.main:log_requests:46 - [e2779e7d] GET /v1/domains/
2026-04-22 00:43:09.225 | INFO     | app.main:log_requests:48 - [e2779e7d] → 403
2026-04-22 00:43:33.452 | INFO     | app.main:log_requests:46 - [7b73bb48] GET /v1/domains
2026-04-22 00:43:33.453 | INFO     | app.main:log_requests:48 - [7b73bb48] → 307
2026-04-22 00:43:33.455 | INFO     | app.main:log_requests:46 - [bc5d20e3] GET /v1/tasks/my
2026-04-22 00:43:33.457 | INFO     | app.main:log_requests:48 - [bc5d20e3] → 403
2026-04-22 00:43:33.459 | INFO     | app.main:log_requests:46 - [22847041] GET /v1/domains/
2026-04-22 00:43:33.461 | INFO     | app.main:log_requests:48 - [22847041] → 403
2026-04-22 00:43:34.468 | INFO     | app.main:log_requests:46 - [0fd71ebe] GET /v1/tasks/my
2026-04-22 00:43:34.469 | INFO     | app.main:log_requests:46 - [b5e393fb] GET /v1/domains
2026-04-22 00:43:34.471 | INFO     | app.main:log_requests:48 - [0fd71ebe] → 403
2026-04-22 00:43:34.472 | INFO     | app.main:log_requests:48 - [b5e393fb] → 307
2026-04-22 00:43:34.473 | INFO     | app.main:log_requests:46 - [18a07006] GET /v1/domains/
2026-04-22 00:43:34.475 | INFO     | app.main:log_requests:48 - [18a07006] → 403
2026-04-22 00:46:46.713 | INFO     | app.main:log_requests:46 - [be668a2a] GET /v1/domains
2026-04-22 00:46:46.714 | INFO     | app.main:log_requests:46 - [52fd409b] GET /v1/tasks/my
2026-04-22 00:46:46.714 | INFO     | app.main:log_requests:48 - [be668a2a] → 307
2026-04-22 00:46:46.715 | INFO     | app.main:log_requests:48 - [52fd409b] → 403
2026-04-22 00:46:46.716 | INFO     | app.main:log_requests:46 - [1f1bb480] GET /v1/domains/
2026-04-22 00:46:46.717 | INFO     | app.main:log_requests:48 - [1f1bb480] → 403
2026-04-22 00:46:47.725 | INFO     | app.main:log_requests:46 - [3820ec9c] GET /v1/tasks/my
2026-04-22 00:46:47.726 | INFO     | app.main:log_requests:46 - [f40b8500] GET /v1/domains
2026-04-22 00:46:47.727 | INFO     | app.main:log_requests:48 - [3820ec9c] → 403
2026-04-22 00:46:47.729 | INFO     | app.main:log_requests:48 - [f40b8500] → 307
2026-04-22 00:46:47.736 | INFO     | app.main:log_requests:46 - [77f1410f] GET /v1/domains/
2026-04-22 00:46:47.739 | INFO     | app.main:log_requests:48 - [77f1410f] → 403
2026-04-22 00:46:49.153 | INFO     | app.main:log_requests:46 - [f76c1f05] GET /v1/domains
2026-04-22 00:46:49.154 | INFO     | app.main:log_requests:48 - [f76c1f05] → 307
2026-04-22 00:46:49.154 | INFO     | app.main:log_requests:46 - [58f3c863] GET /v1/tasks/my
2026-04-22 00:46:49.156 | INFO     | app.main:log_requests:48 - [58f3c863] → 403
2026-04-22 00:46:49.157 | INFO     | app.main:log_requests:46 - [35638fd5] GET /v1/domains/
2026-04-22 00:46:49.158 | INFO     | app.main:log_requests:48 - [35638fd5] → 403
2026-04-22 00:46:50.160 | INFO     | app.main:log_requests:46 - [5b8aeaa3] GET /v1/tasks/my
2026-04-22 00:46:50.162 | INFO     | app.main:log_requests:48 - [5b8aeaa3] → 403
2026-04-22 00:46:50.165 | INFO     | app.main:log_requests:46 - [567ba5b1] GET /v1/domains
2026-04-22 00:46:50.166 | INFO     | app.main:log_requests:48 - [567ba5b1] → 307
2026-04-22 00:46:50.171 | INFO     | app.main:log_requests:46 - [17738741] GET /v1/domains/
2026-04-22 00:46:50.173 | INFO     | app.main:log_requests:48 - [17738741] → 403
2026-04-22 00:49:28.798 | INFO     | app.main:log_requests:46 - [dadb54a8] GET /v1/domains
2026-04-22 00:49:28.799 | INFO     | app.main:log_requests:46 - [172c13a3] GET /v1/tasks/my
2026-04-22 00:49:28.800 | INFO     | app.main:log_requests:48 - [dadb54a8] → 307
2026-04-22 00:49:28.801 | INFO     | app.main:log_requests:48 - [172c13a3] → 401
2026-04-22 00:49:28.803 | INFO     | app.main:log_requests:46 - [35bf136a] GET /v1/domains/
2026-04-22 00:49:28.804 | INFO     | app.main:log_requests:48 - [35bf136a] → 401
2026-04-22 00:49:29.804 | INFO     | app.main:log_requests:46 - [8988d6d6] GET /v1/tasks/my
2026-04-22 00:49:29.806 | INFO     | app.main:log_requests:48 - [8988d6d6] → 401
2026-04-22 00:49:29.810 | INFO     | app.main:log_requests:46 - [443d981d] GET /v1/domains
2026-04-22 00:49:29.811 | INFO     | app.main:log_requests:48 - [443d981d] → 307
2026-04-22 00:49:29.814 | INFO     | app.main:log_requests:46 - [072ab956] GET /v1/domains/
2026-04-22 00:49:29.814 | INFO     | app.main:log_requests:48 - [072ab956] → 401
2026-04-22 00:49:33.070 | INFO     | app.main:log_requests:46 - [4c643957] GET /v1/tasks/my
2026-04-22 00:49:33.083 | INFO     | app.main:log_requests:46 - [11a4c2f4] GET /v1/domains
2026-04-22 00:49:33.096 | INFO     | app.main:log_requests:48 - [4c643957] → 401
2026-04-22 00:49:33.097 | INFO     | app.main:log_requests:48 - [11a4c2f4] → 307
2026-04-22 00:49:33.105 | INFO     | app.main:log_requests:46 - [166ea14c] GET /v1/domains/
2026-04-22 00:49:33.107 | INFO     | app.main:log_requests:48 - [166ea14c] → 401
2026-04-22 00:49:34.109 | INFO     | app.main:log_requests:46 - [c571de8e] GET /v1/tasks/my
2026-04-22 00:49:34.110 | INFO     | app.main:log_requests:48 - [c571de8e] → 401
2026-04-22 00:49:34.117 | INFO     | app.main:log_requests:46 - [8c4fc0db] GET /v1/domains
2026-04-22 00:49:34.118 | INFO     | app.main:log_requests:48 - [8c4fc0db] → 307
2026-04-22 00:49:34.119 | INFO     | app.main:log_requests:46 - [9a34181f] GET /v1/domains/
2026-04-22 00:49:34.120 | INFO     | app.main:log_requests:48 - [9a34181f] → 401
2026-04-22 00:49:38.061 | INFO     | app.main:log_requests:46 - [0975ddf3] GET /v1/domains
2026-04-22 00:49:38.062 | INFO     | app.main:log_requests:46 - [e5b5b3e2] GET /v1/tasks
2026-04-22 00:49:38.063 | INFO     | app.main:log_requests:46 - [1335fe6b] GET /v1/users
2026-04-22 00:49:38.064 | INFO     | app.main:log_requests:48 - [0975ddf3] → 307
2026-04-22 00:49:38.065 | INFO     | app.main:log_requests:48 - [e5b5b3e2] → 307
2026-04-22 00:49:38.065 | INFO     | app.main:log_requests:48 - [1335fe6b] → 307
2026-04-22 00:49:38.067 | INFO     | app.main:log_requests:46 - [48177231] GET /v1/domains/
2026-04-22 00:49:38.069 | INFO     | app.main:log_requests:46 - [fb001203] GET /v1/tasks/
2026-04-22 00:49:38.069 | INFO     | app.main:log_requests:48 - [48177231] → 401
2026-04-22 00:49:38.070 | INFO     | app.main:log_requests:46 - [326b2a60] GET /v1/users/
2026-04-22 00:49:38.070 | INFO     | app.main:log_requests:48 - [fb001203] → 401
2026-04-22 00:49:38.072 | INFO     | app.main:log_requests:48 - [326b2a60] → 401
2026-04-22 00:49:39.078 | INFO     | app.main:log_requests:46 - [c7fb5504] GET /v1/domains
2026-04-22 00:49:39.078 | INFO     | app.main:log_requests:46 - [5e8778fd] GET /v1/users
2026-04-22 00:49:39.079 | INFO     | app.main:log_requests:46 - [90105156] GET /v1/tasks
2026-04-22 00:49:39.079 | INFO     | app.main:log_requests:48 - [c7fb5504] → 307
2026-04-22 00:49:39.080 | INFO     | app.main:log_requests:48 - [5e8778fd] → 307
2026-04-22 00:49:39.081 | INFO     | app.main:log_requests:48 - [90105156] → 307
2026-04-22 00:49:39.082 | INFO     | app.main:log_requests:46 - [3862af6f] GET /v1/domains/
2026-04-22 00:49:39.083 | INFO     | app.main:log_requests:46 - [215c3d19] GET /v1/users/
2026-04-22 00:49:39.083 | INFO     | app.main:log_requests:48 - [3862af6f] → 401
2026-04-22 00:49:39.083 | INFO     | app.main:log_requests:46 - [d0629438] GET /v1/tasks/
2026-04-22 00:49:39.085 | INFO     | app.main:log_requests:48 - [215c3d19] → 401
2026-04-22 00:49:39.086 | INFO     | app.main:log_requests:48 - [d0629438] → 401
2026-04-22 00:49:42.729 | INFO     | app.main:log_requests:46 - [5674302a] GET /v1/domains
2026-04-22 00:49:42.729 | INFO     | app.main:log_requests:48 - [5674302a] → 307
2026-04-22 00:49:42.741 | INFO     | app.main:log_requests:46 - [a446f40a] GET /v1/domains/
2026-04-22 00:49:42.742 | INFO     | app.main:log_requests:48 - [a446f40a] → 401
2026-04-22 00:49:43.756 | INFO     | app.main:log_requests:46 - [3b72cd5f] GET /v1/domains
2026-04-22 00:49:43.756 | INFO     | app.main:log_requests:48 - [3b72cd5f] → 307
2026-04-22 00:49:43.758 | INFO     | app.main:log_requests:46 - [dfc85c5a] GET /v1/domains/
2026-04-22 00:49:43.760 | INFO     | app.main:log_requests:48 - [dfc85c5a] → 401
2026-04-22 00:49:57.724 | INFO     | app.main:log_requests:46 - [4b88ddca] OPTIONS /v1/domains
2026-04-22 00:49:57.726 | INFO     | app.main:log_requests:48 - [4b88ddca] → 200
2026-04-22 00:49:57.727 | INFO     | app.main:log_requests:46 - [b846b461] POST /v1/domains
2026-04-22 00:49:57.728 | INFO     | app.main:log_requests:48 - [b846b461] → 307
2026-04-22 00:49:57.729 | INFO     | app.main:log_requests:46 - [30a6b3f4] OPTIONS /v1/domains/
2026-04-22 00:49:57.729 | INFO     | app.main:log_requests:48 - [30a6b3f4] → 200
2026-04-22 00:49:57.731 | INFO     | app.main:log_requests:46 - [a1e88dbd] POST /v1/domains/
2026-04-22 00:49:57.741 | INFO     | app.main:log_requests:48 - [a1e88dbd] → 401
2026-04-22 00:53:30.597 | INFO     | app.main:log_requests:46 - [afbd9972] GET /v1/domains
2026-04-22 00:53:30.598 | INFO     | app.main:log_requests:48 - [afbd9972] → 307
2026-04-22 00:53:30.600 | INFO     | app.main:log_requests:46 - [43eac913] GET /v1/domains/
2026-04-22 00:53:30.600 | INFO     | app.main:log_requests:48 - [43eac913] → 401
2026-04-22 00:53:31.616 | INFO     | app.main:log_requests:46 - [8947a633] GET /v1/domains
2026-04-22 00:53:31.617 | INFO     | app.main:log_requests:48 - [8947a633] → 307
2026-04-22 00:53:31.622 | INFO     | app.main:log_requests:46 - [36f7c8e1] GET /v1/domains/
2026-04-22 00:53:31.623 | INFO     | app.main:log_requests:48 - [36f7c8e1] → 401
2026-04-22 01:02:58.951 | INFO     | app.main:log_requests:46 - [62b506f8] GET /v1/domains
2026-04-22 01:02:58.951 | INFO     | app.main:log_requests:48 - [62b506f8] → 307
2026-04-22 01:02:58.953 | INFO     | app.main:log_requests:46 - [d6a60f1a] GET /v1/domains/
2026-04-22 01:02:58.953 | INFO     | app.main:log_requests:48 - [d6a60f1a] → 401
2026-04-22 01:08:31.998 | INFO     | app.main:log_requests:46 - [6e9c38ed] GET /v1/domains
2026-04-22 01:08:32.000 | INFO     | app.main:log_requests:46 - [095be986] GET /v1/tasks
2026-04-22 01:08:32.001 | INFO     | app.main:log_requests:46 - [9a93bbd3] GET /v1/users
2026-04-22 01:08:32.001 | INFO     | app.main:log_requests:48 - [6e9c38ed] → 307
2026-04-22 01:08:32.003 | INFO     | app.main:log_requests:48 - [095be986] → 307
2026-04-22 01:08:32.004 | INFO     | app.main:log_requests:48 - [9a93bbd3] → 307
2026-04-22 01:08:32.009 | INFO     | app.main:log_requests:46 - [dee491b5] GET /v1/domains/
2026-04-22 01:08:32.010 | INFO     | app.main:log_requests:48 - [dee491b5] → 401
2026-04-22 01:08:32.020 | INFO     | app.main:log_requests:46 - [c3e55f33] GET /v1/tasks/
2026-04-22 01:08:32.023 | INFO     | app.main:log_requests:48 - [c3e55f33] → 401
2026-04-22 01:08:32.027 | INFO     | app.main:log_requests:46 - [625c49f1] GET /v1/users/
2026-04-22 01:08:32.031 | INFO     | app.main:log_requests:48 - [625c49f1] → 401
2026-04-22 01:08:33.028 | INFO     | app.main:log_requests:46 - [d7f0b3c6] GET /v1/domains
2026-04-22 01:08:33.031 | INFO     | app.main:log_requests:48 - [d7f0b3c6] → 307
2026-04-22 01:08:33.038 | INFO     | app.main:log_requests:46 - [57c1a250] GET /v1/tasks
2026-04-22 01:08:33.039 | INFO     | app.main:log_requests:48 - [57c1a250] → 307
2026-04-22 01:08:33.042 | INFO     | app.main:log_requests:46 - [533ff775] GET /v1/users
2026-04-22 01:08:33.045 | INFO     | app.main:log_requests:46 - [f9f6c3c0] GET /v1/domains/
2026-04-22 01:08:33.046 | INFO     | app.main:log_requests:48 - [533ff775] → 307
2026-04-22 01:08:33.049 | INFO     | app.main:log_requests:48 - [f9f6c3c0] → 401
2026-04-22 01:08:33.054 | INFO     | app.main:log_requests:46 - [a3963b43] GET /v1/tasks/
2026-04-22 01:08:33.056 | INFO     | app.main:log_requests:48 - [a3963b43] → 401
2026-04-22 01:08:33.065 | INFO     | app.main:log_requests:46 - [bc84fdb4] GET /v1/users/
2026-04-22 01:08:33.069 | INFO     | app.main:log_requests:48 - [bc84fdb4] → 401
2026-04-22 01:08:49.868 | INFO     | app.main:log_requests:46 - [3d89329a] GET /v1/domains
2026-04-22 01:08:49.872 | INFO     | app.main:log_requests:48 - [3d89329a] → 307
2026-04-22 01:08:49.877 | INFO     | app.main:log_requests:46 - [f2ef79c9] GET /v1/tasks
2026-04-22 01:08:49.879 | INFO     | app.main:log_requests:48 - [f2ef79c9] → 307
2026-04-22 01:08:49.899 | INFO     | app.main:log_requests:46 - [61e5ea1a] GET /v1/domains/
2026-04-22 01:08:49.900 | INFO     | app.main:log_requests:48 - [61e5ea1a] → 401
2026-04-22 01:08:49.910 | INFO     | app.main:log_requests:46 - [0a6fe65c] GET /v1/tasks/
2026-04-22 01:08:49.911 | INFO     | app.main:log_requests:48 - [0a6fe65c] → 401
2026-04-22 01:08:50.370 | INFO     | app.main:log_requests:46 - [ca7544fb] GET /v1/tasks
2026-04-22 01:08:50.371 | INFO     | app.main:log_requests:46 - [b6e33f45] GET /v1/users
2026-04-22 01:08:50.373 | INFO     | app.main:log_requests:48 - [ca7544fb] → 307
2026-04-22 01:08:50.375 | INFO     | app.main:log_requests:48 - [b6e33f45] → 307
2026-04-22 01:08:50.388 | INFO     | app.main:log_requests:46 - [c4a5f743] GET /v1/tasks/
2026-04-22 01:08:50.390 | INFO     | app.main:log_requests:46 - [d9b862b9] GET /v1/users/
2026-04-22 01:08:50.392 | INFO     | app.main:log_requests:48 - [c4a5f743] → 401
2026-04-22 01:08:50.393 | INFO     | app.main:log_requests:48 - [d9b862b9] → 401
2026-04-22 01:08:50.917 | INFO     | app.main:log_requests:46 - [25095cab] GET /v1/domains
2026-04-22 01:08:50.920 | INFO     | app.main:log_requests:48 - [25095cab] → 307
2026-04-22 01:08:50.923 | INFO     | app.main:log_requests:46 - [e9455839] GET /v1/domains/
2026-04-22 01:08:50.924 | INFO     | app.main:log_requests:48 - [e9455839] → 401
2026-04-22 01:08:51.410 | INFO     | app.main:log_requests:46 - [417d3901] GET /v1/tasks
2026-04-22 01:08:51.412 | INFO     | app.main:log_requests:46 - [c20b7ea5] GET /v1/users
2026-04-22 01:08:51.413 | INFO     | app.main:log_requests:48 - [417d3901] → 307
2026-04-22 01:08:51.415 | INFO     | app.main:log_requests:48 - [c20b7ea5] → 307
2026-04-22 01:08:51.424 | INFO     | app.main:log_requests:46 - [bc90d6f8] GET /v1/tasks/
2026-04-22 01:08:51.426 | INFO     | app.main:log_requests:46 - [6e2fb1bd] GET /v1/users/
2026-04-22 01:08:51.427 | INFO     | app.main:log_requests:48 - [bc90d6f8] → 401
2026-04-22 01:08:51.430 | INFO     | app.main:log_requests:48 - [6e2fb1bd] → 401
2026-04-22 01:09:06.351 | INFO     | app.main:log_requests:46 - [c21306e6] GET /v1/domains
2026-04-22 01:09:06.352 | INFO     | app.main:log_requests:46 - [ec6741e6] GET /v1/tasks
2026-04-22 01:09:06.354 | INFO     | app.main:log_requests:48 - [c21306e6] → 307
2026-04-22 01:09:06.355 | INFO     | app.main:log_requests:48 - [ec6741e6] → 307
2026-04-22 01:09:06.415 | INFO     | app.main:log_requests:46 - [1aecf8a8] GET /v1/domains/
2026-04-22 01:09:06.419 | INFO     | app.main:log_requests:46 - [2833395d] GET /v1/tasks/
2026-04-22 01:09:06.421 | INFO     | app.main:log_requests:48 - [1aecf8a8] → 401
2026-04-22 01:09:06.423 | INFO     | app.main:log_requests:48 - [2833395d] → 401
2026-04-22 01:09:06.558 | INFO     | app.main:log_requests:46 - [38311ebb] GET /v1/domains
2026-04-22 01:09:06.561 | INFO     | app.main:log_requests:46 - [409f342b] GET /v1/tasks
2026-04-22 01:09:06.563 | INFO     | app.main:log_requests:48 - [38311ebb] → 307
2026-04-22 01:09:06.565 | INFO     | app.main:log_requests:48 - [409f342b] → 307
2026-04-22 01:09:06.566 | INFO     | app.main:log_requests:46 - [6dfba28c] GET /v1/users
2026-04-22 01:09:06.570 | INFO     | app.main:log_requests:48 - [6dfba28c] → 307
2026-04-22 01:09:06.579 | INFO     | app.main:log_requests:46 - [33fdeff8] GET /v1/domains/
2026-04-22 01:09:06.582 | INFO     | app.main:log_requests:48 - [33fdeff8] → 401
2026-04-22 01:09:06.586 | INFO     | app.main:log_requests:46 - [16fa9a99] GET /v1/tasks/
2026-04-22 01:09:06.588 | INFO     | app.main:log_requests:46 - [e0759f38] GET /v1/users/
2026-04-22 01:09:06.590 | INFO     | app.main:log_requests:48 - [16fa9a99] → 401
2026-04-22 01:09:06.592 | INFO     | app.main:log_requests:48 - [e0759f38] → 401
2026-04-22 01:09:07.599 | INFO     | app.main:log_requests:46 - [2b8e1ae5] GET /v1/domains
2026-04-22 01:09:07.601 | INFO     | app.main:log_requests:46 - [cc2567d6] GET /v1/tasks
2026-04-22 01:09:07.604 | INFO     | app.main:log_requests:48 - [2b8e1ae5] → 307
2026-04-22 01:09:07.606 | INFO     | app.main:log_requests:46 - [c649991b] GET /v1/users
2026-04-22 01:09:07.608 | INFO     | app.main:log_requests:48 - [cc2567d6] → 307
2026-04-22 01:09:07.611 | INFO     | app.main:log_requests:48 - [c649991b] → 307
2026-04-22 01:09:07.614 | INFO     | app.main:log_requests:46 - [4c21ac88] GET /v1/domains/
2026-04-22 01:09:07.616 | INFO     | app.main:log_requests:48 - [4c21ac88] → 401
2026-04-22 01:09:07.620 | INFO     | app.main:log_requests:46 - [bd823fb6] GET /v1/tasks/
2026-04-22 01:09:07.621 | INFO     | app.main:log_requests:46 - [a98f2925] GET /v1/users/
2026-04-22 01:09:07.623 | INFO     | app.main:log_requests:48 - [bd823fb6] → 401
2026-04-22 01:09:07.625 | INFO     | app.main:log_requests:48 - [a98f2925] → 401
2026-04-22 01:09:17.346 | INFO     | app.main:log_requests:46 - [280fd518] GET /v1/domains
2026-04-22 01:09:17.347 | INFO     | app.main:log_requests:46 - [6c9adc36] GET /v1/tasks
2026-04-22 01:09:17.348 | INFO     | app.main:log_requests:48 - [280fd518] → 307
2026-04-22 01:09:17.350 | INFO     | app.main:log_requests:48 - [6c9adc36] → 307
2026-04-22 01:09:17.537 | INFO     | app.main:log_requests:46 - [0881c1a3] GET /v1/domains/
2026-04-22 01:09:17.539 | INFO     | app.main:log_requests:46 - [4f717a78] GET /v1/tasks/
2026-04-22 01:09:17.543 | INFO     | app.main:log_requests:48 - [0881c1a3] → 401
2026-04-22 01:09:17.546 | INFO     | app.main:log_requests:48 - [4f717a78] → 401
2026-04-22 01:09:17.553 | INFO     | app.main:log_requests:46 - [0e70a25e] GET /v1/tasks
2026-04-22 01:09:17.555 | INFO     | app.main:log_requests:46 - [5511223b] GET /v1/users
2026-04-22 01:09:17.556 | INFO     | app.main:log_requests:48 - [0e70a25e] → 307
2026-04-22 01:09:17.558 | INFO     | app.main:log_requests:48 - [5511223b] → 307
2026-04-22 01:09:17.562 | INFO     | app.main:log_requests:46 - [c50a2344] GET /v1/tasks/
2026-04-22 01:09:17.564 | INFO     | app.main:log_requests:46 - [df5fd191] GET /v1/users/
2026-04-22 01:09:17.564 | INFO     | app.main:log_requests:48 - [c50a2344] → 401
2026-04-22 01:09:17.569 | INFO     | app.main:log_requests:48 - [df5fd191] → 401
2026-04-22 01:09:18.563 | INFO     | app.main:log_requests:46 - [f16e5aa6] GET /v1/domains
2026-04-22 01:09:18.569 | INFO     | app.main:log_requests:48 - [f16e5aa6] → 307
2026-04-22 01:09:18.582 | INFO     | app.main:log_requests:46 - [fc1f795e] GET /v1/tasks
2026-04-22 01:09:18.584 | INFO     | app.main:log_requests:48 - [fc1f795e] → 307
2026-04-22 01:09:18.595 | INFO     | app.main:log_requests:46 - [5a140e7d] GET /v1/domains/
2026-04-22 01:09:18.598 | INFO     | app.main:log_requests:46 - [6a5d8508] GET /v1/tasks/
2026-04-22 01:09:18.601 | INFO     | app.main:log_requests:46 - [1e949090] GET /v1/users
2026-04-22 01:09:18.603 | INFO     | app.main:log_requests:48 - [5a140e7d] → 401
2026-04-22 01:09:18.606 | INFO     | app.main:log_requests:48 - [6a5d8508] → 401
2026-04-22 01:09:18.608 | INFO     | app.main:log_requests:48 - [1e949090] → 307
2026-04-22 01:09:18.625 | INFO     | app.main:log_requests:46 - [caf4c405] GET /v1/users/
2026-04-22 01:09:18.627 | INFO     | app.main:log_requests:48 - [caf4c405] → 401
2026-04-22 01:09:28.702 | INFO     | app.main:log_requests:46 - [d24a3e55] GET /v1/domains
2026-04-22 01:09:28.705 | INFO     | app.main:log_requests:46 - [2a3ad019] GET /v1/tasks
2026-04-22 01:09:28.705 | INFO     | app.main:log_requests:48 - [d24a3e55] → 307
2026-04-22 01:09:28.710 | INFO     | app.main:log_requests:48 - [2a3ad019] → 307
2026-04-22 01:09:28.719 | INFO     | app.main:log_requests:46 - [db8d177b] GET /v1/domains/
2026-04-22 01:09:28.722 | INFO     | app.main:log_requests:48 - [db8d177b] → 401
2026-04-22 01:09:28.732 | INFO     | app.main:log_requests:46 - [635425a0] GET /v1/tasks/
2026-04-22 01:09:28.733 | INFO     | app.main:log_requests:48 - [635425a0] → 401
2026-04-22 01:09:29.148 | INFO     | app.main:log_requests:46 - [7667e203] GET /v1/tasks
2026-04-22 01:09:29.149 | INFO     | app.main:log_requests:48 - [7667e203] → 307
2026-04-22 01:09:29.153 | INFO     | app.main:log_requests:46 - [241ebb0d] GET /v1/users
2026-04-22 01:09:29.154 | INFO     | app.main:log_requests:48 - [241ebb0d] → 307
2026-04-22 01:09:29.161 | INFO     | app.main:log_requests:46 - [2051eb4e] GET /v1/tasks/
2026-04-22 01:09:29.163 | INFO     | app.main:log_requests:48 - [2051eb4e] → 401
2026-04-22 01:09:29.167 | INFO     | app.main:log_requests:46 - [42c025ac] GET /v1/users/
2026-04-22 01:09:29.169 | INFO     | app.main:log_requests:48 - [42c025ac] → 401
2026-04-22 01:09:29.742 | INFO     | app.main:log_requests:46 - [b5e49189] GET /v1/domains
2026-04-22 01:09:29.743 | INFO     | app.main:log_requests:48 - [b5e49189] → 307
2026-04-22 01:09:29.748 | INFO     | app.main:log_requests:46 - [85a4622e] GET /v1/domains/
2026-04-22 01:09:29.749 | INFO     | app.main:log_requests:48 - [85a4622e] → 401
2026-04-22 01:09:30.172 | INFO     | app.main:log_requests:46 - [99a09702] GET /v1/tasks
2026-04-22 01:09:30.173 | INFO     | app.main:log_requests:48 - [99a09702] → 307
2026-04-22 01:09:30.177 | INFO     | app.main:log_requests:46 - [9143753a] GET /v1/tasks/
2026-04-22 01:09:30.179 | INFO     | app.main:log_requests:48 - [9143753a] → 401
2026-04-22 01:09:30.185 | INFO     | app.main:log_requests:46 - [508fca66] GET /v1/users
2026-04-22 01:09:30.186 | INFO     | app.main:log_requests:48 - [508fca66] → 307
2026-04-22 01:09:30.210 | INFO     | app.main:log_requests:46 - [abf0a38d] GET /v1/users/
2026-04-22 01:09:30.212 | INFO     | app.main:log_requests:48 - [abf0a38d] → 401
2026-04-22 01:09:40.821 | INFO     | app.main:log_requests:46 - [a4da95ce] GET /v1/domains
2026-04-22 01:09:40.823 | INFO     | app.main:log_requests:46 - [962c02c0] GET /v1/tasks
2026-04-22 01:09:40.823 | INFO     | app.main:log_requests:48 - [a4da95ce] → 307
2026-04-22 01:09:40.825 | INFO     | app.main:log_requests:48 - [962c02c0] → 307
2026-04-22 01:09:40.840 | INFO     | app.main:log_requests:46 - [9ac0b481] GET /v1/domains/
2026-04-22 01:09:40.842 | INFO     | app.main:log_requests:46 - [cbb78bba] GET /v1/tasks/
2026-04-22 01:09:40.845 | INFO     | app.main:log_requests:48 - [9ac0b481] → 401
2026-04-22 01:09:40.848 | INFO     | app.main:log_requests:48 - [cbb78bba] → 401
2026-04-22 01:09:40.984 | INFO     | app.main:log_requests:46 - [e7c663cc] GET /v1/domains
2026-04-22 01:09:40.986 | INFO     | app.main:log_requests:46 - [da7040bc] GET /v1/tasks
2026-04-22 01:09:40.991 | INFO     | app.main:log_requests:48 - [e7c663cc] → 307
2026-04-22 01:09:40.996 | INFO     | app.main:log_requests:48 - [da7040bc] → 307
2026-04-22 01:09:41.002 | INFO     | app.main:log_requests:46 - [c5548c3f] GET /v1/users
2026-04-22 01:09:41.007 | INFO     | app.main:log_requests:48 - [c5548c3f] → 307
2026-04-22 01:09:41.012 | INFO     | app.main:log_requests:46 - [2457ece2] GET /v1/domains/
2026-04-22 01:09:41.015 | INFO     | app.main:log_requests:46 - [0360eea0] GET /v1/tasks/
2026-04-22 01:09:41.016 | INFO     | app.main:log_requests:48 - [2457ece2] → 401
2026-04-22 01:09:41.018 | INFO     | app.main:log_requests:48 - [0360eea0] → 401
2026-04-22 01:09:41.021 | INFO     | app.main:log_requests:46 - [d4559e67] GET /v1/users/
2026-04-22 01:09:41.023 | INFO     | app.main:log_requests:48 - [d4559e67] → 401
2026-04-22 01:09:42.030 | INFO     | app.main:log_requests:46 - [adc5207f] GET /v1/domains
2026-04-22 01:09:42.031 | INFO     | app.main:log_requests:46 - [bb6ef63d] GET /v1/tasks
2026-04-22 01:09:42.034 | INFO     | app.main:log_requests:48 - [adc5207f] → 307
2026-04-22 01:09:42.037 | INFO     | app.main:log_requests:46 - [7299db41] GET /v1/users
2026-04-22 01:09:42.039 | INFO     | app.main:log_requests:48 - [bb6ef63d] → 307
2026-04-22 01:09:42.043 | INFO     | app.main:log_requests:48 - [7299db41] → 307
2026-04-22 01:09:42.045 | INFO     | app.main:log_requests:46 - [a6582eae] GET /v1/domains/
2026-04-22 01:09:42.046 | INFO     | app.main:log_requests:48 - [a6582eae] → 401
2026-04-22 01:09:42.057 | INFO     | app.main:log_requests:46 - [ff6998d6] GET /v1/tasks/
2026-04-22 01:09:42.059 | INFO     | app.main:log_requests:46 - [f142caef] GET /v1/users/
2026-04-22 01:09:42.061 | INFO     | app.main:log_requests:48 - [ff6998d6] → 401
2026-04-22 01:09:42.064 | INFO     | app.main:log_requests:48 - [f142caef] → 401
2026-04-22 01:09:53.473 | INFO     | app.main:log_requests:46 - [5ccbd055] GET /v1/domains
2026-04-22 01:09:53.476 | INFO     | app.main:log_requests:46 - [34e0bf98] GET /v1/tasks
2026-04-22 01:09:53.478 | INFO     | app.main:log_requests:48 - [5ccbd055] → 307
2026-04-22 01:09:53.480 | INFO     | app.main:log_requests:48 - [34e0bf98] → 307
2026-04-22 01:09:53.513 | INFO     | app.main:log_requests:46 - [a5626e69] GET /v1/domains/
2026-04-22 01:09:53.517 | INFO     | app.main:log_requests:48 - [a5626e69] → 401
2026-04-22 01:09:53.526 | INFO     | app.main:log_requests:46 - [0c7915e5] GET /v1/tasks/
2026-04-22 01:09:53.529 | INFO     | app.main:log_requests:48 - [0c7915e5] → 401
2026-04-22 01:09:53.937 | INFO     | app.main:log_requests:46 - [6a39ef95] GET /v1/tasks
2026-04-22 01:09:53.939 | INFO     | app.main:log_requests:46 - [0d516089] GET /v1/users
2026-04-22 01:09:53.940 | INFO     | app.main:log_requests:48 - [6a39ef95] → 307
2026-04-22 01:09:53.943 | INFO     | app.main:log_requests:48 - [0d516089] → 307
2026-04-22 01:09:53.956 | INFO     | app.main:log_requests:46 - [cdcc2a1d] GET /v1/tasks/
2026-04-22 01:09:53.959 | INFO     | app.main:log_requests:46 - [554339d2] GET /v1/users/
2026-04-22 01:09:53.960 | INFO     | app.main:log_requests:48 - [cdcc2a1d] → 401
2026-04-22 01:09:53.964 | INFO     | app.main:log_requests:48 - [554339d2] → 401
2026-04-22 01:09:54.545 | INFO     | app.main:log_requests:46 - [946765a4] GET /v1/domains
2026-04-22 01:09:54.547 | INFO     | app.main:log_requests:48 - [946765a4] → 307
2026-04-22 01:09:54.554 | INFO     | app.main:log_requests:46 - [41093c5c] GET /v1/domains/
2026-04-22 01:09:54.556 | INFO     | app.main:log_requests:48 - [41093c5c] → 401
2026-04-22 01:09:54.973 | INFO     | app.main:log_requests:46 - [ed091617] GET /v1/tasks
2026-04-22 01:09:54.975 | INFO     | app.main:log_requests:46 - [b1bc0956] GET /v1/users
2026-04-22 01:09:54.976 | INFO     | app.main:log_requests:48 - [ed091617] → 307
2026-04-22 01:09:54.979 | INFO     | app.main:log_requests:48 - [b1bc0956] → 307
2026-04-22 01:09:54.990 | INFO     | app.main:log_requests:46 - [0cc848fb] GET /v1/tasks/
2026-04-22 01:09:54.992 | INFO     | app.main:log_requests:48 - [0cc848fb] → 401
2026-04-22 01:09:54.997 | INFO     | app.main:log_requests:46 - [8588aff4] GET /v1/users/
2026-04-22 01:09:55.001 | INFO     | app.main:log_requests:48 - [8588aff4] → 401
2026-04-22 01:10:04.712 | INFO     | app.main:log_requests:46 - [ec130aed] GET /v1/domains
2026-04-22 01:10:04.714 | INFO     | app.main:log_requests:48 - [ec130aed] → 307
2026-04-22 01:10:04.720 | INFO     | app.main:log_requests:46 - [db56b1cc] GET /v1/tasks
2026-04-22 01:10:04.723 | INFO     | app.main:log_requests:48 - [db56b1cc] → 307
2026-04-22 01:10:04.732 | INFO     | app.main:log_requests:46 - [0f8db4a3] GET /v1/domains/
2026-04-22 01:10:04.733 | INFO     | app.main:log_requests:48 - [0f8db4a3] → 401
2026-04-22 01:10:04.742 | INFO     | app.main:log_requests:46 - [8cc2cf1c] GET /v1/tasks/
2026-04-22 01:10:04.746 | INFO     | app.main:log_requests:48 - [8cc2cf1c] → 401
2026-04-22 01:10:05.308 | INFO     | app.main:log_requests:46 - [bf42be9c] GET /v1/tasks
2026-04-22 01:10:05.311 | INFO     | app.main:log_requests:46 - [13a3e5bd] GET /v1/users
2026-04-22 01:10:05.313 | INFO     | app.main:log_requests:48 - [bf42be9c] → 307
2026-04-22 01:10:05.314 | INFO     | app.main:log_requests:48 - [13a3e5bd] → 307
2026-04-22 01:10:05.326 | INFO     | app.main:log_requests:46 - [e2f262e2] GET /v1/tasks/
2026-04-22 01:10:05.328 | INFO     | app.main:log_requests:46 - [1ea68b8e] GET /v1/users/
2026-04-22 01:10:05.332 | INFO     | app.main:log_requests:48 - [e2f262e2] → 401
2026-04-22 01:10:05.333 | INFO     | app.main:log_requests:48 - [1ea68b8e] → 401
2026-04-22 01:10:05.757 | INFO     | app.main:log_requests:46 - [ab3816f1] GET /v1/domains
2026-04-22 01:10:05.757 | INFO     | app.main:log_requests:48 - [ab3816f1] → 307
2026-04-22 01:10:05.763 | INFO     | app.main:log_requests:46 - [3bcf36fb] GET /v1/domains/
2026-04-22 01:10:05.765 | INFO     | app.main:log_requests:48 - [3bcf36fb] → 401
2026-04-22 01:10:06.346 | INFO     | app.main:log_requests:46 - [a2860c0b] GET /v1/tasks
2026-04-22 01:10:06.348 | INFO     | app.main:log_requests:46 - [8f0e2ec5] GET /v1/users
2026-04-22 01:10:06.348 | INFO     | app.main:log_requests:48 - [a2860c0b] → 307
2026-04-22 01:10:06.350 | INFO     | app.main:log_requests:48 - [8f0e2ec5] → 307
2026-04-22 01:10:06.353 | INFO     | app.main:log_requests:46 - [22a0e4f2] GET /v1/tasks/
2026-04-22 01:10:06.356 | INFO     | app.main:log_requests:46 - [0515e06d] GET /v1/users/
2026-04-22 01:10:06.357 | INFO     | app.main:log_requests:48 - [22a0e4f2] → 401
2026-04-22 01:10:06.362 | INFO     | app.main:log_requests:48 - [0515e06d] → 401
2026-04-22 01:10:18.085 | INFO     | app.main:log_requests:46 - [b95ebac6] GET /v1/domains
2026-04-22 01:10:18.091 | INFO     | app.main:log_requests:46 - [5dab000f] GET /v1/tasks
2026-04-22 01:10:18.096 | INFO     | app.main:log_requests:48 - [b95ebac6] → 307
2026-04-22 01:10:18.102 | INFO     | app.main:log_requests:48 - [5dab000f] → 307
2026-04-22 01:10:18.118 | INFO     | app.main:log_requests:46 - [1cd4a054] GET /v1/domains/
2026-04-22 01:10:18.119 | INFO     | app.main:log_requests:48 - [1cd4a054] → 401
2026-04-22 01:10:18.121 | INFO     | app.main:log_requests:46 - [778ee05a] GET /v1/tasks/
2026-04-22 01:10:18.128 | INFO     | app.main:log_requests:48 - [778ee05a] → 401
2026-04-22 01:10:18.327 | INFO     | app.main:log_requests:46 - [40f75f78] GET /v1/domains
2026-04-22 01:10:18.329 | INFO     | app.main:log_requests:46 - [304ab907] GET /v1/tasks
2026-04-22 01:10:18.330 | INFO     | app.main:log_requests:48 - [40f75f78] → 307
2026-04-22 01:10:18.334 | INFO     | app.main:log_requests:48 - [304ab907] → 307
2026-04-22 01:10:18.341 | INFO     | app.main:log_requests:46 - [40f00b36] GET /v1/users
2026-04-22 01:10:18.342 | INFO     | app.main:log_requests:48 - [40f00b36] → 307
2026-04-22 01:10:18.346 | INFO     | app.main:log_requests:46 - [61e503e5] GET /v1/domains/
2026-04-22 01:10:18.349 | INFO     | app.main:log_requests:46 - [18e5cccc] GET /v1/tasks/
2026-04-22 01:10:18.354 | INFO     | app.main:log_requests:48 - [61e503e5] → 401
2026-04-22 01:10:18.361 | INFO     | app.main:log_requests:48 - [18e5cccc] → 401
2026-04-22 01:10:18.369 | INFO     | app.main:log_requests:46 - [936f8927] GET /v1/users/
2026-04-22 01:10:18.372 | INFO     | app.main:log_requests:48 - [936f8927] → 401
2026-04-22 01:10:19.369 | INFO     | app.main:log_requests:46 - [aa9f85f5] GET /v1/domains
2026-04-22 01:10:19.371 | INFO     | app.main:log_requests:48 - [aa9f85f5] → 307
2026-04-22 01:10:19.377 | INFO     | app.main:log_requests:46 - [ae16ff58] GET /v1/domains/
2026-04-22 01:10:19.380 | INFO     | app.main:log_requests:46 - [061b646c] GET /v1/tasks
2026-04-22 01:10:19.382 | INFO     | app.main:log_requests:48 - [ae16ff58] → 401
2026-04-22 01:10:19.384 | INFO     | app.main:log_requests:48 - [061b646c] → 307
2026-04-22 01:10:19.391 | INFO     | app.main:log_requests:46 - [1535bd44] GET /v1/tasks/
2026-04-22 01:10:19.393 | INFO     | app.main:log_requests:46 - [9ff5ac8f] GET /v1/users
2026-04-22 01:10:19.394 | INFO     | app.main:log_requests:48 - [1535bd44] → 401
2026-04-22 01:10:19.396 | INFO     | app.main:log_requests:48 - [9ff5ac8f] → 307
2026-04-22 01:10:19.418 | INFO     | app.main:log_requests:46 - [dd666255] GET /v1/users/
2026-04-22 01:10:19.422 | INFO     | app.main:log_requests:48 - [dd666255] → 401
2026-04-22 01:10:27.986 | INFO     | app.main:log_requests:46 - [12f9b6f2] GET /v1/domains
2026-04-22 01:10:27.987 | INFO     | app.main:log_requests:48 - [12f9b6f2] → 307
2026-04-22 01:10:27.989 | INFO     | app.main:log_requests:46 - [4b2889c3] GET /v1/tasks
2026-04-22 01:10:27.990 | INFO     | app.main:log_requests:48 - [4b2889c3] → 307
2026-04-22 01:10:28.000 | INFO     | app.main:log_requests:46 - [9e01c885] GET /v1/domains/
2026-04-22 01:10:28.002 | INFO     | app.main:log_requests:48 - [9e01c885] → 401
2026-04-22 01:10:28.005 | INFO     | app.main:log_requests:46 - [2d51b052] GET /v1/tasks/
2026-04-22 01:10:28.007 | INFO     | app.main:log_requests:48 - [2d51b052] → 401
2026-04-22 01:10:28.525 | INFO     | app.main:log_requests:46 - [96ca1f48] GET /v1/tasks
2026-04-22 01:10:28.527 | INFO     | app.main:log_requests:46 - [de58f36f] GET /v1/users
2026-04-22 01:10:28.528 | INFO     | app.main:log_requests:48 - [96ca1f48] → 307
2026-04-22 01:10:28.529 | INFO     | app.main:log_requests:48 - [de58f36f] → 307
2026-04-22 01:10:28.542 | INFO     | app.main:log_requests:46 - [f8fdd973] GET /v1/tasks/
2026-04-22 01:10:28.543 | INFO     | app.main:log_requests:46 - [617e4087] GET /v1/users/
2026-04-22 01:10:28.544 | INFO     | app.main:log_requests:48 - [f8fdd973] → 401
2026-04-22 01:10:28.545 | INFO     | app.main:log_requests:48 - [617e4087] → 401
2026-04-22 01:10:29.031 | INFO     | app.main:log_requests:46 - [c89511af] GET /v1/domains
2026-04-22 01:10:29.033 | INFO     | app.main:log_requests:48 - [c89511af] → 307
2026-04-22 01:10:29.041 | INFO     | app.main:log_requests:46 - [53ac70d2] GET /v1/domains/
2026-04-22 01:10:29.043 | INFO     | app.main:log_requests:48 - [53ac70d2] → 401
2026-04-22 01:10:29.553 | INFO     | app.main:log_requests:46 - [f33cf17f] GET /v1/tasks
2026-04-22 01:10:29.553 | INFO     | app.main:log_requests:48 - [f33cf17f] → 307
2026-04-22 01:10:29.555 | INFO     | app.main:log_requests:46 - [37f60f69] GET /v1/users
2026-04-22 01:10:29.556 | INFO     | app.main:log_requests:48 - [37f60f69] → 307
2026-04-22 01:10:29.558 | INFO     | app.main:log_requests:46 - [33c0fa33] GET /v1/tasks/
2026-04-22 01:10:29.559 | INFO     | app.main:log_requests:48 - [33c0fa33] → 401
2026-04-22 01:10:29.562 | INFO     | app.main:log_requests:46 - [c7f70063] GET /v1/users/
2026-04-22 01:10:29.564 | INFO     | app.main:log_requests:48 - [c7f70063] → 401
2026-04-22 01:10:49.359 | INFO     | app.main:log_requests:46 - [77d6a641] GET /v1/domains
2026-04-22 01:10:49.362 | INFO     | app.main:log_requests:48 - [77d6a641] → 307
2026-04-22 01:10:49.368 | INFO     | app.main:log_requests:46 - [d7334cd9] GET /v1/tasks
2026-04-22 01:10:49.372 | INFO     | app.main:log_requests:48 - [d7334cd9] → 307
2026-04-22 01:10:49.395 | INFO     | app.main:log_requests:46 - [40ef1874] GET /v1/domains/
2026-04-22 01:10:49.397 | INFO     | app.main:log_requests:48 - [40ef1874] → 401
2026-04-22 01:10:49.400 | INFO     | app.main:log_requests:46 - [7a59ec3b] GET /v1/tasks/
2026-04-22 01:10:49.402 | INFO     | app.main:log_requests:48 - [7a59ec3b] → 401
2026-04-22 01:10:49.827 | INFO     | app.main:log_requests:46 - [356f7007] GET /v1/tasks
2026-04-22 01:10:49.829 | INFO     | app.main:log_requests:46 - [40d7766e] GET /v1/users
2026-04-22 01:10:49.829 | INFO     | app.main:log_requests:48 - [356f7007] → 307
2026-04-22 01:10:49.836 | INFO     | app.main:log_requests:48 - [40d7766e] → 307
2026-04-22 01:10:49.842 | INFO     | app.main:log_requests:46 - [7f21af1a] GET /v1/tasks/
2026-04-22 01:10:49.844 | INFO     | app.main:log_requests:46 - [c86faffe] GET /v1/users/
2026-04-22 01:10:49.847 | INFO     | app.main:log_requests:48 - [7f21af1a] → 401
2026-04-22 01:10:49.848 | INFO     | app.main:log_requests:48 - [c86faffe] → 401
2026-04-22 01:10:50.420 | INFO     | app.main:log_requests:46 - [2c6c9544] GET /v1/domains
2026-04-22 01:10:50.422 | INFO     | app.main:log_requests:48 - [2c6c9544] → 307
2026-04-22 01:10:50.428 | INFO     | app.main:log_requests:46 - [66a9767d] GET /v1/domains/
2026-04-22 01:10:50.429 | INFO     | app.main:log_requests:48 - [66a9767d] → 401
2026-04-22 01:10:50.859 | INFO     | app.main:log_requests:46 - [dc299c67] GET /v1/tasks
2026-04-22 01:10:50.861 | INFO     | app.main:log_requests:46 - [2272ec34] GET /v1/users
2026-04-22 01:10:50.863 | INFO     | app.main:log_requests:48 - [dc299c67] → 307
2026-04-22 01:10:50.864 | INFO     | app.main:log_requests:48 - [2272ec34] → 307
2026-04-22 01:10:50.869 | INFO     | app.main:log_requests:46 - [3b4af4ff] GET /v1/tasks/
2026-04-22 01:10:50.871 | INFO     | app.main:log_requests:46 - [76b02ff0] GET /v1/users/
2026-04-22 01:10:50.872 | INFO     | app.main:log_requests:48 - [3b4af4ff] → 401
2026-04-22 01:10:50.875 | INFO     | app.main:log_requests:48 - [76b02ff0] → 401
2026-04-22 01:10:59.252 | INFO     | app.main:log_requests:46 - [0575d2a7] GET /v1/domains
2026-04-22 01:10:59.254 | INFO     | app.main:log_requests:46 - [01427407] GET /v1/tasks
2026-04-22 01:10:59.256 | INFO     | app.main:log_requests:48 - [0575d2a7] → 307
2026-04-22 01:10:59.259 | INFO     | app.main:log_requests:48 - [01427407] → 307
2026-04-22 01:10:59.288 | INFO     | app.main:log_requests:46 - [0969b61c] GET /v1/domains/
2026-04-22 01:10:59.292 | INFO     | app.main:log_requests:46 - [95362053] GET /v1/tasks/
2026-04-22 01:10:59.295 | INFO     | app.main:log_requests:48 - [0969b61c] → 401
2026-04-22 01:10:59.299 | INFO     | app.main:log_requests:48 - [95362053] → 401
2026-04-22 01:10:59.670 | INFO     | app.main:log_requests:46 - [dbd6902d] GET /v1/tasks
2026-04-22 01:10:59.672 | INFO     | app.main:log_requests:46 - [ce012bbd] GET /v1/users
2026-04-22 01:10:59.674 | INFO     | app.main:log_requests:48 - [dbd6902d] → 307
2026-04-22 01:10:59.678 | INFO     | app.main:log_requests:48 - [ce012bbd] → 307
2026-04-22 01:10:59.693 | INFO     | app.main:log_requests:46 - [a41e120b] GET /v1/tasks/
2026-04-22 01:10:59.697 | INFO     | app.main:log_requests:46 - [9de7f8f4] GET /v1/users/
2026-04-22 01:10:59.698 | INFO     | app.main:log_requests:48 - [a41e120b] → 401
2026-04-22 01:10:59.700 | INFO     | app.main:log_requests:48 - [9de7f8f4] → 401
2026-04-22 01:11:00.316 | INFO     | app.main:log_requests:46 - [298746b2] GET /v1/domains
2026-04-22 01:11:00.319 | INFO     | app.main:log_requests:48 - [298746b2] → 307
2026-04-22 01:11:00.324 | INFO     | app.main:log_requests:46 - [3dfc3a47] GET /v1/domains/
2026-04-22 01:11:00.325 | INFO     | app.main:log_requests:48 - [3dfc3a47] → 401
2026-04-22 01:11:00.721 | INFO     | app.main:log_requests:46 - [a979da8d] GET /v1/tasks
2026-04-22 01:11:00.724 | INFO     | app.main:log_requests:46 - [12cf1941] GET /v1/users
2026-04-22 01:11:00.725 | INFO     | app.main:log_requests:48 - [a979da8d] → 307
2026-04-22 01:11:00.726 | INFO     | app.main:log_requests:48 - [12cf1941] → 307
2026-04-22 01:11:00.730 | INFO     | app.main:log_requests:46 - [c3af1170] GET /v1/tasks/
2026-04-22 01:11:00.733 | INFO     | app.main:log_requests:46 - [f1831a11] GET /v1/users/
2026-04-22 01:11:00.735 | INFO     | app.main:log_requests:48 - [c3af1170] → 401
2026-04-22 01:11:00.736 | INFO     | app.main:log_requests:48 - [f1831a11] → 401
2026-04-22 01:11:10.766 | INFO     | app.main:log_requests:46 - [06c3f036] GET /v1/domains
2026-04-22 01:11:10.767 | INFO     | app.main:log_requests:46 - [3b2d53e7] GET /v1/tasks
2026-04-22 01:11:10.767 | INFO     | app.main:log_requests:48 - [06c3f036] → 307
2026-04-22 01:11:10.768 | INFO     | app.main:log_requests:48 - [3b2d53e7] → 307
2026-04-22 01:11:10.819 | INFO     | app.main:log_requests:46 - [48adecb3] GET /v1/domains/
2026-04-22 01:11:10.822 | INFO     | app.main:log_requests:46 - [da0587f5] GET /v1/tasks/
2026-04-22 01:11:10.827 | INFO     | app.main:log_requests:48 - [48adecb3] → 401
2026-04-22 01:11:10.829 | INFO     | app.main:log_requests:48 - [da0587f5] → 401
2026-04-22 01:11:10.921 | INFO     | app.main:log_requests:46 - [12bb7240] GET /v1/domains
2026-04-22 01:11:10.923 | INFO     | app.main:log_requests:46 - [6d864846] GET /v1/tasks
2026-04-22 01:11:10.925 | INFO     | app.main:log_requests:48 - [12bb7240] → 307
2026-04-22 01:11:10.926 | INFO     | app.main:log_requests:48 - [6d864846] → 307
2026-04-22 01:11:10.928 | INFO     | app.main:log_requests:46 - [6d621ced] GET /v1/users
2026-04-22 01:11:10.930 | INFO     | app.main:log_requests:48 - [6d621ced] → 307
2026-04-22 01:11:10.940 | INFO     | app.main:log_requests:46 - [545c31f1] GET /v1/domains/
2026-04-22 01:11:10.942 | INFO     | app.main:log_requests:46 - [4270f667] GET /v1/tasks/
2026-04-22 01:11:10.943 | INFO     | app.main:log_requests:48 - [545c31f1] → 401
2026-04-22 01:11:10.944 | INFO     | app.main:log_requests:48 - [4270f667] → 401
2026-04-22 01:11:10.946 | INFO     | app.main:log_requests:46 - [72851001] GET /v1/users/
2026-04-22 01:11:10.952 | INFO     | app.main:log_requests:48 - [72851001] → 401
2026-04-22 01:11:11.959 | INFO     | app.main:log_requests:46 - [b9979649] GET /v1/domains
2026-04-22 01:11:11.961 | INFO     | app.main:log_requests:46 - [fd047141] GET /v1/tasks
2026-04-22 01:11:11.964 | INFO     | app.main:log_requests:48 - [b9979649] → 307
2026-04-22 01:11:11.966 | INFO     | app.main:log_requests:48 - [fd047141] → 307
2026-04-22 01:11:11.976 | INFO     | app.main:log_requests:46 - [0c4472b7] GET /v1/users
2026-04-22 01:11:11.982 | INFO     | app.main:log_requests:48 - [0c4472b7] → 307
2026-04-22 01:11:11.984 | INFO     | app.main:log_requests:46 - [7b05a867] GET /v1/domains/
2026-04-22 01:11:11.986 | INFO     | app.main:log_requests:46 - [e261f4fb] GET /v1/tasks/
2026-04-22 01:11:11.987 | INFO     | app.main:log_requests:48 - [7b05a867] → 401
2026-04-22 01:11:11.992 | INFO     | app.main:log_requests:48 - [e261f4fb] → 401
2026-04-22 01:11:12.001 | INFO     | app.main:log_requests:46 - [823a0116] GET /v1/users/
2026-04-22 01:11:12.006 | INFO     | app.main:log_requests:48 - [823a0116] → 401
2026-04-22 01:11:17.047 | INFO     | app.main:log_requests:46 - [abfaf7d9] GET /v1/domains
2026-04-22 01:11:17.049 | INFO     | app.main:log_requests:48 - [abfaf7d9] → 307
2026-04-22 01:11:17.064 | INFO     | app.main:log_requests:46 - [7a80aaa5] GET /v1/tasks
2026-04-22 01:11:17.066 | INFO     | app.main:log_requests:48 - [7a80aaa5] → 307
2026-04-22 01:11:17.069 | INFO     | app.main:log_requests:46 - [5c976cb2] GET /v1/users
2026-04-22 01:11:17.071 | INFO     | app.main:log_requests:48 - [5c976cb2] → 307
2026-04-22 01:11:17.079 | INFO     | app.main:log_requests:46 - [9d27cbec] GET /v1/domains/
2026-04-22 01:11:17.082 | INFO     | app.main:log_requests:48 - [9d27cbec] → 401
2026-04-22 01:11:17.091 | INFO     | app.main:log_requests:46 - [c2e032ec] GET /v1/tasks/
2026-04-22 01:11:17.093 | INFO     | app.main:log_requests:48 - [c2e032ec] → 401
2026-04-22 01:11:17.095 | INFO     | app.main:log_requests:46 - [e45b958e] GET /v1/users/
2026-04-22 01:11:17.099 | INFO     | app.main:log_requests:48 - [e45b958e] → 401
2026-04-22 01:11:18.171 | INFO     | app.main:log_requests:46 - [8289cd87] GET /v1/domains
2026-04-22 01:11:18.174 | INFO     | app.main:log_requests:46 - [be38f78f] GET /v1/tasks
2026-04-22 01:11:18.176 | INFO     | app.main:log_requests:46 - [895029ff] GET /v1/users
2026-04-22 01:11:18.178 | INFO     | app.main:log_requests:48 - [8289cd87] → 307
2026-04-22 01:11:18.179 | INFO     | app.main:log_requests:48 - [be38f78f] → 307
2026-04-22 01:11:18.184 | INFO     | app.main:log_requests:48 - [895029ff] → 307
2026-04-22 01:11:18.201 | INFO     | app.main:log_requests:46 - [390129d2] GET /v1/domains/
2026-04-22 01:11:18.205 | INFO     | app.main:log_requests:46 - [07ddfbea] GET /v1/tasks/
2026-04-22 01:11:18.206 | INFO     | app.main:log_requests:46 - [0c3f1733] GET /v1/users/
2026-04-22 01:11:18.211 | INFO     | app.main:log_requests:48 - [390129d2] → 401
2026-04-22 01:11:18.217 | INFO     | app.main:log_requests:48 - [07ddfbea] → 401
2026-04-22 01:11:18.222 | INFO     | app.main:log_requests:48 - [0c3f1733] → 401
2026-04-22 01:16:17.231 | INFO     | app.main:log_requests:46 - [43f55e58] GET /v1/domains
2026-04-22 01:16:17.232 | INFO     | app.main:log_requests:48 - [43f55e58] → 307
2026-04-22 01:16:17.236 | INFO     | app.main:log_requests:46 - [9b067455] GET /v1/domains/
2026-04-22 01:16:17.237 | INFO     | app.main:log_requests:48 - [9b067455] → 401
2026-04-22 01:22:41.745 | INFO     | app.main:log_requests:46 - [95da37e4] GET /v1/domains
2026-04-22 01:22:41.746 | INFO     | app.main:log_requests:48 - [95da37e4] → 307
2026-04-22 01:22:41.748 | INFO     | app.main:log_requests:46 - [223081a1] GET /v1/domains/
2026-04-22 01:22:41.750 | INFO     | app.main:log_requests:48 - [223081a1] → 401
2026-04-22 01:22:42.761 | INFO     | app.main:log_requests:46 - [16697a89] GET /v1/domains
2026-04-22 01:22:42.762 | INFO     | app.main:log_requests:48 - [16697a89] → 307
2026-04-22 01:22:42.765 | INFO     | app.main:log_requests:46 - [bde7287f] GET /v1/domains/
2026-04-22 01:22:42.765 | INFO     | app.main:log_requests:48 - [bde7287f] → 401
2026-04-22 01:22:48.567 | INFO     | app.main:log_requests:46 - [440e975e] GET /v1/domains
2026-04-22 01:22:48.568 | INFO     | app.main:log_requests:48 - [440e975e] → 307
2026-04-22 01:22:48.571 | INFO     | app.main:log_requests:46 - [21eee0ab] GET /v1/domains/
2026-04-22 01:22:48.572 | INFO     | app.main:log_requests:48 - [21eee0ab] → 401
2026-04-22 01:22:49.581 | INFO     | app.main:log_requests:46 - [00dd0909] GET /v1/domains
2026-04-22 01:22:49.583 | INFO     | app.main:log_requests:48 - [00dd0909] → 307
2026-04-22 01:22:49.589 | INFO     | app.main:log_requests:46 - [b4dace74] GET /v1/domains/
2026-04-22 01:22:49.590 | INFO     | app.main:log_requests:48 - [b4dace74] → 401
2026-04-22 07:36:23.406 | INFO     | app.main:log_requests:46 - [acb627db] GET /v1/domains
2026-04-22 07:36:23.407 | INFO     | app.main:log_requests:48 - [acb627db] → 307
2026-04-22 07:36:23.408 | INFO     | app.main:log_requests:46 - [04c41d76] GET /v1/domains
2026-04-22 07:36:23.409 | INFO     | app.main:log_requests:48 - [04c41d76] → 307
2026-04-22 07:36:23.411 | INFO     | app.main:log_requests:46 - [8f764d59] GET /v1/domains/
2026-04-22 07:36:23.413 | INFO     | app.main:log_requests:48 - [8f764d59] → 401
2026-04-22 07:36:23.414 | INFO     | app.main:log_requests:46 - [e59d7abd] GET /v1/domains/
2026-04-22 07:36:23.415 | INFO     | app.main:log_requests:48 - [e59d7abd] → 401
2026-04-22 08:03:43.021 | INFO     | app.main:log_requests:46 - [28052d99] GET /v1/domains/public
2026-04-22 08:03:44.263 | INFO     | app.main:log_requests:48 - [28052d99] → 200
2026-04-22 08:05:19.949 | INFO     | app.main:log_requests:46 - [4fd323df] GET /v1/domains/public
2026-04-22 08:05:20.779 | INFO     | app.main:log_requests:48 - [4fd323df] → 200
2026-04-22 08:05:20.780 | INFO     | app.main:log_requests:46 - [dbbdc747] GET /v1/domains/public
2026-04-22 08:05:21.490 | INFO     | app.main:log_requests:48 - [dbbdc747] → 200
2026-04-22 08:06:25.324 | INFO     | app.main:log_requests:46 - [080db5f1] GET /v1/domains/public
2026-04-22 08:06:25.918 | INFO     | app.main:log_requests:48 - [080db5f1] → 200
2026-04-22 08:07:59.810 | INFO     | app.main:log_requests:46 - [846de31f] GET /v1/domains/public
2026-04-22 08:08:00.771 | INFO     | app.main:log_requests:48 - [846de31f] → 200
2026-04-22 08:08:09.415 | INFO     | app.main:log_requests:46 - [d1ed700f] GET /v1/domains/public
2026-04-22 08:08:09.876 | INFO     | app.main:log_requests:48 - [d1ed700f] → 200
2026-04-22 08:08:09.878 | INFO     | app.main:log_requests:46 - [38505cf9] GET /v1/domains/public
2026-04-22 08:08:10.250 | INFO     | app.main:log_requests:48 - [38505cf9] → 200
2026-04-22 08:08:40.360 | INFO     | app.main:log_requests:46 - [7932284c] OPTIONS /v1/users
2026-04-22 08:08:40.362 | INFO     | app.main:log_requests:48 - [7932284c] → 200
2026-04-22 08:08:40.366 | INFO     | app.main:log_requests:46 - [12fcd18c] POST /v1/users
2026-04-22 08:08:40.368 | INFO     | app.main:log_requests:48 - [12fcd18c] → 307
2026-04-22 08:08:40.371 | INFO     | app.main:log_requests:46 - [fa9c2211] OPTIONS /v1/users/
2026-04-22 08:08:40.372 | INFO     | app.main:log_requests:48 - [fa9c2211] → 200
2026-04-22 08:08:40.375 | INFO     | app.main:log_requests:46 - [165f6c12] POST /v1/users/
2026-04-22 08:08:41.400 | INFO     | app.main:log_requests:48 - [165f6c12] → 201
2026-04-22 08:10:22.378 | INFO     | app.main:log_requests:46 - [4d87b840] GET /v1/domains/public
2026-04-22 08:10:23.315 | INFO     | app.main:log_requests:48 - [4d87b840] → 200
2026-04-22 08:10:23.317 | INFO     | app.main:log_requests:46 - [3bc9e7f9] GET /v1/domains/public
2026-04-22 08:10:23.693 | INFO     | app.main:log_requests:48 - [3bc9e7f9] → 200
2026-04-22 08:11:23.733 | INFO     | app.main:log_requests:46 - [295d1270] GET /v1/domains/public
2026-04-22 08:11:24.393 | INFO     | app.main:log_requests:48 - [295d1270] → 200
2026-04-22 09:15:54.282 | INFO     | app.main:log_requests:47 - [28d9700a] GET /v1/domains/public
2026-04-22 09:15:54.924 | INFO     | app.main:log_requests:49 - [28d9700a] → 200
2026-04-22 09:15:54.926 | INFO     | app.main:log_requests:47 - [043b777d] GET /v1/domains/public
2026-04-22 09:15:55.161 | INFO     | app.main:log_requests:49 - [043b777d] → 200
2026-04-22 09:16:07.402 | INFO     | app.main:log_requests:47 - [600f511d] OPTIONS /v1/users
2026-04-22 09:16:07.403 | INFO     | app.main:log_requests:49 - [600f511d] → 200
2026-04-22 09:16:07.405 | INFO     | app.main:log_requests:47 - [f3af88ea] POST /v1/users
2026-04-22 09:16:07.405 | INFO     | app.main:log_requests:49 - [f3af88ea] → 307
2026-04-22 09:16:07.416 | INFO     | app.main:log_requests:47 - [9133c8e1] OPTIONS /v1/users/
2026-04-22 09:16:07.417 | INFO     | app.main:log_requests:49 - [9133c8e1] → 200
2026-04-22 09:16:07.419 | INFO     | app.main:log_requests:47 - [0e7c22f3] POST /v1/users/
2026-04-22 09:16:08.155 | ERROR    | app.main:global_exception_handler:72 - Unhandled error [97451a8e-e1ce-40a2-b62b-ee2d7aa44b53]: {'message': 'duplicate key value violates unique constraint "unique_president"', 'code': '23505', 'hint': None, 'details': 'Key (role)=(president) already exists.'}
2026-04-22 09:18:28.060 | INFO     | app.main:log_requests:47 - [239d46c6] GET /v1/domains/public
2026-04-22 09:18:28.724 | INFO     | app.main:log_requests:49 - [239d46c6] → 200
2026-04-22 09:18:28.729 | INFO     | app.main:log_requests:47 - [23fc77c1] GET /v1/domains/public
2026-04-22 09:18:28.941 | INFO     | app.main:log_requests:49 - [23fc77c1] → 200
2026-04-22 09:19:00.767 | INFO     | app.main:log_requests:47 - [9b7e849b] GET /v1/domains/public
2026-04-22 09:19:01.278 | INFO     | app.main:log_requests:49 - [9b7e849b] → 200
2026-04-22 09:19:38.493 | INFO     | app.main:log_requests:47 - [dddb630a] GET /v1/domains/public
2026-04-22 09:19:39.016 | INFO     | app.main:log_requests:49 - [dddb630a] → 200
2026-04-22 09:20:20.379 | INFO     | app.main:log_requests:47 - [28ebada7] GET /v1/domains/public
2026-04-22 09:20:21.084 | INFO     | app.main:log_requests:49 - [28ebada7] → 200
2026-04-22 09:20:25.164 | INFO     | app.main:log_requests:47 - [090432b8] GET /v1/domains/public
2026-04-22 09:20:25.448 | INFO     | app.main:log_requests:49 - [090432b8] → 200
2026-04-22 09:20:25.450 | INFO     | app.main:log_requests:47 - [b3043da2] GET /v1/domains/public
2026-04-22 09:20:25.663 | INFO     | app.main:log_requests:49 - [b3043da2] → 200
2026-04-22 09:20:33.684 | INFO     | app.main:log_requests:47 - [989f9c98] GET /v1/domains/public
2026-04-22 09:20:34.149 | INFO     | app.main:log_requests:49 - [989f9c98] → 200
2026-04-22 09:20:34.151 | INFO     | app.main:log_requests:47 - [6f0d7f95] GET /v1/domains/public
2026-04-22 09:20:34.397 | INFO     | app.main:log_requests:49 - [6f0d7f95] → 200
2026-04-22 09:21:47.880 | INFO     | app.main:log_requests:47 - [97bd5e65] GET /v1/domains/public
2026-04-22 09:21:48.479 | INFO     | app.main:log_requests:49 - [97bd5e65] → 200
2026-04-22 09:26:04.271 | INFO     | app.main:log_requests:47 - [6cd8e312] OPTIONS /v1/domains
2026-04-22 09:26:04.274 | INFO     | app.main:log_requests:47 - [da583896] OPTIONS /v1/tasks
2026-04-22 09:26:04.275 | INFO     | app.main:log_requests:47 - [c76fa6a2] OPTIONS /v1/users
2026-04-22 09:26:04.276 | INFO     | app.main:log_requests:47 - [3ddafcb3] OPTIONS /v1/projects
2026-04-22 09:26:04.277 | INFO     | app.main:log_requests:49 - [6cd8e312] → 200
2026-04-22 09:26:04.279 | INFO     | app.main:log_requests:49 - [da583896] → 200
2026-04-22 09:26:04.284 | INFO     | app.main:log_requests:49 - [c76fa6a2] → 200
2026-04-22 09:26:04.288 | INFO     | app.main:log_requests:49 - [3ddafcb3] → 200
2026-04-22 09:26:04.291 | INFO     | app.main:log_requests:47 - [753b438d] GET /v1/domains
2026-04-22 09:26:04.297 | INFO     | app.main:log_requests:47 - [66c563b7] GET /v1/tasks
2026-04-22 09:26:04.302 | INFO     | app.main:log_requests:47 - [c881aea7] GET /v1/users
2026-04-22 09:26:04.303 | INFO     | app.main:log_requests:47 - [48b09a82] GET /v1/projects
2026-04-22 09:26:04.304 | INFO     | app.main:log_requests:49 - [753b438d] → 307
2026-04-22 09:26:04.307 | INFO     | app.main:log_requests:49 - [66c563b7] → 307
2026-04-22 09:26:04.313 | INFO     | app.main:log_requests:49 - [c881aea7] → 307
2026-04-22 09:26:04.315 | INFO     | app.main:log_requests:49 - [48b09a82] → 307
2026-04-22 09:26:04.324 | INFO     | app.main:log_requests:47 - [01995cd4] OPTIONS /v1/users/
2026-04-22 09:26:04.325 | INFO     | app.main:log_requests:47 - [4451c965] OPTIONS /v1/tasks/
2026-04-22 09:26:04.327 | INFO     | app.main:log_requests:47 - [285249ab] OPTIONS /v1/domains/
2026-04-22 09:26:04.329 | INFO     | app.main:log_requests:47 - [59abcd58] OPTIONS /v1/projects/
2026-04-22 09:26:04.330 | INFO     | app.main:log_requests:49 - [01995cd4] → 200
2026-04-22 09:26:04.332 | INFO     | app.main:log_requests:49 - [4451c965] → 200
2026-04-22 09:26:04.334 | INFO     | app.main:log_requests:49 - [285249ab] → 200
2026-04-22 09:26:04.336 | INFO     | app.main:log_requests:49 - [59abcd58] → 200
2026-04-22 09:26:04.341 | INFO     | app.main:log_requests:47 - [6ce0f3f7] GET /v1/domains/
2026-04-22 09:26:04.342 | INFO     | app.main:log_requests:47 - [084b5092] GET /v1/tasks/
2026-04-22 09:26:04.342 | INFO     | app.main:log_requests:47 - [e93987dc] GET /v1/users/
2026-04-22 09:26:04.346 | INFO     | app.main:log_requests:47 - [f61c2814] GET /v1/projects/
2026-04-22 09:26:04.349 | INFO     | app.main:log_requests:49 - [6ce0f3f7] → 401
2026-04-22 09:26:04.350 | INFO     | app.main:log_requests:49 - [084b5092] → 401
2026-04-22 09:26:04.353 | INFO     | app.main:log_requests:49 - [e93987dc] → 401
2026-04-22 09:26:04.358 | INFO     | app.main:log_requests:49 - [f61c2814] → 401
2026-04-22 09:26:05.490 | INFO     | app.main:log_requests:47 - [19b4716c] GET /v1/domains
2026-04-22 09:26:05.491 | INFO     | app.main:log_requests:49 - [19b4716c] → 307
2026-04-22 09:26:05.495 | INFO     | app.main:log_requests:47 - [eb0b3f61] GET /v1/tasks
2026-04-22 09:26:05.495 | INFO     | app.main:log_requests:49 - [eb0b3f61] → 307
2026-04-22 09:26:05.498 | INFO     | app.main:log_requests:47 - [e399dd40] GET /v1/users
2026-04-22 09:26:05.499 | INFO     | app.main:log_requests:49 - [e399dd40] → 307
2026-04-22 09:26:05.502 | INFO     | app.main:log_requests:47 - [7b138e02] GET /v1/domains/
2026-04-22 09:26:05.503 | INFO     | app.main:log_requests:47 - [4e7f1fcf] GET /v1/projects
2026-04-22 09:26:05.506 | INFO     | app.main:log_requests:47 - [091b2677] GET /v1/tasks/
2026-04-22 09:26:05.506 | INFO     | app.main:log_requests:49 - [7b138e02] → 401
2026-04-22 09:26:05.508 | INFO     | app.main:log_requests:49 - [4e7f1fcf] → 307
2026-04-22 09:26:05.510 | INFO     | app.main:log_requests:47 - [5a7a6553] GET /v1/users/
2026-04-22 09:26:05.516 | INFO     | app.main:log_requests:49 - [091b2677] → 401
2026-04-22 09:26:05.517 | INFO     | app.main:log_requests:47 - [59f01e9a] GET /v1/projects/
2026-04-22 09:26:05.518 | INFO     | app.main:log_requests:49 - [5a7a6553] → 401
2026-04-22 09:26:05.520 | INFO     | app.main:log_requests:49 - [59f01e9a] → 401
2026-04-22 09:26:06.524 | INFO     | app.main:log_requests:47 - [49930fa7] GET /v1/domains
2026-04-22 09:26:06.527 | INFO     | app.main:log_requests:49 - [49930fa7] → 307
2026-04-22 09:26:06.528 | INFO     | app.main:log_requests:47 - [51ced399] GET /v1/tasks
2026-04-22 09:26:06.531 | INFO     | app.main:log_requests:47 - [7bce663a] GET /v1/users
2026-04-22 09:26:06.533 | INFO     | app.main:log_requests:49 - [51ced399] → 307
2026-04-22 09:26:06.537 | INFO     | app.main:log_requests:49 - [7bce663a] → 307
2026-04-22 09:26:06.539 | INFO     | app.main:log_requests:47 - [a6857907] GET /v1/projects
2026-04-22 09:26:06.541 | INFO     | app.main:log_requests:47 - [d39639e6] GET /v1/domains/
2026-04-22 09:26:06.545 | INFO     | app.main:log_requests:47 - [f7ba748d] GET /v1/tasks/
2026-04-22 09:26:06.547 | INFO     | app.main:log_requests:49 - [a6857907] → 307
2026-04-22 09:26:06.549 | INFO     | app.main:log_requests:49 - [d39639e6] → 401
2026-04-22 09:26:06.553 | INFO     | app.main:log_requests:47 - [9bf6695f] GET /v1/users/
2026-04-22 09:26:06.555 | INFO     | app.main:log_requests:49 - [f7ba748d] → 401
2026-04-22 09:26:06.558 | INFO     | app.main:log_requests:49 - [9bf6695f] → 401
2026-04-22 09:26:06.562 | INFO     | app.main:log_requests:47 - [d6a0d889] GET /v1/projects/
2026-04-22 09:26:06.566 | INFO     | app.main:log_requests:49 - [d6a0d889] → 401
2026-04-22 09:26:07.540 | INFO     | app.main:log_requests:47 - [95fc0da9] GET /v1/tasks
2026-04-22 09:26:07.544 | INFO     | app.main:log_requests:47 - [002ea0b3] GET /v1/users
2026-04-22 09:26:07.545 | INFO     | app.main:log_requests:47 - [9681b4b9] GET /v1/projects
2026-04-22 09:26:07.545 | INFO     | app.main:log_requests:49 - [95fc0da9] → 307
2026-04-22 09:26:07.550 | INFO     | app.main:log_requests:49 - [002ea0b3] → 307
2026-04-22 09:26:07.553 | INFO     | app.main:log_requests:49 - [9681b4b9] → 307
2026-04-22 09:26:07.558 | INFO     | app.main:log_requests:47 - [7e7045fa] GET /v1/domains
2026-04-22 09:26:07.562 | INFO     | app.main:log_requests:47 - [7b5d1c0c] GET /v1/tasks/
2026-04-22 09:26:07.564 | INFO     | app.main:log_requests:47 - [215949a4] GET /v1/users/
2026-04-22 09:26:07.565 | INFO     | app.main:log_requests:49 - [7e7045fa] → 307
2026-04-22 09:26:07.573 | INFO     | app.main:log_requests:49 - [7b5d1c0c] → 401
2026-04-22 09:26:07.580 | INFO     | app.main:log_requests:49 - [215949a4] → 401
2026-04-22 09:26:07.582 | INFO     | app.main:log_requests:47 - [c33948c6] GET /v1/projects/
2026-04-22 09:26:07.585 | INFO     | app.main:log_requests:47 - [90d710a0] GET /v1/domains/
2026-04-22 09:26:07.587 | INFO     | app.main:log_requests:49 - [c33948c6] → 401
2026-04-22 09:26:07.595 | INFO     | app.main:log_requests:49 - [90d710a0] → 401
2026-04-22 09:26:31.365 | INFO     | app.main:log_requests:47 - [30ae9d16] GET /v1/tasks
2026-04-22 09:26:31.366 | INFO     | app.main:log_requests:49 - [30ae9d16] → 307
2026-04-22 09:26:31.387 | INFO     | app.main:log_requests:47 - [2dc9cd28] GET /v1/tasks/
2026-04-22 09:26:31.389 | INFO     | app.main:log_requests:49 - [2dc9cd28] → 401
2026-04-22 09:26:31.391 | INFO     | app.main:log_requests:47 - [27041a6b] GET /v1/domains
2026-04-22 09:26:31.392 | INFO     | app.main:log_requests:49 - [27041a6b] → 307
2026-04-22 09:26:31.394 | INFO     | app.main:log_requests:47 - [8c6ac637] GET /v1/projects
2026-04-22 09:26:31.397 | INFO     | app.main:log_requests:47 - [2089a10f] GET /v1/users
2026-04-22 09:26:31.398 | INFO     | app.main:log_requests:49 - [8c6ac637] → 307
2026-04-22 09:26:31.402 | INFO     | app.main:log_requests:49 - [2089a10f] → 307
2026-04-22 09:26:31.406 | INFO     | app.main:log_requests:47 - [c1dc5eed] GET /v1/domains/
2026-04-22 09:26:31.411 | INFO     | app.main:log_requests:49 - [c1dc5eed] → 401
2026-04-22 09:26:31.415 | INFO     | app.main:log_requests:47 - [be808666] GET /v1/projects/
2026-04-22 09:26:31.416 | INFO     | app.main:log_requests:47 - [e7f4995f] GET /v1/users/
2026-04-22 09:26:31.417 | INFO     | app.main:log_requests:49 - [be808666] → 401
2026-04-22 09:26:31.421 | INFO     | app.main:log_requests:49 - [e7f4995f] → 401
2026-04-22 09:26:32.466 | INFO     | app.main:log_requests:47 - [89c90236] GET /v1/domains
2026-04-22 09:26:32.480 | INFO     | app.main:log_requests:47 - [1c6d38bb] GET /v1/users
2026-04-22 09:26:32.482 | INFO     | app.main:log_requests:47 - [6585c180] GET /v1/projects
2026-04-22 09:26:32.486 | INFO     | app.main:log_requests:47 - [098af708] GET /v1/tasks
2026-04-22 09:26:32.486 | INFO     | app.main:log_requests:49 - [89c90236] → 307
2026-04-22 09:26:32.489 | INFO     | app.main:log_requests:49 - [1c6d38bb] → 307
2026-04-22 09:26:32.499 | INFO     | app.main:log_requests:49 - [6585c180] → 307
2026-04-22 09:26:32.504 | INFO     | app.main:log_requests:49 - [098af708] → 307
2026-04-22 09:26:32.531 | INFO     | app.main:log_requests:47 - [47378b12] GET /v1/domains/
2026-04-22 09:26:32.545 | INFO     | app.main:log_requests:47 - [4aa4179c] GET /v1/projects/
2026-04-22 09:26:32.546 | INFO     | app.main:log_requests:47 - [c323b922] GET /v1/tasks/
2026-04-22 09:26:32.547 | INFO     | app.main:log_requests:47 - [cd864136] GET /v1/users/
2026-04-22 09:26:32.559 | INFO     | app.main:log_requests:49 - [47378b12] → 401
2026-04-22 09:26:32.562 | INFO     | app.main:log_requests:49 - [4aa4179c] → 401
2026-04-22 09:26:32.573 | INFO     | app.main:log_requests:49 - [c323b922] → 401
2026-04-22 09:26:32.582 | INFO     | app.main:log_requests:49 - [cd864136] → 401
2026-04-22 09:26:33.582 | INFO     | app.main:log_requests:47 - [51303956] GET /v1/domains
2026-04-22 09:26:33.586 | INFO     | app.main:log_requests:49 - [51303956] → 307
2026-04-22 09:26:33.596 | INFO     | app.main:log_requests:47 - [b34e8b92] GET /v1/domains/
2026-04-22 09:26:33.604 | INFO     | app.main:log_requests:49 - [b34e8b92] → 401
2026-04-22 09:26:33.617 | INFO     | app.main:log_requests:47 - [b29213eb] GET /v1/projects
2026-04-22 09:26:33.619 | INFO     | app.main:log_requests:47 - [dd0439ea] GET /v1/tasks
2026-04-22 09:26:33.620 | INFO     | app.main:log_requests:49 - [b29213eb] → 307
2026-04-22 09:26:33.628 | INFO     | app.main:log_requests:49 - [dd0439ea] → 307
2026-04-22 09:26:33.632 | INFO     | app.main:log_requests:47 - [7f389407] GET /v1/users
2026-04-22 09:26:33.638 | INFO     | app.main:log_requests:49 - [7f389407] → 307
2026-04-22 09:26:33.644 | INFO     | app.main:log_requests:47 - [9f1ed6fc] GET /v1/projects/
2026-04-22 09:26:33.651 | INFO     | app.main:log_requests:47 - [bc11864b] GET /v1/tasks/
2026-04-22 09:26:33.665 | INFO     | app.main:log_requests:49 - [9f1ed6fc] → 401
2026-04-22 09:26:33.699 | INFO     | app.main:log_requests:49 - [bc11864b] → 401
2026-04-22 09:26:33.726 | INFO     | app.main:log_requests:47 - [139a664c] GET /v1/users/
2026-04-22 09:26:33.747 | INFO     | app.main:log_requests:49 - [139a664c] → 401
2026-04-22 09:26:34.682 | INFO     | app.main:log_requests:47 - [e179e46c] GET /v1/projects
2026-04-22 09:26:34.685 | INFO     | app.main:log_requests:47 - [b333e3c7] GET /v1/users
2026-04-22 09:26:34.687 | INFO     | app.main:log_requests:47 - [d78840df] GET /v1/tasks
2026-04-22 09:26:34.688 | INFO     | app.main:log_requests:49 - [e179e46c] → 307
2026-04-22 09:26:34.690 | INFO     | app.main:log_requests:47 - [9a35f5c6] GET /v1/domains
2026-04-22 09:26:34.693 | INFO     | app.main:log_requests:49 - [b333e3c7] → 307
2026-04-22 09:26:34.694 | INFO     | app.main:log_requests:49 - [d78840df] → 307
2026-04-22 09:26:34.697 | INFO     | app.main:log_requests:49 - [9a35f5c6] → 307
2026-04-22 09:26:34.709 | INFO     | app.main:log_requests:47 - [22200ab6] GET /v1/projects/
2026-04-22 09:26:34.713 | INFO     | app.main:log_requests:47 - [b407e5a3] GET /v1/domains/
2026-04-22 09:26:34.714 | INFO     | app.main:log_requests:47 - [b7c070b9] GET /v1/tasks/
2026-04-22 09:26:34.714 | INFO     | app.main:log_requests:47 - [7a89bab7] GET /v1/users/
2026-04-22 09:26:34.718 | INFO     | app.main:log_requests:49 - [22200ab6] → 401
2026-04-22 09:26:34.721 | INFO     | app.main:log_requests:49 - [b407e5a3] → 401
2026-04-22 09:26:34.725 | INFO     | app.main:log_requests:49 - [b7c070b9] → 401
2026-04-22 09:26:34.728 | INFO     | app.main:log_requests:49 - [7a89bab7] → 401
2026-04-22 09:43:13.164 | INFO     | app.main:log_requests:47 - [e3cd6779] GET /
2026-04-22 09:43:13.166 | INFO     | app.main:log_requests:49 - [e3cd6779] → 200
2026-04-22 09:43:13.226 | INFO     | app.main:log_requests:47 - [23d426f2] GET /favicon.ico
2026-04-22 09:43:13.228 | INFO     | app.main:log_requests:49 - [23d426f2] → 404
2026-04-22 09:45:13.902 | INFO     | app.main:log_requests:47 - [0fed9d8d] GET /
2026-04-22 09:45:13.905 | INFO     | app.main:log_requests:49 - [0fed9d8d] → 200
2026-04-22 09:56:02.572 | INFO     | app.main:log_requests:47 - [654f640f] GET /v1/users/me
2026-04-22 09:56:03.669 | INFO     | app.main:log_requests:49 - [654f640f] → 200
2026-04-22 09:57:31.316 | INFO     | app.main:log_requests:47 - [e4c8ac07] OPTIONS /v1/users/me
2026-04-22 09:57:31.316 | INFO     | app.main:log_requests:49 - [e4c8ac07] → 200
2026-04-22 09:57:31.319 | INFO     | app.main:log_requests:47 - [cc37ce75] GET /v1/users/me
2026-04-22 09:57:32.177 | INFO     | app.main:log_requests:49 - [cc37ce75] → 200
2026-04-22 09:57:32.484 | INFO     | app.main:log_requests:47 - [93ecc62f] OPTIONS /v1/domains
2026-04-22 09:57:32.485 | INFO     | app.main:log_requests:49 - [93ecc62f] → 200
2026-04-22 09:57:32.489 | INFO     | app.main:log_requests:47 - [1e2519fc] GET /v1/domains
2026-04-22 09:57:32.489 | INFO     | app.main:log_requests:49 - [1e2519fc] → 307
2026-04-22 09:57:32.492 | INFO     | app.main:log_requests:47 - [aac6dabe] OPTIONS /v1/tasks
2026-04-22 09:57:32.494 | INFO     | app.main:log_requests:47 - [0edd9769] OPTIONS /v1/domains/
2026-04-22 09:57:32.494 | INFO     | app.main:log_requests:49 - [aac6dabe] → 200
2026-04-22 09:57:32.495 | INFO     | app.main:log_requests:49 - [0edd9769] → 200
2026-04-22 09:57:32.497 | INFO     | app.main:log_requests:47 - [fa651e4d] GET /v1/domains/
2026-04-22 09:57:33.246 | INFO     | app.main:log_requests:47 - [34be3a8f] GET /v1/tasks
2026-04-22 09:57:33.247 | INFO     | app.main:log_requests:49 - [fa651e4d] → 200
2026-04-22 09:57:33.249 | INFO     | app.main:log_requests:49 - [34be3a8f] → 307
2026-04-22 09:57:33.250 | INFO     | app.main:log_requests:47 - [2cf86092] OPTIONS /v1/projects
2026-04-22 09:57:33.251 | INFO     | app.main:log_requests:47 - [ce760d01] OPTIONS /v1/users
2026-04-22 09:57:33.251 | INFO     | app.main:log_requests:49 - [2cf86092] → 200
2026-04-22 09:57:33.251 | INFO     | app.main:log_requests:49 - [ce760d01] → 200
2026-04-22 09:57:33.259 | INFO     | app.main:log_requests:47 - [3c00133b] GET /v1/projects
2026-04-22 09:57:33.260 | INFO     | app.main:log_requests:47 - [f54a18c6] GET /v1/users
2026-04-22 09:57:33.260 | INFO     | app.main:log_requests:49 - [3c00133b] → 307
2026-04-22 09:57:33.262 | INFO     | app.main:log_requests:49 - [f54a18c6] → 307
2026-04-22 09:57:33.269 | INFO     | app.main:log_requests:47 - [1650428d] OPTIONS /v1/tasks/
2026-04-22 09:57:33.271 | INFO     | app.main:log_requests:47 - [a5aedce5] OPTIONS /v1/users/
2026-04-22 09:57:33.271 | INFO     | app.main:log_requests:47 - [bd4f6ea8] OPTIONS /v1/projects/
2026-04-22 09:57:33.271 | INFO     | app.main:log_requests:49 - [1650428d] → 200
2026-04-22 09:57:33.272 | INFO     | app.main:log_requests:49 - [a5aedce5] → 200
2026-04-22 09:57:33.273 | INFO     | app.main:log_requests:49 - [bd4f6ea8] → 200
2026-04-22 09:57:33.274 | INFO     | app.main:log_requests:47 - [7e978547] GET /v1/tasks/
2026-04-22 09:57:35.390 | INFO     | app.main:log_requests:47 - [6752866b] GET /v1/users/
2026-04-22 09:57:35.391 | INFO     | app.main:log_requests:49 - [7e978547] → 200
2026-04-22 09:57:36.121 | INFO     | app.main:log_requests:47 - [20e1b594] GET /v1/projects/
2026-04-22 09:57:37.225 | INFO     | app.main:log_requests:49 - [6752866b] → 200
2026-04-22 09:57:37.245 | INFO     | app.main:log_requests:49 - [20e1b594] → 200
2026-04-22 09:57:55.307 | INFO     | app.main:log_requests:47 - [95ab9ada] GET /v1/users/me
2026-04-22 09:57:56.117 | INFO     | app.main:log_requests:49 - [95ab9ada] → 200
2026-04-22 09:57:56.119 | INFO     | app.main:log_requests:47 - [4a2929bb] GET /v1/users/me
2026-04-22 09:57:56.568 | INFO     | app.main:log_requests:49 - [4a2929bb] → 200
2026-04-22 09:57:56.569 | INFO     | app.main:log_requests:47 - [f10d4b3f] GET /v1/domains
2026-04-22 09:57:56.570 | INFO     | app.main:log_requests:49 - [f10d4b3f] → 307
2026-04-22 09:57:56.571 | INFO     | app.main:log_requests:47 - [0df3a722] GET /v1/users
2026-04-22 09:57:56.572 | INFO     | app.main:log_requests:47 - [9b3562b7] GET /v1/projects
2026-04-22 09:57:56.572 | INFO     | app.main:log_requests:47 - [c85cfceb] GET /v1/tasks
2026-04-22 09:57:56.574 | INFO     | app.main:log_requests:49 - [0df3a722] → 307
2026-04-22 09:57:56.574 | INFO     | app.main:log_requests:49 - [9b3562b7] → 307
2026-04-22 09:57:56.575 | INFO     | app.main:log_requests:49 - [c85cfceb] → 307
2026-04-22 09:57:56.580 | INFO     | app.main:log_requests:47 - [f7de8cbf] GET /v1/domains/
2026-04-22 09:57:57.255 | INFO     | app.main:log_requests:49 - [f7de8cbf] → 200
2026-04-22 09:57:57.266 | INFO     | app.main:log_requests:47 - [ca11922e] GET /v1/projects/
2026-04-22 09:57:57.266 | INFO     | app.main:log_requests:47 - [e15f34ac] GET /v1/tasks/
2026-04-22 09:57:57.266 | INFO     | app.main:log_requests:47 - [887cb857] GET /v1/users/
2026-04-22 09:58:00.327 | INFO     | app.main:log_requests:49 - [ca11922e] → 200
2026-04-22 09:58:00.328 | INFO     | app.main:log_requests:49 - [e15f34ac] → 200
2026-04-22 09:58:00.329 | INFO     | app.main:log_requests:49 - [887cb857] → 200
2026-04-22 09:58:11.358 | INFO     | app.main:log_requests:47 - [8658471d] GET /v1/users/me
2026-04-22 09:58:12.083 | INFO     | app.main:log_requests:49 - [8658471d] → 200
2026-04-22 09:58:12.124 | INFO     | app.main:log_requests:47 - [a113c690] GET /v1/domains
2026-04-22 09:58:12.125 | INFO     | app.main:log_requests:49 - [a113c690] → 307
2026-04-22 09:58:12.126 | INFO     | app.main:log_requests:47 - [6f56f25e] GET /v1/tasks
2026-04-22 09:58:12.127 | INFO     | app.main:log_requests:49 - [6f56f25e] → 307
2026-04-22 09:58:12.128 | INFO     | app.main:log_requests:47 - [5962db90] GET /v1/projects
2026-04-22 09:58:12.129 | INFO     | app.main:log_requests:49 - [5962db90] → 307
2026-04-22 09:58:12.131 | INFO     | app.main:log_requests:47 - [ab8403cc] GET /v1/users
2026-04-22 09:58:12.134 | INFO     | app.main:log_requests:47 - [3d865721] GET /v1/domains/
2026-04-22 09:58:12.135 | INFO     | app.main:log_requests:49 - [ab8403cc] → 307
2026-04-22 09:58:12.810 | INFO     | app.main:log_requests:49 - [3d865721] → 200
2026-04-22 09:58:12.811 | INFO     | app.main:log_requests:47 - [6206ee7b] GET /v1/tasks/
2026-04-22 09:58:14.661 | INFO     | app.main:log_requests:49 - [6206ee7b] → 200
2026-04-22 09:58:14.662 | INFO     | app.main:log_requests:47 - [249154bb] GET /v1/users/
2026-04-22 09:58:14.662 | INFO     | app.main:log_requests:47 - [391d1a39] GET /v1/projects/
2026-04-22 09:58:15.987 | INFO     | app.main:log_requests:49 - [249154bb] → 200
2026-04-22 09:58:15.987 | INFO     | app.main:log_requests:49 - [391d1a39] → 200
2026-04-22 09:59:12.505 | INFO     | app.main:log_requests:47 - [e4d339a4] OPTIONS /v1/users/me
2026-04-22 09:59:12.507 | INFO     | app.main:log_requests:49 - [e4d339a4] → 200
2026-04-22 09:59:12.517 | INFO     | app.main:log_requests:47 - [2d0c1c71] GET /v1/users/me
2026-04-22 09:59:13.387 | INFO     | app.main:log_requests:49 - [2d0c1c71] → 200
2026-04-22 09:59:13.627 | INFO     | app.main:log_requests:47 - [f0f863f2] OPTIONS /v1/domains
2026-04-22 09:59:13.629 | INFO     | app.main:log_requests:49 - [f0f863f2] → 200
2026-04-22 09:59:13.637 | INFO     | app.main:log_requests:47 - [c5c9b3bd] GET /v1/domains
2026-04-22 09:59:13.639 | INFO     | app.main:log_requests:49 - [c5c9b3bd] → 307
2026-04-22 09:59:13.649 | INFO     | app.main:log_requests:47 - [ec543ecd] OPTIONS /v1/tasks
2026-04-22 09:59:13.651 | INFO     | app.main:log_requests:49 - [ec543ecd] → 200
2026-04-22 09:59:13.660 | INFO     | app.main:log_requests:47 - [b03231ae] GET /v1/tasks
2026-04-22 09:59:13.661 | INFO     | app.main:log_requests:49 - [b03231ae] → 307
2026-04-22 09:59:13.698 | INFO     | app.main:log_requests:47 - [1efc4e76] OPTIONS /v1/domains/
2026-04-22 09:59:13.700 | INFO     | app.main:log_requests:47 - [164a4487] OPTIONS /v1/tasks/
2026-04-22 09:59:13.702 | INFO     | app.main:log_requests:49 - [1efc4e76] → 200
2026-04-22 09:59:13.703 | INFO     | app.main:log_requests:49 - [164a4487] → 200
2026-04-22 09:59:13.707 | INFO     | app.main:log_requests:47 - [0ecb2a5a] GET /v1/domains/
2026-04-22 09:59:14.432 | INFO     | app.main:log_requests:47 - [c0b22cb8] GET /v1/tasks/
2026-04-22 09:59:16.118 | INFO     | app.main:log_requests:49 - [0ecb2a5a] → 200
2026-04-22 09:59:16.124 | INFO     | app.main:log_requests:49 - [c0b22cb8] → 200
2026-04-22 09:59:16.134 | INFO     | app.main:log_requests:47 - [495e04a9] OPTIONS /v1/users
2026-04-22 09:59:16.140 | INFO     | app.main:log_requests:47 - [313c8703] OPTIONS /v1/projects
2026-04-22 09:59:16.152 | INFO     | app.main:log_requests:49 - [495e04a9] → 200
2026-04-22 09:59:16.163 | INFO     | app.main:log_requests:49 - [313c8703] → 200
2026-04-22 09:59:16.178 | INFO     | app.main:log_requests:47 - [afc32fe7] GET /v1/users
2026-04-22 09:59:16.183 | INFO     | app.main:log_requests:47 - [e9a7adb9] GET /v1/projects
2026-04-22 09:59:16.187 | INFO     | app.main:log_requests:49 - [afc32fe7] → 307
2026-04-22 09:59:16.195 | INFO     | app.main:log_requests:49 - [e9a7adb9] → 307
2026-04-22 09:59:18.537 | INFO     | app.main:log_requests:47 - [bc958ecb] OPTIONS /v1/users/
2026-04-22 09:59:18.538 | INFO     | app.main:log_requests:47 - [de50d580] OPTIONS /v1/projects/
2026-04-22 09:59:18.538 | INFO     | app.main:log_requests:49 - [bc958ecb] → 200
2026-04-22 09:59:18.541 | INFO     | app.main:log_requests:49 - [de50d580] → 200
2026-04-22 09:59:18.547 | INFO     | app.main:log_requests:47 - [0abe6993] GET /v1/users/
2026-04-22 09:59:19.635 | INFO     | app.main:log_requests:49 - [0abe6993] → 200
2026-04-22 09:59:19.636 | INFO     | app.main:log_requests:47 - [28310d4c] GET /v1/projects/
2026-04-22 09:59:20.430 | INFO     | app.main:log_requests:49 - [28310d4c] → 200
2026-04-22 10:00:01.318 | INFO     | app.main:log_requests:47 - [8a3a709f] GET /v1/domains
2026-04-22 10:00:01.321 | INFO     | app.main:log_requests:47 - [c23b1282] GET /v1/projects
2026-04-22 10:00:01.322 | INFO     | app.main:log_requests:47 - [d6040efa] GET /v1/tasks
2026-04-22 10:00:01.322 | INFO     | app.main:log_requests:47 - [3648121c] GET /v1/users
2026-04-22 10:00:01.322 | INFO     | app.main:log_requests:49 - [8a3a709f] → 307
2026-04-22 10:00:01.325 | INFO     | app.main:log_requests:49 - [c23b1282] → 307
2026-04-22 10:00:01.327 | INFO     | app.main:log_requests:49 - [d6040efa] → 307
2026-04-22 10:00:01.327 | INFO     | app.main:log_requests:49 - [3648121c] → 307
2026-04-22 10:00:01.336 | INFO     | app.main:log_requests:47 - [c02082a8] GET /v1/domains/
2026-04-22 10:00:02.391 | INFO     | app.main:log_requests:47 - [96aedb6f] GET /v1/tasks/
2026-04-22 10:00:02.392 | INFO     | app.main:log_requests:47 - [862617d8] GET /v1/users/
2026-04-22 10:00:02.392 | INFO     | app.main:log_requests:47 - [99a256eb] GET /v1/projects/
2026-04-22 10:00:05.884 | INFO     | app.main:log_requests:49 - [c02082a8] → 200
2026-04-22 10:00:05.885 | INFO     | app.main:log_requests:49 - [96aedb6f] → 200
2026-04-22 10:00:05.886 | INFO     | app.main:log_requests:49 - [862617d8] → 200
2026-04-22 10:00:05.887 | INFO     | app.main:log_requests:49 - [99a256eb] → 200
2026-04-22 10:02:48.637 | INFO     | app.main:log_requests:47 - [7e80ff93] OPTIONS /v1/domains/dddddddd-0000-0000-0000-000000000004
2026-04-22 10:02:48.637 | INFO     | app.main:log_requests:47 - [6f43d6f6] OPTIONS /v1/projects
2026-04-22 10:02:48.638 | INFO     | app.main:log_requests:47 - [1f25b40b] OPTIONS /v1/tasks
2026-04-22 10:02:48.638 | INFO     | app.main:log_requests:49 - [7e80ff93] → 200
2026-04-22 10:02:48.639 | INFO     | app.main:log_requests:49 - [6f43d6f6] → 200
2026-04-22 10:02:48.640 | INFO     | app.main:log_requests:49 - [1f25b40b] → 200
2026-04-22 10:02:48.640 | INFO     | app.main:log_requests:47 - [f8b9f849] GET /v1/domains/dddddddd-0000-0000-0000-000000000004
2026-04-22 10:02:51.172 | INFO     | app.main:log_requests:49 - [f8b9f849] → 200
2026-04-22 10:02:51.174 | INFO     | app.main:log_requests:47 - [e4a1071c] GET /v1/tasks
2026-04-22 10:02:51.174 | INFO     | app.main:log_requests:47 - [4d7ddbf9] GET /v1/projects
2026-04-22 10:02:51.175 | INFO     | app.main:log_requests:49 - [e4a1071c] → 307
2026-04-22 10:02:51.176 | INFO     | app.main:log_requests:49 - [4d7ddbf9] → 307
2026-04-22 10:02:51.183 | INFO     | app.main:log_requests:47 - [e694cfea] OPTIONS /v1/tasks/
2026-04-22 10:02:51.184 | INFO     | app.main:log_requests:47 - [47d06c04] OPTIONS /v1/projects/
2026-04-22 10:02:51.184 | INFO     | app.main:log_requests:49 - [e694cfea] → 200
2026-04-22 10:02:51.185 | INFO     | app.main:log_requests:49 - [47d06c04] → 200
2026-04-22 10:02:51.187 | INFO     | app.main:log_requests:47 - [0434a088] GET /v1/tasks/
2026-04-22 10:02:54.019 | INFO     | app.main:log_requests:47 - [bce60628] GET /v1/projects/
2026-04-22 10:02:54.707 | INFO     | app.main:log_requests:49 - [0434a088] → 200
2026-04-22 10:02:54.708 | INFO     | app.main:log_requests:49 - [bce60628] → 200
2026-04-22 10:03:12.128 | INFO     | app.main:log_requests:47 - [bef4d017] GET /v1/users/me
2026-04-22 10:03:12.826 | INFO     | app.main:log_requests:49 - [bef4d017] → 200
2026-04-22 10:03:12.832 | INFO     | app.main:log_requests:47 - [739b5077] GET /v1/users/me
2026-04-22 10:03:13.431 | INFO     | app.main:log_requests:49 - [739b5077] → 200
2026-04-22 10:03:13.434 | INFO     | app.main:log_requests:47 - [c7227462] GET /v1/tasks
2026-04-22 10:03:13.435 | INFO     | app.main:log_requests:47 - [cbdf8fac] GET /v1/projects
2026-04-22 10:03:13.435 | INFO     | app.main:log_requests:47 - [e0b8d6fa] GET /v1/domains
2026-04-22 10:03:13.435 | INFO     | app.main:log_requests:47 - [42d0eebc] GET /v1/users
2026-04-22 10:03:13.437 | INFO     | app.main:log_requests:49 - [c7227462] → 307
2026-04-22 10:03:13.438 | INFO     | app.main:log_requests:49 - [cbdf8fac] → 307
2026-04-22 10:03:13.438 | INFO     | app.main:log_requests:49 - [e0b8d6fa] → 307
2026-04-22 10:03:13.439 | INFO     | app.main:log_requests:49 - [42d0eebc] → 307
2026-04-22 10:03:13.464 | INFO     | app.main:log_requests:47 - [d874015e] GET /v1/tasks/
2026-04-22 10:03:17.301 | INFO     | app.main:log_requests:47 - [1f016da4] GET /v1/users/
2026-04-22 10:03:17.302 | INFO     | app.main:log_requests:47 - [883f0f9f] GET /v1/domains/
2026-04-22 10:03:17.302 | INFO     | app.main:log_requests:47 - [6513f09f] GET /v1/projects/
2026-04-22 10:03:17.303 | INFO     | app.main:log_requests:49 - [d874015e] → 200
2026-04-22 10:03:20.064 | INFO     | app.main:log_requests:49 - [1f016da4] → 200
2026-04-22 10:03:20.066 | INFO     | app.main:log_requests:49 - [883f0f9f] → 200
2026-04-22 10:03:20.067 | INFO     | app.main:log_requests:49 - [6513f09f] → 200
2026-04-22 10:06:03.176 | INFO     | app.main:log_requests:47 - [7cfd29e3] OPTIONS /v1/domains/dddddddd-0000-0000-0000-000000000001
2026-04-22 10:06:03.177 | INFO     | app.main:log_requests:47 - [34f2e7bb] OPTIONS /v1/projects
2026-04-22 10:06:03.177 | INFO     | app.main:log_requests:47 - [5d1b50c0] OPTIONS /v1/tasks
2026-04-22 10:06:03.177 | INFO     | app.main:log_requests:49 - [7cfd29e3] → 200
2026-04-22 10:06:03.178 | INFO     | app.main:log_requests:49 - [34f2e7bb] → 200
2026-04-22 10:06:03.179 | INFO     | app.main:log_requests:49 - [5d1b50c0] → 200
2026-04-22 10:06:03.180 | INFO     | app.main:log_requests:47 - [3232499a] GET /v1/domains/dddddddd-0000-0000-0000-000000000001
2026-04-22 10:06:04.463 | INFO     | app.main:log_requests:49 - [3232499a] → 200
2026-04-22 10:06:04.465 | INFO     | app.main:log_requests:47 - [ef47aa2b] GET /v1/projects
2026-04-22 10:06:04.465 | INFO     | app.main:log_requests:47 - [67c528cb] GET /v1/tasks
2026-04-22 10:06:04.466 | INFO     | app.main:log_requests:49 - [ef47aa2b] → 307
2026-04-22 10:06:04.467 | INFO     | app.main:log_requests:49 - [67c528cb] → 307
2026-04-22 10:06:04.481 | INFO     | app.main:log_requests:47 - [4ec24557] OPTIONS /v1/projects/
2026-04-22 10:06:04.483 | INFO     | app.main:log_requests:47 - [91697983] OPTIONS /v1/tasks/
2026-04-22 10:06:04.483 | INFO     | app.main:log_requests:49 - [4ec24557] → 200
2026-04-22 10:06:04.483 | INFO     | app.main:log_requests:49 - [91697983] → 200
2026-04-22 10:06:04.485 | INFO     | app.main:log_requests:47 - [5c51658b] GET /v1/projects/
2026-04-22 10:06:05.165 | INFO     | app.main:log_requests:47 - [41e9b02d] GET /v1/tasks/
2026-04-22 10:06:06.974 | INFO     | app.main:log_requests:49 - [5c51658b] → 200
2026-04-22 10:06:06.975 | INFO     | app.main:log_requests:49 - [41e9b02d] → 200
2026-04-22 10:06:11.451 | INFO     | app.main:log_requests:47 - [b1eb4a4d] GET /v1/users/me
2026-04-22 10:06:12.029 | INFO     | app.main:log_requests:49 - [b1eb4a4d] → 200
2026-04-22 10:06:12.032 | INFO     | app.main:log_requests:47 - [9e6ae1a0] GET /v1/users/me
2026-04-22 10:06:13.837 | INFO     | app.main:log_requests:49 - [9e6ae1a0] → 200
2026-04-22 10:06:13.838 | INFO     | app.main:log_requests:47 - [f4ea33d1] GET /v1/tasks
2026-04-22 10:06:13.840 | INFO     | app.main:log_requests:47 - [31babf9d] GET /v1/domains
2026-04-22 10:06:13.842 | INFO     | app.main:log_requests:49 - [f4ea33d1] → 307
2026-04-22 10:06:13.843 | INFO     | app.main:log_requests:49 - [31babf9d] → 307
2026-04-22 10:06:13.844 | INFO     | app.main:log_requests:47 - [c282cb08] GET /v1/users
2026-04-22 10:06:13.844 | INFO     | app.main:log_requests:47 - [a2bca020] GET /v1/projects
2026-04-22 10:06:13.845 | INFO     | app.main:log_requests:49 - [c282cb08] → 307
2026-04-22 10:06:13.846 | INFO     | app.main:log_requests:49 - [a2bca020] → 307
2026-04-22 10:06:13.873 | INFO     | app.main:log_requests:47 - [01afa16f] GET /v1/tasks/
2026-04-22 10:06:15.383 | INFO     | app.main:log_requests:47 - [d3a95612] GET /v1/domains/
2026-04-22 10:06:16.031 | INFO     | app.main:log_requests:47 - [adce8a76] GET /v1/projects/
2026-04-22 10:06:16.032 | INFO     | app.main:log_requests:47 - [0a37f1bf] GET /v1/users/
2026-04-22 10:06:16.032 | INFO     | app.main:log_requests:49 - [01afa16f] → 200
2026-04-22 10:06:17.346 | INFO     | app.main:log_requests:49 - [d3a95612] → 200
2026-04-22 10:06:17.348 | INFO     | app.main:log_requests:49 - [adce8a76] → 200
2026-04-22 10:06:17.348 | INFO     | app.main:log_requests:49 - [0a37f1bf] → 200
2026-04-22 10:06:36.030 | INFO     | app.main:log_requests:47 - [6940e294] GET /v1/users/me
2026-04-22 10:06:36.689 | INFO     | app.main:log_requests:49 - [6940e294] → 200
2026-04-22 10:06:36.722 | INFO     | app.main:log_requests:47 - [b38eef55] GET /v1/domains
2026-04-22 10:06:36.723 | INFO     | app.main:log_requests:49 - [b38eef55] → 307
2026-04-22 10:06:36.725 | INFO     | app.main:log_requests:47 - [83738e2f] GET /v1/tasks
2026-04-22 10:06:36.726 | INFO     | app.main:log_requests:47 - [554197da] GET /v1/projects
2026-04-22 10:06:36.727 | INFO     | app.main:log_requests:49 - [83738e2f] → 307
2026-04-22 10:06:36.728 | INFO     | app.main:log_requests:49 - [554197da] → 307
2026-04-22 10:06:36.730 | INFO     | app.main:log_requests:47 - [2a0f7a91] GET /v1/users
2026-04-22 10:06:36.732 | INFO     | app.main:log_requests:47 - [e4b2acf7] GET /v1/domains/
2026-04-22 10:06:36.732 | INFO     | app.main:log_requests:49 - [2a0f7a91] → 307
2026-04-22 10:06:37.377 | INFO     | app.main:log_requests:49 - [e4b2acf7] → 200
2026-04-22 10:06:37.378 | INFO     | app.main:log_requests:47 - [814c70a4] GET /v1/tasks/
2026-04-22 10:06:39.357 | INFO     | app.main:log_requests:49 - [814c70a4] → 200
2026-04-22 10:06:39.357 | INFO     | app.main:log_requests:47 - [7dd229e3] GET /v1/users/
2026-04-22 10:06:39.358 | INFO     | app.main:log_requests:47 - [c47792cd] GET /v1/projects/
2026-04-22 10:06:40.679 | INFO     | app.main:log_requests:49 - [7dd229e3] → 200
2026-04-22 10:06:40.680 | INFO     | app.main:log_requests:49 - [c47792cd] → 200
2026-04-22 10:06:43.646 | INFO     | app.main:log_requests:47 - [58b71624] GET /v1/domains
2026-04-22 10:06:43.647 | INFO     | app.main:log_requests:49 - [58b71624] → 307
2026-04-22 10:06:43.651 | INFO     | app.main:log_requests:47 - [f71879d7] GET /v1/domains/
2026-04-22 10:06:44.327 | INFO     | app.main:log_requests:49 - [f71879d7] → 200
2026-04-22 10:06:59.668 | INFO     | app.main:log_requests:47 - [d9290dca] GET /v1/users/me
2026-04-22 10:07:00.365 | INFO     | app.main:log_requests:49 - [d9290dca] → 200
2026-04-22 10:07:00.367 | INFO     | app.main:log_requests:47 - [f1a3a9af] GET /v1/users/me
2026-04-22 10:07:00.785 | INFO     | app.main:log_requests:49 - [f1a3a9af] → 200
2026-04-22 10:07:00.787 | INFO     | app.main:log_requests:47 - [765b5a44] GET /v1/domains
2026-04-22 10:07:00.787 | INFO     | app.main:log_requests:49 - [765b5a44] → 307
2026-04-22 10:07:00.787 | INFO     | app.main:log_requests:47 - [a410d239] GET /v1/users
2026-04-22 10:07:00.788 | INFO     | app.main:log_requests:47 - [50d93cf2] GET /v1/projects
2026-04-22 10:07:00.788 | INFO     | app.main:log_requests:47 - [8b49c1d7] GET /v1/tasks
2026-04-22 10:07:00.789 | INFO     | app.main:log_requests:49 - [a410d239] → 307
2026-04-22 10:07:00.790 | INFO     | app.main:log_requests:49 - [50d93cf2] → 307
2026-04-22 10:07:00.790 | INFO     | app.main:log_requests:49 - [8b49c1d7] → 307
2026-04-22 10:07:01.031 | INFO     | app.main:log_requests:47 - [b64d9a16] GET /v1/domains/
2026-04-22 10:07:01.668 | INFO     | app.main:log_requests:49 - [b64d9a16] → 200
2026-04-22 10:07:01.668 | INFO     | app.main:log_requests:47 - [94e617ce] GET /v1/projects/
2026-04-22 10:07:01.670 | INFO     | app.main:log_requests:47 - [ab71f1c3] GET /v1/tasks/
2026-04-22 10:07:01.670 | INFO     | app.main:log_requests:47 - [ea1e2c26] GET /v1/users/
2026-04-22 10:07:04.451 | INFO     | app.main:log_requests:49 - [94e617ce] → 200
2026-04-22 10:07:04.451 | INFO     | app.main:log_requests:49 - [ab71f1c3] → 200
2026-04-22 10:07:04.452 | INFO     | app.main:log_requests:49 - [ea1e2c26] → 200
2026-04-22 10:07:08.381 | INFO     | app.main:log_requests:47 - [e4a5e0b1] GET /v1/users/me
2026-04-22 10:07:08.815 | INFO     | app.main:log_requests:49 - [e4a5e0b1] → 200
2026-04-22 10:07:08.822 | INFO     | app.main:log_requests:47 - [54582c68] GET /v1/users/me
2026-04-22 10:07:09.235 | INFO     | app.main:log_requests:49 - [54582c68] → 200
2026-04-22 10:07:10.527 | INFO     | app.main:log_requests:47 - [dcaf6034] GET /v1/domains
2026-04-22 10:07:10.529 | INFO     | app.main:log_requests:49 - [dcaf6034] → 307
2026-04-22 10:07:10.538 | INFO     | app.main:log_requests:47 - [e9033f71] GET /v1/domains/
2026-04-22 10:07:11.220 | INFO     | app.main:log_requests:49 - [e9033f71] → 200
2026-04-22 10:07:11.222 | INFO     | app.main:log_requests:47 - [110c3ace] GET /v1/projects
2026-04-22 10:07:11.223 | INFO     | app.main:log_requests:47 - [513f9414] GET /v1/users
2026-04-22 10:07:11.224 | INFO     | app.main:log_requests:47 - [6c0f1d31] GET /v1/tasks
2026-04-22 10:07:11.225 | INFO     | app.main:log_requests:49 - [110c3ace] → 307
2026-04-22 10:07:11.226 | INFO     | app.main:log_requests:49 - [513f9414] → 307
2026-04-22 10:07:11.226 | INFO     | app.main:log_requests:49 - [6c0f1d31] → 307
2026-04-22 10:07:11.407 | INFO     | app.main:log_requests:47 - [f3c507cc] GET /v1/projects/
2026-04-22 10:07:12.110 | INFO     | app.main:log_requests:47 - [93fabff6] GET /v1/tasks/
2026-04-22 10:07:12.110 | INFO     | app.main:log_requests:47 - [8299fdc5] GET /v1/users/
2026-04-22 10:07:14.353 | INFO     | app.main:log_requests:49 - [f3c507cc] → 200
2026-04-22 10:07:14.355 | INFO     | app.main:log_requests:49 - [93fabff6] → 200
2026-04-22 10:07:14.356 | INFO     | app.main:log_requests:49 - [8299fdc5] → 200
2026-04-22 10:07:49.052 | INFO     | app.main:log_requests:47 - [9dbfee6d] GET /v1/users/me
2026-04-22 10:07:49.891 | INFO     | app.main:log_requests:49 - [9dbfee6d] → 200
2026-04-22 10:07:49.892 | INFO     | app.main:log_requests:47 - [0dcf6fb1] GET /v1/users/me
2026-04-22 10:07:50.363 | INFO     | app.main:log_requests:49 - [0dcf6fb1] → 200
2026-04-22 10:07:50.363 | INFO     | app.main:log_requests:47 - [c14775ea] GET /v1/domains
2026-04-22 10:07:50.366 | INFO     | app.main:log_requests:49 - [c14775ea] → 307
2026-04-22 10:07:50.368 | INFO     | app.main:log_requests:47 - [af751113] GET /v1/tasks
2026-04-22 10:07:50.370 | INFO     | app.main:log_requests:47 - [9ba2f2eb] GET /v1/projects
2026-04-22 10:07:50.371 | INFO     | app.main:log_requests:49 - [af751113] → 307
2026-04-22 10:07:50.371 | INFO     | app.main:log_requests:49 - [9ba2f2eb] → 307
2026-04-22 10:07:50.374 | INFO     | app.main:log_requests:47 - [2985c789] GET /v1/users
2026-04-22 10:07:50.376 | INFO     | app.main:log_requests:49 - [2985c789] → 307
2026-04-22 10:07:51.147 | INFO     | app.main:log_requests:47 - [11f68315] GET /v1/domains/
2026-04-22 10:07:52.389 | INFO     | app.main:log_requests:47 - [6a4bd656] GET /v1/tasks/
2026-04-22 10:07:52.390 | INFO     | app.main:log_requests:49 - [11f68315] → 200
2026-04-22 10:07:54.052 | INFO     | app.main:log_requests:47 - [1133feff] GET /v1/users/
2026-04-22 10:07:54.053 | INFO     | app.main:log_requests:47 - [310d8d6c] GET /v1/projects/
2026-04-22 10:07:55.392 | INFO     | app.main:log_requests:49 - [6a4bd656] → 200
2026-04-22 10:07:55.393 | INFO     | app.main:log_requests:49 - [1133feff] → 200
2026-04-22 10:07:55.394 | INFO     | app.main:log_requests:49 - [310d8d6c] → 200
2026-04-22 10:09:22.410 | INFO     | app.main:log_requests:47 - [f112281b] OPTIONS /v1/domains
2026-04-22 10:09:22.411 | INFO     | app.main:log_requests:49 - [f112281b] → 200
2026-04-22 10:09:22.413 | INFO     | app.main:log_requests:47 - [1f25d450] OPTIONS /v1/tasks
2026-04-22 10:09:22.413 | INFO     | app.main:log_requests:49 - [1f25d450] → 200
2026-04-22 10:09:22.415 | INFO     | app.main:log_requests:47 - [bae18b1f] OPTIONS /v1/projects
2026-04-22 10:09:22.415 | INFO     | app.main:log_requests:49 - [bae18b1f] → 200
2026-04-22 10:09:22.417 | INFO     | app.main:log_requests:47 - [022e2bbd] OPTIONS /v1/users
2026-04-22 10:09:22.418 | INFO     | app.main:log_requests:49 - [022e2bbd] → 200
2026-04-22 10:09:22.420 | INFO     | app.main:log_requests:47 - [fb68ad85] GET /v1/domains
2026-04-22 10:09:22.420 | INFO     | app.main:log_requests:49 - [fb68ad85] → 307
2026-04-22 10:09:22.421 | INFO     | app.main:log_requests:47 - [6136cb43] GET /v1/tasks
2026-04-22 10:09:22.422 | INFO     | app.main:log_requests:49 - [6136cb43] → 307
2026-04-22 10:09:22.424 | INFO     | app.main:log_requests:47 - [7a6de343] GET /v1/projects
2026-04-22 10:09:22.424 | INFO     | app.main:log_requests:49 - [7a6de343] → 307
2026-04-22 10:09:22.427 | INFO     | app.main:log_requests:47 - [508e23d9] GET /v1/users
2026-04-22 10:09:22.427 | INFO     | app.main:log_requests:49 - [508e23d9] → 307
2026-04-22 10:09:22.429 | INFO     | app.main:log_requests:47 - [3b060650] OPTIONS /v1/domains/
2026-04-22 10:09:22.429 | INFO     | app.main:log_requests:47 - [af5284fb] OPTIONS /v1/tasks/
2026-04-22 10:09:22.429 | INFO     | app.main:log_requests:49 - [3b060650] → 200
2026-04-22 10:09:22.430 | INFO     | app.main:log_requests:49 - [af5284fb] → 200
2026-04-22 10:09:22.432 | INFO     | app.main:log_requests:47 - [8810e4a9] OPTIONS /v1/projects/
2026-04-22 10:09:22.433 | INFO     | app.main:log_requests:47 - [cad727a0] OPTIONS /v1/users/
2026-04-22 10:09:22.433 | INFO     | app.main:log_requests:49 - [8810e4a9] → 200
2026-04-22 10:09:22.434 | INFO     | app.main:log_requests:49 - [cad727a0] → 200
2026-04-22 10:09:22.435 | INFO     | app.main:log_requests:47 - [c427e0f3] GET /v1/domains/
2026-04-22 10:09:23.708 | INFO     | app.main:log_requests:47 - [e8059ec8] GET /v1/tasks/
2026-04-22 10:09:23.709 | INFO     | app.main:log_requests:49 - [c427e0f3] → 200
2026-04-22 10:09:26.420 | INFO     | app.main:log_requests:49 - [e8059ec8] → 200
2026-04-22 10:09:26.421 | INFO     | app.main:log_requests:47 - [09a07814] GET /v1/projects/
2026-04-22 10:09:26.422 | INFO     | app.main:log_requests:47 - [b80c4fdf] GET /v1/users/
2026-04-22 10:09:28.934 | INFO     | app.main:log_requests:49 - [09a07814] → 200
2026-04-22 10:09:28.934 | INFO     | app.main:log_requests:49 - [b80c4fdf] → 200
2026-04-22 10:14:20.561 | INFO     | app.main:log_requests:47 - [0c0b396d] OPTIONS /v1/users/me
2026-04-22 10:14:20.561 | INFO     | app.main:log_requests:49 - [0c0b396d] → 200
2026-04-22 10:14:20.564 | INFO     | app.main:log_requests:47 - [cbf27d13] GET /v1/users/me
2026-04-22 10:14:21.798 | INFO     | app.main:log_requests:49 - [cbf27d13] → 200
2026-04-22 10:14:21.836 | INFO     | app.main:log_requests:47 - [691d7064] GET /v1/domains
2026-04-22 10:14:21.838 | INFO     | app.main:log_requests:47 - [ecd51c29] GET /v1/tasks
2026-04-22 10:14:21.839 | INFO     | app.main:log_requests:49 - [691d7064] → 307
2026-04-22 10:14:21.840 | INFO     | app.main:log_requests:49 - [ecd51c29] → 307
2026-04-22 10:14:21.842 | INFO     | app.main:log_requests:47 - [ecb104bf] GET /v1/domains/
2026-04-22 10:14:22.565 | INFO     | app.main:log_requests:47 - [f11af7b5] GET /v1/tasks/
2026-04-22 10:14:24.199 | INFO     | app.main:log_requests:49 - [ecb104bf] → 200
2026-04-22 10:14:24.200 | INFO     | app.main:log_requests:49 - [f11af7b5] → 200
2026-04-22 10:14:27.019 | INFO     | app.main:log_requests:47 - [81755cf3] OPTIONS /v1/tasks/aaaaaaaa-0000-0000-0000-000000000002/messages
2026-04-22 10:14:27.020 | INFO     | app.main:log_requests:49 - [81755cf3] → 200
2026-04-22 10:14:27.032 | INFO     | app.main:log_requests:47 - [81699ae0] GET /v1/tasks/aaaaaaaa-0000-0000-0000-000000000002/messages
2026-04-22 10:14:27.949 | INFO     | app.main:log_requests:49 - [81699ae0] → 200
2026-04-22 10:14:38.280 | INFO     | app.main:log_requests:47 - [1be4d1d7] GET /v1/tasks/aaaaaaaa-0000-0000-0000-000000000002/messages
2026-04-22 10:14:39.491 | INFO     | app.main:log_requests:49 - [1be4d1d7] → 200
2026-04-22 10:15:04.902 | INFO     | app.main:log_requests:47 - [adfcaf05] OPTIONS /v1/tasks/aaaaaaaa-0000-0000-0000-000000000001/messages
2026-04-22 10:15:04.903 | INFO     | app.main:log_requests:49 - [adfcaf05] → 200
2026-04-22 10:15:04.905 | INFO     | app.main:log_requests:47 - [ccaa73bd] GET /v1/tasks/aaaaaaaa-0000-0000-0000-000000000001/messages
2026-04-22 10:15:06.056 | INFO     | app.main:log_requests:49 - [ccaa73bd] → 200
2026-04-22 10:15:10.103 | INFO     | app.main:log_requests:47 - [c5d0de0c] GET /v1/users/me
2026-04-22 10:15:10.554 | INFO     | app.main:log_requests:49 - [c5d0de0c] → 200
2026-04-22 10:15:10.591 | INFO     | app.main:log_requests:47 - [abe40839] GET /v1/domains
2026-04-22 10:15:10.593 | INFO     | app.main:log_requests:49 - [abe40839] → 307
2026-04-22 10:15:10.595 | INFO     | app.main:log_requests:47 - [0f4a9d86] GET /v1/domains/dddddddd-0000-0000-0000-000000000001
2026-04-22 10:15:11.302 | INFO     | app.main:log_requests:49 - [0f4a9d86] → 200
2026-04-22 10:15:11.304 | INFO     | app.main:log_requests:47 - [bfdac612] GET /v1/projects
2026-04-22 10:15:11.304 | INFO     | app.main:log_requests:47 - [a7dc1134] GET /v1/domains/
2026-04-22 10:15:11.304 | INFO     | app.main:log_requests:47 - [a9668435] GET /v1/tasks
2026-04-22 10:15:12.006 | INFO     | app.main:log_requests:49 - [bfdac612] → 307
2026-04-22 10:15:12.007 | INFO     | app.main:log_requests:49 - [a7dc1134] → 200
2026-04-22 10:15:12.007 | INFO     | app.main:log_requests:49 - [a9668435] → 307
2026-04-22 10:15:12.027 | INFO     | app.main:log_requests:47 - [06ca68f9] GET /v1/projects/
2026-04-22 10:15:12.725 | INFO     | app.main:log_requests:49 - [06ca68f9] → 200
2026-04-22 10:15:12.726 | INFO     | app.main:log_requests:47 - [7fa376ac] GET /v1/tasks/
2026-04-22 10:15:14.510 | INFO     | app.main:log_requests:49 - [7fa376ac] → 200
2026-04-22 10:15:20.572 | INFO     | app.main:log_requests:47 - [c067257a] GET /v1/users/me
2026-04-22 10:15:21.312 | INFO     | app.main:log_requests:49 - [c067257a] → 200
2026-04-22 10:15:21.344 | INFO     | app.main:log_requests:47 - [aa282610] GET /v1/domains
2026-04-22 10:15:21.345 | INFO     | app.main:log_requests:49 - [aa282610] → 307
2026-04-22 10:15:21.346 | INFO     | app.main:log_requests:47 - [223b968b] GET /v1/tasks
2026-04-22 10:15:21.347 | INFO     | app.main:log_requests:49 - [223b968b] → 307
2026-04-22 10:15:21.349 | INFO     | app.main:log_requests:47 - [01855ce4] GET /v1/domains/
2026-04-22 10:15:21.998 | INFO     | app.main:log_requests:49 - [01855ce4] → 200
2026-04-22 10:15:22.001 | INFO     | app.main:log_requests:47 - [7a5b352c] GET /v1/tasks/
2026-04-22 10:15:23.669 | INFO     | app.main:log_requests:49 - [7a5b352c] → 200
2026-04-22 10:15:29.058 | INFO     | app.main:log_requests:47 - [95b47689] GET /v1/users/me
2026-04-22 10:15:29.804 | INFO     | app.main:log_requests:49 - [95b47689] → 200
2026-04-22 10:15:29.838 | INFO     | app.main:log_requests:47 - [573e3097] GET /v1/domains
2026-04-22 10:15:29.840 | INFO     | app.main:log_requests:49 - [573e3097] → 307
2026-04-22 10:15:29.841 | INFO     | app.main:log_requests:47 - [f6785579] GET /v1/domains/dddddddd-0000-0000-0000-000000000001
2026-04-22 10:15:30.498 | INFO     | app.main:log_requests:49 - [f6785579] → 200
2026-04-22 10:15:30.499 | INFO     | app.main:log_requests:47 - [ac7ef0e5] GET /v1/projects
2026-04-22 10:15:30.500 | INFO     | app.main:log_requests:49 - [ac7ef0e5] → 307
2026-04-22 10:15:30.501 | INFO     | app.main:log_requests:47 - [972d1005] GET /v1/tasks
2026-04-22 10:15:30.502 | INFO     | app.main:log_requests:47 - [818b8d33] GET /v1/domains/
2026-04-22 10:15:31.241 | INFO     | app.main:log_requests:49 - [972d1005] → 307
2026-04-22 10:15:31.242 | INFO     | app.main:log_requests:49 - [818b8d33] → 200
2026-04-22 10:15:31.242 | INFO     | app.main:log_requests:47 - [d0d1eba7] GET /v1/projects/
2026-04-22 10:15:31.892 | INFO     | app.main:log_requests:49 - [d0d1eba7] → 200
2026-04-22 10:15:31.892 | INFO     | app.main:log_requests:47 - [94274f56] GET /v1/tasks/
2026-04-22 10:15:33.699 | INFO     | app.main:log_requests:49 - [94274f56] → 200
2026-04-22 10:15:38.335 | INFO     | app.main:log_requests:47 - [dcc6f12f] GET /v1/users/me
2026-04-22 10:15:39.064 | INFO     | app.main:log_requests:49 - [dcc6f12f] → 200
2026-04-22 10:15:39.118 | INFO     | app.main:log_requests:47 - [c1594d69] GET /v1/domains
2026-04-22 10:15:39.120 | INFO     | app.main:log_requests:49 - [c1594d69] → 307
2026-04-22 10:15:39.124 | INFO     | app.main:log_requests:47 - [13c5d34b] GET /v1/tasks
2026-04-22 10:15:39.126 | INFO     | app.main:log_requests:49 - [13c5d34b] → 307
2026-04-22 10:15:39.130 | INFO     | app.main:log_requests:47 - [54502426] GET /v1/projects
2026-04-22 10:15:39.131 | INFO     | app.main:log_requests:49 - [54502426] → 307
2026-04-22 10:15:39.134 | INFO     | app.main:log_requests:47 - [5c65f798] GET /v1/users
2026-04-22 10:15:39.135 | INFO     | app.main:log_requests:49 - [5c65f798] → 307
2026-04-22 10:15:39.137 | INFO     | app.main:log_requests:47 - [9ad0504c] GET /v1/domains/
2026-04-22 10:15:39.787 | INFO     | app.main:log_requests:49 - [9ad0504c] → 200
2026-04-22 10:15:39.794 | INFO     | app.main:log_requests:47 - [70e7a408] GET /v1/users/
2026-04-22 10:15:39.794 | INFO     | app.main:log_requests:47 - [fe0cbb6e] GET /v1/projects/
2026-04-22 10:15:39.795 | INFO     | app.main:log_requests:47 - [9b51425b] GET /v1/tasks/
2026-04-22 10:15:42.766 | INFO     | app.main:log_requests:49 - [70e7a408] → 200
2026-04-22 10:15:42.767 | INFO     | app.main:log_requests:49 - [fe0cbb6e] → 200
2026-04-22 10:15:42.767 | INFO     | app.main:log_requests:49 - [9b51425b] → 200
2026-04-22 10:15:46.056 | INFO     | app.main:log_requests:47 - [afa97b63] GET /v1/users/me
2026-04-22 10:15:46.499 | INFO     | app.main:log_requests:49 - [afa97b63] → 200
2026-04-22 10:15:46.585 | INFO     | app.main:log_requests:47 - [703c97e1] GET /v1/domains
2026-04-22 10:15:46.586 | INFO     | app.main:log_requests:49 - [703c97e1] → 307
2026-04-22 10:15:46.603 | INFO     | app.main:log_requests:47 - [a5c8bd1d] GET /v1/domains/
2026-04-22 10:15:47.336 | INFO     | app.main:log_requests:49 - [a5c8bd1d] → 200
2026-04-22 10:15:50.819 | INFO     | app.main:log_requests:47 - [c18509ed] GET /v1/users/me
2026-04-22 10:15:51.258 | INFO     | app.main:log_requests:49 - [c18509ed] → 200
2026-04-22 10:15:51.320 | INFO     | app.main:log_requests:47 - [6640004a] GET /v1/domains
2026-04-22 10:15:51.321 | INFO     | app.main:log_requests:47 - [1a8982a1] GET /v1/tasks
2026-04-22 10:15:51.321 | INFO     | app.main:log_requests:49 - [6640004a] → 307
2026-04-22 10:15:51.322 | INFO     | app.main:log_requests:49 - [1a8982a1] → 307
2026-04-22 10:15:51.328 | INFO     | app.main:log_requests:47 - [d26ebf45] GET /v1/domains/
2026-04-22 10:15:51.990 | INFO     | app.main:log_requests:47 - [ede9f1fd] GET /v1/tasks/
2026-04-22 10:15:51.991 | INFO     | app.main:log_requests:49 - [d26ebf45] → 200
2026-04-22 10:15:53.539 | INFO     | app.main:log_requests:49 - [ede9f1fd] → 200
2026-04-22 10:16:09.703 | INFO     | app.main:log_requests:47 - [9ee977cf] GET /v1/users/me
2026-04-22 10:16:10.468 | INFO     | app.main:log_requests:49 - [9ee977cf] → 200
2026-04-22 10:16:10.496 | INFO     | app.main:log_requests:47 - [0e4caef3] GET /v1/domains
2026-04-22 10:16:10.498 | INFO     | app.main:log_requests:49 - [0e4caef3] → 307
2026-04-22 10:16:10.500 | INFO     | app.main:log_requests:47 - [8293dd41] OPTIONS /v1/users
2026-04-22 10:16:10.500 | INFO     | app.main:log_requests:49 - [8293dd41] → 200
2026-04-22 10:16:10.503 | INFO     | app.main:log_requests:47 - [a66886db] GET /v1/domains/
2026-04-22 10:16:11.155 | INFO     | app.main:log_requests:49 - [a66886db] → 200
2026-04-22 10:16:11.158 | INFO     | app.main:log_requests:47 - [eb4070cd] GET /v1/users
2026-04-22 10:16:11.158 | INFO     | app.main:log_requests:49 - [eb4070cd] → 307
2026-04-22 10:16:11.175 | INFO     | app.main:log_requests:47 - [53c6e9ce] OPTIONS /v1/users/
2026-04-22 10:16:11.176 | INFO     | app.main:log_requests:49 - [53c6e9ce] → 200
2026-04-22 10:16:11.179 | INFO     | app.main:log_requests:47 - [0d544974] GET /v1/users/
2026-04-22 10:16:11.872 | INFO     | app.main:log_requests:49 - [0d544974] → 200
2026-04-22 10:16:32.723 | INFO     | app.main:log_requests:47 - [bc6c4741] GET /v1/users/me
2026-04-22 10:16:33.493 | INFO     | app.main:log_requests:49 - [bc6c4741] → 200
2026-04-22 10:16:33.522 | INFO     | app.main:log_requests:47 - [6b3a9ac7] GET /v1/domains
2026-04-22 10:16:33.523 | INFO     | app.main:log_requests:49 - [6b3a9ac7] → 307
2026-04-22 10:16:33.525 | INFO     | app.main:log_requests:47 - [335467fb] GET /v1/tasks
2026-04-22 10:16:33.526 | INFO     | app.main:log_requests:49 - [335467fb] → 307
2026-04-22 10:16:33.527 | INFO     | app.main:log_requests:47 - [c062c46b] GET /v1/projects
2026-04-22 10:16:33.529 | INFO     | app.main:log_requests:47 - [14aec060] GET /v1/domains/
2026-04-22 10:16:33.529 | INFO     | app.main:log_requests:49 - [c062c46b] → 307
2026-04-22 10:16:34.185 | INFO     | app.main:log_requests:49 - [14aec060] → 200
2026-04-22 10:16:34.187 | INFO     | app.main:log_requests:47 - [60d56630] GET /v1/users
2026-04-22 10:16:34.192 | INFO     | app.main:log_requests:49 - [60d56630] → 307
2026-04-22 10:16:34.193 | INFO     | app.main:log_requests:47 - [d9e08366] GET /v1/projects/
2026-04-22 10:16:34.194 | INFO     | app.main:log_requests:47 - [48f2eaf0] GET /v1/tasks/
2026-04-22 10:16:36.519 | INFO     | app.main:log_requests:49 - [d9e08366] → 200
2026-04-22 10:16:36.519 | INFO     | app.main:log_requests:49 - [48f2eaf0] → 200
2026-04-22 10:16:36.526 | INFO     | app.main:log_requests:47 - [291ddad1] GET /v1/users/
2026-04-22 10:16:37.231 | INFO     | app.main:log_requests:49 - [291ddad1] → 200
2026-04-22 10:17:05.720 | INFO     | app.main:log_requests:47 - [4ddc5ad7] GET /v1/users/me
2026-04-22 10:17:06.494 | INFO     | app.main:log_requests:49 - [4ddc5ad7] → 200
2026-04-22 10:17:06.574 | INFO     | app.main:log_requests:47 - [ce077875] GET /v1/domains
2026-04-22 10:17:06.574 | INFO     | app.main:log_requests:49 - [ce077875] → 307
2026-04-22 10:17:06.575 | INFO     | app.main:log_requests:47 - [b14329d8] GET /v1/projects
2026-04-22 10:17:06.577 | INFO     | app.main:log_requests:49 - [b14329d8] → 307
2026-04-22 10:17:06.578 | INFO     | app.main:log_requests:47 - [3796d783] GET /v1/tasks
2026-04-22 10:17:06.589 | INFO     | app.main:log_requests:47 - [3a22c50e] GET /v1/domains/
2026-04-22 10:17:06.589 | INFO     | app.main:log_requests:49 - [3796d783] → 307
2026-04-22 10:17:07.249 | INFO     | app.main:log_requests:49 - [3a22c50e] → 200
2026-04-22 10:17:07.250 | INFO     | app.main:log_requests:47 - [974f1d2e] GET /v1/projects/
2026-04-22 10:17:07.928 | INFO     | app.main:log_requests:49 - [974f1d2e] → 200
2026-04-22 10:17:07.929 | INFO     | app.main:log_requests:47 - [0f7b3aa6] GET /v1/tasks/
2026-04-22 10:17:09.465 | INFO     | app.main:log_requests:49 - [0f7b3aa6] → 200
2026-04-22 10:17:17.380 | INFO     | app.main:log_requests:47 - [7187e93e] OPTIONS /v1/domains/dddddddd-0000-0000-0000-000000000003
2026-04-22 10:17:17.381 | INFO     | app.main:log_requests:49 - [7187e93e] → 200
2026-04-22 10:17:17.382 | INFO     | app.main:log_requests:47 - [48a8bbee] OPTIONS /v1/projects
2026-04-22 10:17:17.383 | INFO     | app.main:log_requests:49 - [48a8bbee] → 200
2026-04-22 10:17:17.384 | INFO     | app.main:log_requests:47 - [3d55cf91] OPTIONS /v1/tasks
2026-04-22 10:17:17.385 | INFO     | app.main:log_requests:49 - [3d55cf91] → 200
2026-04-22 10:17:17.386 | INFO     | app.main:log_requests:47 - [5d43c1ab] GET /v1/domains/dddddddd-0000-0000-0000-000000000003
2026-04-22 10:17:18.391 | INFO     | app.main:log_requests:49 - [5d43c1ab] → 200
2026-04-22 10:17:18.391 | INFO     | app.main:log_requests:47 - [7a7ae289] GET /v1/projects
2026-04-22 10:17:18.395 | INFO     | app.main:log_requests:49 - [7a7ae289] → 307
2026-04-22 10:17:18.398 | INFO     | app.main:log_requests:47 - [a3b88e35] GET /v1/tasks
2026-04-22 10:17:18.400 | INFO     | app.main:log_requests:49 - [a3b88e35] → 307
2026-04-22 10:17:18.429 | INFO     | app.main:log_requests:47 - [01c82164] OPTIONS /v1/projects/
2026-04-22 10:17:18.430 | INFO     | app.main:log_requests:47 - [a8a3eead] OPTIONS /v1/tasks/
2026-04-22 10:17:18.431 | INFO     | app.main:log_requests:49 - [01c82164] → 200
2026-04-22 10:17:18.432 | INFO     | app.main:log_requests:49 - [a8a3eead] → 200
2026-04-22 10:17:18.439 | INFO     | app.main:log_requests:47 - [501e1f95] GET /v1/projects/
2026-04-22 10:17:18.439 | INFO     | app.main:log_requests:47 - [ebb7622e] GET /v1/tasks/
2026-04-22 10:17:20.915 | INFO     | app.main:log_requests:49 - [501e1f95] → 200
2026-04-22 10:17:20.915 | INFO     | app.main:log_requests:49 - [ebb7622e] → 200
2026-04-22 10:17:56.922 | INFO     | app.main:log_requests:47 - [f2ad529c] GET /v1/users/me
2026-04-22 10:17:58.371 | INFO     | app.main:log_requests:49 - [f2ad529c] → 200
2026-04-22 10:17:58.448 | INFO     | app.main:log_requests:47 - [5a15e28a] GET /v1/domains
2026-04-22 10:17:58.449 | INFO     | app.main:log_requests:49 - [5a15e28a] → 307
2026-04-22 10:17:58.458 | INFO     | app.main:log_requests:47 - [d24683b8] GET /v1/domains/
2026-04-22 10:17:59.195 | INFO     | app.main:log_requests:49 - [d24683b8] → 200
2026-04-22 10:17:59.196 | INFO     | app.main:log_requests:47 - [4184c6f8] GET /v1/tasks
2026-04-22 10:17:59.205 | INFO     | app.main:log_requests:49 - [4184c6f8] → 307
2026-04-22 10:17:59.210 | INFO     | app.main:log_requests:47 - [68d8395d] GET /v1/projects
2026-04-22 10:17:59.216 | INFO     | app.main:log_requests:47 - [6f0935e5] GET /v1/users
2026-04-22 10:17:59.223 | INFO     | app.main:log_requests:49 - [68d8395d] → 307
2026-04-22 10:17:59.226 | INFO     | app.main:log_requests:49 - [6f0935e5] → 307
2026-04-22 10:17:59.275 | INFO     | app.main:log_requests:47 - [cb9ee307] GET /v1/tasks/
2026-04-22 10:18:00.950 | INFO     | app.main:log_requests:49 - [cb9ee307] → 200
2026-04-22 10:18:00.955 | INFO     | app.main:log_requests:47 - [c0007a3c] GET /v1/projects/
2026-04-22 10:18:00.956 | INFO     | app.main:log_requests:47 - [ad1de24b] GET /v1/users/
2026-04-22 10:18:02.390 | INFO     | app.main:log_requests:49 - [c0007a3c] → 200
2026-04-22 10:18:02.391 | INFO     | app.main:log_requests:49 - [ad1de24b] → 200
2026-04-22 10:18:05.693 | INFO     | app.main:log_requests:47 - [7918a28c] GET /v1/users/me
2026-04-22 10:18:06.157 | INFO     | app.main:log_requests:49 - [7918a28c] → 200
2026-04-22 10:18:06.234 | INFO     | app.main:log_requests:47 - [d359641f] GET /v1/domains
2026-04-22 10:18:06.235 | INFO     | app.main:log_requests:49 - [d359641f] → 307
2026-04-22 10:18:06.237 | INFO     | app.main:log_requests:47 - [fe70bae6] GET /v1/projects
2026-04-22 10:18:06.239 | INFO     | app.main:log_requests:49 - [fe70bae6] → 307
2026-04-22 10:18:06.240 | INFO     | app.main:log_requests:47 - [7fba7cf0] GET /v1/tasks
2026-04-22 10:18:06.240 | INFO     | app.main:log_requests:49 - [7fba7cf0] → 307
2026-04-22 10:18:06.243 | INFO     | app.main:log_requests:47 - [d9055886] GET /v1/domains/
2026-04-22 10:18:07.000 | INFO     | app.main:log_requests:49 - [d9055886] → 200
2026-04-22 10:18:07.011 | INFO     | app.main:log_requests:47 - [c09eaf1a] GET /v1/projects/
2026-04-22 10:18:07.684 | INFO     | app.main:log_requests:49 - [c09eaf1a] → 200
2026-04-22 10:18:07.686 | INFO     | app.main:log_requests:47 - [033c8e67] GET /v1/tasks/
2026-04-22 10:18:09.241 | INFO     | app.main:log_requests:49 - [033c8e67] → 200
2026-04-22 10:18:47.139 | INFO     | app.main:log_requests:47 - [ade1649f] GET /v1/users/me
2026-04-22 10:18:47.927 | INFO     | app.main:log_requests:49 - [ade1649f] → 200
2026-04-22 10:18:47.964 | INFO     | app.main:log_requests:47 - [23bfcdcd] GET /v1/domains
2026-04-22 10:18:47.966 | INFO     | app.main:log_requests:47 - [4eeb0980] GET /v1/projects
2026-04-22 10:18:47.966 | INFO     | app.main:log_requests:49 - [23bfcdcd] → 307
2026-04-22 10:18:47.967 | INFO     | app.main:log_requests:49 - [4eeb0980] → 307
2026-04-22 10:18:47.968 | INFO     | app.main:log_requests:47 - [5c551fb9] GET /v1/tasks
2026-04-22 10:18:47.968 | INFO     | app.main:log_requests:49 - [5c551fb9] → 307
2026-04-22 10:18:47.975 | INFO     | app.main:log_requests:47 - [12acb257] GET /v1/domains/
2026-04-22 10:18:48.689 | INFO     | app.main:log_requests:47 - [a7e27272] GET /v1/projects/
2026-04-22 10:18:48.690 | INFO     | app.main:log_requests:49 - [12acb257] → 200
2026-04-22 10:18:49.408 | INFO     | app.main:log_requests:49 - [a7e27272] → 200
2026-04-22 10:18:49.416 | INFO     | app.main:log_requests:47 - [7c361025] GET /v1/tasks/
2026-04-22 10:18:50.995 | INFO     | app.main:log_requests:49 - [7c361025] → 200
2026-04-22 10:18:54.419 | INFO     | app.main:log_requests:47 - [42fb4daa] OPTIONS /v1/domains/dddddddd-0000-0000-0000-000000000002
2026-04-22 10:18:54.420 | INFO     | app.main:log_requests:49 - [42fb4daa] → 200
2026-04-22 10:18:54.426 | INFO     | app.main:log_requests:47 - [504c93ea] OPTIONS /v1/projects
2026-04-22 10:18:54.427 | INFO     | app.main:log_requests:49 - [504c93ea] → 200
2026-04-22 10:18:54.432 | INFO     | app.main:log_requests:47 - [b5dcea78] OPTIONS /v1/tasks
2026-04-22 10:18:54.450 | INFO     | app.main:log_requests:47 - [f9358399] GET /v1/domains/dddddddd-0000-0000-0000-000000000002
2026-04-22 10:18:54.451 | INFO     | app.main:log_requests:49 - [b5dcea78] → 200
2026-04-22 10:18:55.231 | INFO     | app.main:log_requests:49 - [f9358399] → 200
2026-04-22 10:18:55.233 | INFO     | app.main:log_requests:47 - [c69b561c] GET /v1/projects
2026-04-22 10:18:55.233 | INFO     | app.main:log_requests:47 - [06ba217d] GET /v1/tasks
2026-04-22 10:18:55.234 | INFO     | app.main:log_requests:49 - [c69b561c] → 307
2026-04-22 10:18:55.235 | INFO     | app.main:log_requests:49 - [06ba217d] → 307
2026-04-22 10:18:55.258 | INFO     | app.main:log_requests:47 - [c083754d] OPTIONS /v1/projects/
2026-04-22 10:18:55.258 | INFO     | app.main:log_requests:49 - [c083754d] → 200
2026-04-22 10:18:55.262 | INFO     | app.main:log_requests:47 - [95a6c94f] OPTIONS /v1/tasks/
2026-04-22 10:18:55.263 | INFO     | app.main:log_requests:47 - [f4c81edb] GET /v1/projects/
2026-04-22 10:18:55.926 | INFO     | app.main:log_requests:49 - [95a6c94f] → 200
2026-04-22 10:18:55.927 | INFO     | app.main:log_requests:49 - [f4c81edb] → 200
2026-04-22 10:18:55.932 | INFO     | app.main:log_requests:47 - [30eb36dd] GET /v1/tasks/
2026-04-22 10:18:57.814 | INFO     | app.main:log_requests:49 - [30eb36dd] → 200
2026-04-22 10:19:00.094 | INFO     | app.main:log_requests:47 - [98603a9e] GET /v1/users/me
2026-04-22 10:19:00.552 | INFO     | app.main:log_requests:49 - [98603a9e] → 200
2026-04-22 10:19:00.629 | INFO     | app.main:log_requests:47 - [53dd3d79] GET /v1/domains
2026-04-22 10:19:00.631 | INFO     | app.main:log_requests:47 - [f2eab4c7] GET /v1/tasks
2026-04-22 10:19:00.632 | INFO     | app.main:log_requests:49 - [53dd3d79] → 307
2026-04-22 10:19:00.633 | INFO     | app.main:log_requests:49 - [f2eab4c7] → 307
2026-04-22 10:19:00.636 | INFO     | app.main:log_requests:47 - [67b8fda2] GET /v1/projects
2026-04-22 10:19:00.637 | INFO     | app.main:log_requests:47 - [d2fdf206] GET /v1/users
2026-04-22 10:19:00.639 | INFO     | app.main:log_requests:49 - [67b8fda2] → 307
2026-04-22 10:19:00.641 | INFO     | app.main:log_requests:49 - [d2fdf206] → 307
2026-04-22 10:19:00.643 | INFO     | app.main:log_requests:47 - [d5d532f4] GET /v1/domains/
2026-04-22 10:19:01.339 | INFO     | app.main:log_requests:49 - [d5d532f4] → 200
2026-04-22 10:19:01.340 | INFO     | app.main:log_requests:47 - [b67bfab0] GET /v1/tasks/
2026-04-22 10:19:02.894 | INFO     | app.main:log_requests:49 - [b67bfab0] → 200
2026-04-22 10:19:02.899 | INFO     | app.main:log_requests:47 - [068d3ce9] GET /v1/users/
2026-04-22 10:19:02.905 | INFO     | app.main:log_requests:47 - [67b12d10] GET /v1/projects/
2026-04-22 10:19:04.268 | INFO     | app.main:log_requests:49 - [068d3ce9] → 200
2026-04-22 10:19:04.269 | INFO     | app.main:log_requests:49 - [67b12d10] → 200
2026-04-22 10:19:13.620 | INFO     | app.main:log_requests:47 - [7a903cd2] GET /v1/domains/dddddddd-0000-0000-0000-000000000003
2026-04-22 10:19:14.523 | INFO     | app.main:log_requests:47 - [75ad0f99] GET /v1/projects
2026-04-22 10:19:14.524 | INFO     | app.main:log_requests:49 - [7a903cd2] → 200
2026-04-22 10:19:14.525 | INFO     | app.main:log_requests:49 - [75ad0f99] → 307
2026-04-22 10:19:14.530 | INFO     | app.main:log_requests:47 - [34e9cc6b] GET /v1/tasks
2026-04-22 10:19:14.531 | INFO     | app.main:log_requests:49 - [34e9cc6b] → 307
2026-04-22 10:19:14.567 | INFO     | app.main:log_requests:47 - [cba48c3c] GET /v1/projects/
2026-04-22 10:19:15.506 | INFO     | app.main:log_requests:47 - [025c2981] GET /v1/tasks/
2026-04-22 10:19:17.332 | INFO     | app.main:log_requests:49 - [cba48c3c] → 200
2026-04-22 10:19:17.334 | INFO     | app.main:log_requests:49 - [025c2981] → 200
2026-04-22 10:19:17.945 | INFO     | app.main:log_requests:47 - [1802602c] GET /v1/users/me
2026-04-22 10:19:18.392 | INFO     | app.main:log_requests:49 - [1802602c] → 200
2026-04-22 10:19:18.506 | INFO     | app.main:log_requests:47 - [1ff9bfd2] GET /v1/domains
2026-04-22 10:19:18.508 | INFO     | app.main:log_requests:49 - [1ff9bfd2] → 307
2026-04-22 10:19:18.509 | INFO     | app.main:log_requests:47 - [111a23ed] GET /v1/projects
2026-04-22 10:19:18.509 | INFO     | app.main:log_requests:47 - [be0d3a52] GET /v1/tasks
2026-04-22 10:19:18.645 | INFO     | app.main:log_requests:49 - [111a23ed] → 307
2026-04-22 10:19:18.646 | INFO     | app.main:log_requests:49 - [be0d3a52] → 307
2026-04-22 10:19:18.647 | INFO     | app.main:log_requests:47 - [0203db82] GET /v1/users
2026-04-22 10:19:18.648 | INFO     | app.main:log_requests:49 - [0203db82] → 307
2026-04-22 10:19:18.652 | INFO     | app.main:log_requests:47 - [344d3b6b] GET /v1/domains/
2026-04-22 10:19:19.332 | INFO     | app.main:log_requests:49 - [344d3b6b] → 200
2026-04-22 10:19:19.345 | INFO     | app.main:log_requests:47 - [9abb2a2e] GET /v1/tasks/
2026-04-22 10:19:19.346 | INFO     | app.main:log_requests:47 - [7d09f2f5] GET /v1/projects/
2026-04-22 10:19:21.644 | INFO     | app.main:log_requests:49 - [9abb2a2e] → 200
2026-04-22 10:19:21.645 | INFO     | app.main:log_requests:49 - [7d09f2f5] → 200
2026-04-22 10:19:21.646 | INFO     | app.main:log_requests:47 - [045972b9] GET /v1/users/
2026-04-22 10:19:22.338 | INFO     | app.main:log_requests:49 - [045972b9] → 200
2026-04-22 10:19:24.263 | INFO     | app.main:log_requests:47 - [16f014b4] GET /v1/domains/dddddddd-0000-0000-0000-000000000002
2026-04-22 10:19:24.966 | INFO     | app.main:log_requests:47 - [68344049] GET /v1/tasks
2026-04-22 10:19:24.968 | INFO     | app.main:log_requests:47 - [9e8dc442] GET /v1/projects
2026-04-22 10:19:24.968 | INFO     | app.main:log_requests:49 - [16f014b4] → 200
2026-04-22 10:19:24.978 | INFO     | app.main:log_requests:49 - [68344049] → 307
2026-04-22 10:19:24.980 | INFO     | app.main:log_requests:49 - [9e8dc442] → 307
2026-04-22 10:19:25.034 | INFO     | app.main:log_requests:47 - [49e10994] GET /v1/tasks/
2026-04-22 10:19:26.943 | INFO     | app.main:log_requests:47 - [485bfe88] GET /v1/projects/
2026-04-22 10:19:27.639 | INFO     | app.main:log_requests:49 - [49e10994] → 200
2026-04-22 10:19:27.640 | INFO     | app.main:log_requests:49 - [485bfe88] → 200
2026-04-22 10:19:44.791 | INFO     | app.main:log_requests:47 - [5c440279] OPTIONS /v1/domains/dddddddd-0000-0000-0000-000000000002
2026-04-22 10:19:44.792 | INFO     | app.main:log_requests:49 - [5c440279] → 200
2026-04-22 10:19:44.795 | INFO     | app.main:log_requests:47 - [24428c83] PATCH /v1/domains/dddddddd-0000-0000-0000-000000000002
2026-04-22 10:19:45.920 | INFO     | app.main:log_requests:49 - [24428c83] → 200
2026-04-22 10:19:45.943 | INFO     | app.main:log_requests:47 - [708533e9] GET /v1/domains/dddddddd-0000-0000-0000-000000000002
2026-04-22 10:19:46.612 | INFO     | app.main:log_requests:47 - [64765da3] OPTIONS /v1/domains
2026-04-22 10:19:46.613 | INFO     | app.main:log_requests:49 - [708533e9] → 200
2026-04-22 10:19:46.613 | INFO     | app.main:log_requests:49 - [64765da3] → 200
2026-04-22 10:19:46.615 | INFO     | app.main:log_requests:47 - [c57186b3] GET /v1/domains
2026-04-22 10:19:46.616 | INFO     | app.main:log_requests:49 - [c57186b3] → 307
2026-04-22 10:19:46.633 | INFO     | app.main:log_requests:47 - [efad2949] OPTIONS /v1/domains/
2026-04-22 10:19:46.635 | INFO     | app.main:log_requests:49 - [efad2949] → 200
2026-04-22 10:19:46.636 | INFO     | app.main:log_requests:47 - [a9fcfbad] GET /v1/domains/
2026-04-22 10:19:47.275 | INFO     | app.main:log_requests:49 - [a9fcfbad] → 200
2026-04-22 10:19:54.905 | INFO     | app.main:log_requests:47 - [93769363] GET /v1/users/me
2026-04-22 10:19:55.746 | INFO     | app.main:log_requests:49 - [93769363] → 200
2026-04-22 10:19:55.786 | INFO     | app.main:log_requests:47 - [b8fc100c] GET /v1/domains
2026-04-22 10:19:55.787 | INFO     | app.main:log_requests:49 - [b8fc100c] → 307
2026-04-22 10:19:55.789 | INFO     | app.main:log_requests:47 - [bad23f7f] GET /v1/domains/dddddddd-0000-0000-0000-000000000003
2026-04-22 10:19:56.767 | INFO     | app.main:log_requests:49 - [bad23f7f] → 200
2026-04-22 10:19:56.768 | INFO     | app.main:log_requests:47 - [e378a410] GET /v1/projects
2026-04-22 10:19:56.769 | INFO     | app.main:log_requests:49 - [e378a410] → 307
2026-04-22 10:19:56.777 | INFO     | app.main:log_requests:47 - [bf5417a7] GET /v1/tasks
2026-04-22 10:19:56.783 | INFO     | app.main:log_requests:47 - [b2c5daf4] GET /v1/domains/
2026-04-22 10:19:57.478 | INFO     | app.main:log_requests:49 - [bf5417a7] → 307
2026-04-22 10:19:57.478 | INFO     | app.main:log_requests:49 - [b2c5daf4] → 200
2026-04-22 10:19:57.484 | INFO     | app.main:log_requests:47 - [cfc9f892] GET /v1/projects/
2026-04-22 10:19:58.196 | INFO     | app.main:log_requests:49 - [cfc9f892] → 200
2026-04-22 10:19:58.197 | INFO     | app.main:log_requests:47 - [8e781615] GET /v1/tasks/
2026-04-22 10:19:59.955 | INFO     | app.main:log_requests:49 - [8e781615] → 200
2026-04-22 10:20:06.069 | INFO     | app.main:log_requests:47 - [cfc34b6d] GET /v1/users/me
2026-04-22 10:20:06.844 | INFO     | app.main:log_requests:49 - [cfc34b6d] → 200
2026-04-22 10:20:06.874 | INFO     | app.main:log_requests:47 - [003d99ca] GET /v1/domains
2026-04-22 10:20:06.875 | INFO     | app.main:log_requests:49 - [003d99ca] → 307
2026-04-22 10:20:06.877 | INFO     | app.main:log_requests:47 - [bbd40513] OPTIONS /v1/domains/dddddddd-0000-0000-0000-000000000004
2026-04-22 10:20:06.877 | INFO     | app.main:log_requests:49 - [bbd40513] → 200
2026-04-22 10:20:06.880 | INFO     | app.main:log_requests:47 - [ef96d548] OPTIONS /v1/projects
2026-04-22 10:20:06.880 | INFO     | app.main:log_requests:47 - [295f3f64] GET /v1/domains/dddddddd-0000-0000-0000-000000000004
2026-04-22 10:20:07.527 | INFO     | app.main:log_requests:49 - [ef96d548] → 200
2026-04-22 10:20:07.530 | INFO     | app.main:log_requests:49 - [295f3f64] → 200
2026-04-22 10:20:07.532 | INFO     | app.main:log_requests:47 - [ad9fd513] GET /v1/domains/
2026-04-22 10:20:07.532 | INFO     | app.main:log_requests:47 - [7f21458b] OPTIONS /v1/tasks
2026-04-22 10:20:08.179 | INFO     | app.main:log_requests:49 - [ad9fd513] → 200
2026-04-22 10:20:08.180 | INFO     | app.main:log_requests:49 - [7f21458b] → 200
2026-04-22 10:20:08.184 | INFO     | app.main:log_requests:47 - [4044b4ff] GET /v1/projects
2026-04-22 10:20:08.185 | INFO     | app.main:log_requests:49 - [4044b4ff] → 307
2026-04-22 10:20:08.187 | INFO     | app.main:log_requests:47 - [604f452b] GET /v1/tasks
2026-04-22 10:20:08.189 | INFO     | app.main:log_requests:49 - [604f452b] → 307
2026-04-22 10:20:08.211 | INFO     | app.main:log_requests:47 - [9d535d83] OPTIONS /v1/projects/
2026-04-22 10:20:08.212 | INFO     | app.main:log_requests:47 - [1457991d] OPTIONS /v1/tasks/
2026-04-22 10:20:08.212 | INFO     | app.main:log_requests:49 - [9d535d83] → 200
2026-04-22 10:20:08.213 | INFO     | app.main:log_requests:49 - [1457991d] → 200
2026-04-22 10:20:08.222 | INFO     | app.main:log_requests:47 - [976cbeca] GET /v1/projects/
2026-04-22 10:20:08.873 | INFO     | app.main:log_requests:47 - [6e95c935] GET /v1/tasks/
2026-04-22 10:20:10.634 | INFO     | app.main:log_requests:49 - [976cbeca] → 200
2026-04-22 10:20:10.635 | INFO     | app.main:log_requests:49 - [6e95c935] → 200
2026-04-22 10:20:14.839 | INFO     | app.main:log_requests:47 - [bf296cb7] GET /v1/users/me
2026-04-22 10:20:15.421 | INFO     | app.main:log_requests:49 - [bf296cb7] → 200
2026-04-22 10:20:15.514 | INFO     | app.main:log_requests:47 - [c31c7fbd] GET /v1/domains
2026-04-22 10:20:15.515 | INFO     | app.main:log_requests:47 - [15ec0f58] GET /v1/domains/dddddddd-0000-0000-0000-000000000002
2026-04-22 10:20:16.200 | INFO     | app.main:log_requests:49 - [c31c7fbd] → 307
2026-04-22 10:20:16.201 | INFO     | app.main:log_requests:49 - [15ec0f58] → 200
2026-04-22 10:20:16.203 | INFO     | app.main:log_requests:47 - [7b59dd3d] GET /v1/tasks
2026-04-22 10:20:16.204 | INFO     | app.main:log_requests:47 - [b3330cf4] GET /v1/projects
2026-04-22 10:20:16.206 | INFO     | app.main:log_requests:47 - [021e4b89] GET /v1/domains/
2026-04-22 10:20:16.206 | INFO     | app.main:log_requests:49 - [7b59dd3d] → 307
2026-04-22 10:20:16.206 | INFO     | app.main:log_requests:49 - [b3330cf4] → 307
2026-04-22 10:20:16.847 | INFO     | app.main:log_requests:49 - [021e4b89] → 200
2026-04-22 10:20:16.849 | INFO     | app.main:log_requests:47 - [aea2c00c] GET /v1/projects/
2026-04-22 10:20:16.849 | INFO     | app.main:log_requests:47 - [f507c6b1] GET /v1/tasks/
2026-04-22 10:20:19.250 | INFO     | app.main:log_requests:49 - [aea2c00c] → 200
2026-04-22 10:20:19.251 | INFO     | app.main:log_requests:49 - [f507c6b1] → 200
2026-04-22 10:21:19.948 | INFO     | app.main:log_requests:47 - [65babbb4] GET /v1/users/me
2026-04-22 10:21:20.841 | INFO     | app.main:log_requests:49 - [65babbb4] → 200
2026-04-22 10:21:20.877 | INFO     | app.main:log_requests:47 - [2b3fbbf0] GET /v1/domains
2026-04-22 10:21:20.878 | INFO     | app.main:log_requests:47 - [54232922] OPTIONS /v1/tasks
2026-04-22 10:21:20.878 | INFO     | app.main:log_requests:49 - [2b3fbbf0] → 307
2026-04-22 10:21:20.879 | INFO     | app.main:log_requests:49 - [54232922] → 200
2026-04-22 10:21:20.881 | INFO     | app.main:log_requests:47 - [fb8962fd] GET /v1/tasks
2026-04-22 10:21:20.882 | INFO     | app.main:log_requests:47 - [8158a0eb] GET /v1/domains/
2026-04-22 10:21:20.882 | INFO     | app.main:log_requests:49 - [fb8962fd] → 307
2026-04-22 10:21:21.600 | INFO     | app.main:log_requests:49 - [8158a0eb] → 200
2026-04-22 10:21:21.601 | INFO     | app.main:log_requests:47 - [a1328488] OPTIONS /v1/tasks/
2026-04-22 10:21:21.602 | INFO     | app.main:log_requests:49 - [a1328488] → 200
2026-04-22 10:21:21.611 | INFO     | app.main:log_requests:47 - [4d47d947] GET /v1/tasks/
2026-04-22 10:21:23.198 | INFO     | app.main:log_requests:49 - [4d47d947] → 200
2026-04-22 10:22:19.762 | INFO     | app.main:log_requests:47 - [5630d754] OPTIONS /v1/tasks/aaaaaaaa-0000-0000-0000-000000000007/messages
2026-04-22 10:22:19.763 | INFO     | app.main:log_requests:49 - [5630d754] → 200
2026-04-22 10:22:19.765 | INFO     | app.main:log_requests:47 - [44b8cc1b] GET /v1/tasks/aaaaaaaa-0000-0000-0000-000000000007/messages
2026-04-22 10:22:21.612 | INFO     | app.main:log_requests:49 - [44b8cc1b] → 200
2026-04-22 10:22:25.413 | INFO     | app.main:log_requests:47 - [caca1ea2] OPTIONS /v1/projects
2026-04-22 10:22:25.413 | INFO     | app.main:log_requests:49 - [caca1ea2] → 200
2026-04-22 10:22:25.418 | INFO     | app.main:log_requests:47 - [b63ec138] GET /v1/users
2026-04-22 10:22:25.419 | INFO     | app.main:log_requests:47 - [189c6cb7] GET /v1/projects
2026-04-22 10:22:25.420 | INFO     | app.main:log_requests:49 - [b63ec138] → 307
2026-04-22 10:22:25.421 | INFO     | app.main:log_requests:49 - [189c6cb7] → 307
2026-04-22 10:22:25.424 | INFO     | app.main:log_requests:47 - [0232e09a] OPTIONS /v1/projects/
2026-04-22 10:22:25.425 | INFO     | app.main:log_requests:47 - [8192f8f7] GET /v1/users/
2026-04-22 10:22:26.116 | INFO     | app.main:log_requests:49 - [0232e09a] → 200
2026-04-22 10:22:26.117 | INFO     | app.main:log_requests:49 - [8192f8f7] → 200
2026-04-22 10:22:26.118 | INFO     | app.main:log_requests:47 - [a005139f] GET /v1/projects/
2026-04-22 10:22:26.795 | INFO     | app.main:log_requests:49 - [a005139f] → 200
2026-04-22 10:22:38.212 | INFO     | app.main:log_requests:47 - [0f9a65d3] OPTIONS /v1/tasks
2026-04-22 10:22:38.213 | INFO     | app.main:log_requests:49 - [0f9a65d3] → 200
2026-04-22 10:22:38.214 | INFO     | app.main:log_requests:47 - [d1e52ce2] GET /v1/tasks
2026-04-22 10:22:38.215 | INFO     | app.main:log_requests:49 - [d1e52ce2] → 307
2026-04-22 10:22:38.219 | INFO     | app.main:log_requests:47 - [76674d9a] GET /v1/tasks/
2026-04-22 10:22:41.402 | INFO     | app.main:log_requests:49 - [76674d9a] → 200
2026-04-22 10:23:07.145 | INFO     | app.main:log_requests:47 - [d60eb0bc] GET /v1/domains
2026-04-22 10:23:07.146 | INFO     | app.main:log_requests:49 - [d60eb0bc] → 307
2026-04-22 10:23:07.148 | INFO     | app.main:log_requests:47 - [5bb1edd3] GET /v1/domains/
2026-04-22 10:23:08.239 | INFO     | app.main:log_requests:49 - [5bb1edd3] → 200
2026-04-22 10:23:41.308 | INFO     | app.main:log_requests:47 - [d061ea9b] GET /v1/users/me
2026-04-22 10:23:42.114 | INFO     | app.main:log_requests:49 - [d061ea9b] → 200
2026-04-22 10:23:42.161 | INFO     | app.main:log_requests:47 - [1ad5b365] GET /v1/domains
2026-04-22 10:23:42.162 | INFO     | app.main:log_requests:49 - [1ad5b365] → 307
2026-04-22 10:23:42.163 | INFO     | app.main:log_requests:47 - [54b92115] GET /v1/tasks
2026-04-22 10:23:42.164 | INFO     | app.main:log_requests:49 - [54b92115] → 307
2026-04-22 10:23:42.166 | INFO     | app.main:log_requests:47 - [537d75ed] GET /v1/domains/
2026-04-22 10:23:42.864 | INFO     | app.main:log_requests:49 - [537d75ed] → 200
2026-04-22 10:23:42.866 | INFO     | app.main:log_requests:47 - [eb27314c] GET /v1/tasks/
2026-04-22 10:23:44.479 | INFO     | app.main:log_requests:49 - [eb27314c] → 200
2026-04-22 10:23:47.179 | INFO     | app.main:log_requests:47 - [c14db7b5] GET /v1/users/me
2026-04-22 10:23:47.642 | INFO     | app.main:log_requests:49 - [c14db7b5] → 200
2026-04-22 10:23:47.730 | INFO     | app.main:log_requests:47 - [fe545581] OPTIONS /v1/users
2026-04-22 10:23:47.731 | INFO     | app.main:log_requests:49 - [fe545581] → 200
2026-04-22 10:23:47.735 | INFO     | app.main:log_requests:47 - [47560e9c] GET /v1/domains
2026-04-22 10:23:47.736 | INFO     | app.main:log_requests:47 - [81fd3eb4] GET /v1/tasks
2026-04-22 10:23:47.737 | INFO     | app.main:log_requests:49 - [47560e9c] → 307
2026-04-22 10:23:47.739 | INFO     | app.main:log_requests:49 - [81fd3eb4] → 307
2026-04-22 10:23:47.754 | INFO     | app.main:log_requests:47 - [58383373] GET /v1/projects
2026-04-22 10:23:47.756 | INFO     | app.main:log_requests:47 - [7e8fa446] GET /v1/users
2026-04-22 10:23:47.757 | INFO     | app.main:log_requests:49 - [58383373] → 307
2026-04-22 10:23:47.757 | INFO     | app.main:log_requests:49 - [7e8fa446] → 307
2026-04-22 10:23:47.772 | INFO     | app.main:log_requests:47 - [dd831dd0] GET /v1/domains/
2026-04-22 10:23:48.478 | INFO     | app.main:log_requests:47 - [a6f66c30] GET /v1/tasks/
2026-04-22 10:23:50.108 | INFO     | app.main:log_requests:49 - [dd831dd0] → 200
2026-04-22 10:23:50.113 | INFO     | app.main:log_requests:49 - [a6f66c30] → 200
2026-04-22 10:23:50.115 | INFO     | app.main:log_requests:47 - [3ea95d15] GET /v1/projects/
2026-04-22 10:23:50.116 | INFO     | app.main:log_requests:47 - [2c9d1728] OPTIONS /v1/users/
2026-04-22 10:23:50.809 | INFO     | app.main:log_requests:49 - [3ea95d15] → 200
2026-04-22 10:23:50.810 | INFO     | app.main:log_requests:49 - [2c9d1728] → 200
2026-04-22 10:23:50.823 | INFO     | app.main:log_requests:47 - [52b486ae] GET /v1/users/
2026-04-22 10:23:51.483 | INFO     | app.main:log_requests:49 - [52b486ae] → 200
2026-04-22 10:23:57.159 | INFO     | app.main:log_requests:47 - [804c3735] GET /v1/users/me
2026-04-22 10:23:57.895 | INFO     | app.main:log_requests:49 - [804c3735] → 200
2026-04-22 10:23:57.930 | INFO     | app.main:log_requests:47 - [6c535b8b] GET /v1/domains
2026-04-22 10:23:57.931 | INFO     | app.main:log_requests:47 - [a6799b7e] GET /v1/domains/dddddddd-0000-0000-0000-000000000004
2026-04-22 10:23:57.933 | INFO     | app.main:log_requests:49 - [6c535b8b] → 307
2026-04-22 10:23:58.621 | INFO     | app.main:log_requests:49 - [a6799b7e] → 200
2026-04-22 10:23:58.622 | INFO     | app.main:log_requests:47 - [4b8bf386] GET /v1/projects
2026-04-22 10:23:58.623 | INFO     | app.main:log_requests:49 - [4b8bf386] → 307
2026-04-22 10:23:58.624 | INFO     | app.main:log_requests:47 - [218fa83c] GET /v1/tasks
2026-04-22 10:23:58.624 | INFO     | app.main:log_requests:47 - [859c680e] GET /v1/domains/
2026-04-22 10:23:59.309 | INFO     | app.main:log_requests:49 - [218fa83c] → 307
2026-04-22 10:23:59.309 | INFO     | app.main:log_requests:49 - [859c680e] → 200
2026-04-22 10:23:59.310 | INFO     | app.main:log_requests:47 - [79c9ec7e] GET /v1/projects/
2026-04-22 10:24:00.003 | INFO     | app.main:log_requests:49 - [79c9ec7e] → 200
2026-04-22 10:24:00.003 | INFO     | app.main:log_requests:47 - [aaa0b1d9] GET /v1/tasks/
2026-04-22 10:24:01.817 | INFO     | app.main:log_requests:49 - [aaa0b1d9] → 200
2026-04-22 10:24:04.850 | INFO     | app.main:log_requests:47 - [ef7f98b7] GET /v1/users/me
2026-04-22 10:24:05.283 | INFO     | app.main:log_requests:49 - [ef7f98b7] → 200
2026-04-22 10:24:05.342 | INFO     | app.main:log_requests:47 - [e4df7989] OPTIONS /v1/tasks
2026-04-22 10:24:05.342 | INFO     | app.main:log_requests:47 - [6c997ea8] OPTIONS /v1/projects/cccccccc-0000-0000-0000-000000000004
2026-04-22 10:24:05.342 | INFO     | app.main:log_requests:49 - [e4df7989] → 200
2026-04-22 10:24:05.343 | INFO     | app.main:log_requests:49 - [6c997ea8] → 200
2026-04-22 10:24:05.349 | INFO     | app.main:log_requests:47 - [a50a3b97] GET /v1/domains
2026-04-22 10:24:05.349 | INFO     | app.main:log_requests:47 - [969936b8] GET /v1/tasks
2026-04-22 10:24:05.350 | INFO     | app.main:log_requests:49 - [a50a3b97] → 307
2026-04-22 10:24:05.351 | INFO     | app.main:log_requests:49 - [969936b8] → 307
2026-04-22 10:24:05.353 | INFO     | app.main:log_requests:47 - [6e1275de] GET /v1/projects/cccccccc-0000-0000-0000-000000000004
2026-04-22 10:24:06.047 | INFO     | app.main:log_requests:47 - [f4d9911c] OPTIONS /v1/tasks/
2026-04-22 10:24:06.048 | INFO     | app.main:log_requests:49 - [6e1275de] → 200
2026-04-22 10:24:06.049 | INFO     | app.main:log_requests:49 - [f4d9911c] → 200
2026-04-22 10:24:06.050 | INFO     | app.main:log_requests:47 - [eaad75ed] GET /v1/domains/
2026-04-22 10:24:06.715 | INFO     | app.main:log_requests:47 - [2e3ed99a] GET /v1/tasks/
2026-04-22 10:24:06.716 | INFO     | app.main:log_requests:49 - [eaad75ed] → 200
2026-04-22 10:24:08.288 | INFO     | app.main:log_requests:49 - [2e3ed99a] → 200
2026-04-22 10:24:13.840 | INFO     | app.main:log_requests:47 - [d63a301c] GET /v1/projects
2026-04-22 10:24:13.841 | INFO     | app.main:log_requests:49 - [d63a301c] → 307
2026-04-22 10:24:13.842 | INFO     | app.main:log_requests:47 - [9a0cd3f5] GET /v1/users
2026-04-22 10:24:13.842 | INFO     | app.main:log_requests:49 - [9a0cd3f5] → 307
2026-04-22 10:24:13.845 | INFO     | app.main:log_requests:47 - [85e224a0] GET /v1/projects/
2026-04-22 10:24:14.914 | INFO     | app.main:log_requests:49 - [85e224a0] → 200
2026-04-22 10:24:14.916 | INFO     | app.main:log_requests:47 - [13fd259a] GET /v1/users/
2026-04-22 10:24:15.691 | INFO     | app.main:log_requests:49 - [13fd259a] → 200
2026-04-22 10:24:16.970 | INFO     | app.main:log_requests:47 - [4af79ac0] GET /v1/tasks/aaaaaaaa-0000-0000-0000-000000000007/messages
2026-04-22 10:24:17.902 | INFO     | app.main:log_requests:49 - [4af79ac0] → 200
2026-04-22 10:25:30.828 | INFO     | app.main:log_requests:47 - [764c13f9] OPTIONS /v1/tasks/aaaaaaaa-0000-0000-0000-000000000006/messages
2026-04-22 10:25:30.828 | INFO     | app.main:log_requests:49 - [764c13f9] → 200
2026-04-22 10:25:30.831 | INFO     | app.main:log_requests:47 - [cdfde07c] GET /v1/tasks/aaaaaaaa-0000-0000-0000-000000000006/messages
2026-04-22 10:25:32.732 | INFO     | app.main:log_requests:49 - [cdfde07c] → 200
2026-04-22 10:25:42.738 | INFO     | app.main:log_requests:47 - [51e77b90] GET /v1/tasks/aaaaaaaa-0000-0000-0000-000000000006/messages
2026-04-22 10:25:43.957 | INFO     | app.main:log_requests:49 - [51e77b90] → 200
2026-04-22 10:26:05.468 | INFO     | app.main:log_requests:47 - [280ba4ef] OPTIONS /v1/users/me
2026-04-22 10:26:05.469 | INFO     | app.main:log_requests:49 - [280ba4ef] → 200
2026-04-22 10:26:05.477 | INFO     | app.main:log_requests:47 - [0c48b44d] GET /v1/users/me
2026-04-22 10:26:06.373 | INFO     | app.main:log_requests:49 - [0c48b44d] → 200
2026-04-22 10:26:06.433 | INFO     | app.main:log_requests:47 - [d243fddb] GET /v1/domains
2026-04-22 10:26:06.435 | INFO     | app.main:log_requests:47 - [36c11e87] GET /v1/tasks
2026-04-22 10:26:06.435 | INFO     | app.main:log_requests:49 - [d243fddb] → 307
2026-04-22 10:26:06.437 | INFO     | app.main:log_requests:49 - [36c11e87] → 307
2026-04-22 10:26:06.445 | INFO     | app.main:log_requests:47 - [cf0064fc] GET /v1/projects
2026-04-22 10:26:06.449 | INFO     | app.main:log_requests:47 - [57315a10] GET /v1/users
2026-04-22 10:26:06.451 | INFO     | app.main:log_requests:49 - [cf0064fc] → 307
2026-04-22 10:26:06.454 | INFO     | app.main:log_requests:49 - [57315a10] → 307
2026-04-22 10:26:06.459 | INFO     | app.main:log_requests:47 - [9e7d6efd] GET /v1/domains/
2026-04-22 10:26:07.162 | INFO     | app.main:log_requests:47 - [bf58f086] GET /v1/tasks/
2026-04-22 10:26:07.183 | INFO     | app.main:log_requests:49 - [9e7d6efd] → 200
2026-04-22 10:26:08.782 | INFO     | app.main:log_requests:49 - [bf58f086] → 200
2026-04-22 10:26:08.789 | INFO     | app.main:log_requests:47 - [4a488cec] GET /v1/projects/
2026-04-22 10:26:08.790 | INFO     | app.main:log_requests:47 - [fa67be71] GET /v1/users/
2026-04-22 10:26:10.175 | INFO     | app.main:log_requests:49 - [4a488cec] → 200
2026-04-22 10:26:10.176 | INFO     | app.main:log_requests:49 - [fa67be71] → 200
2026-04-22 10:26:13.714 | INFO     | app.main:log_requests:47 - [9c3ae4a1] GET /v1/users/me
2026-04-22 10:26:14.148 | INFO     | app.main:log_requests:49 - [9c3ae4a1] → 200
2026-04-22 10:26:14.250 | INFO     | app.main:log_requests:47 - [21d461be] GET /v1/domains
2026-04-22 10:26:14.252 | INFO     | app.main:log_requests:47 - [52fb0183] GET /v1/tasks
2026-04-22 10:26:14.253 | INFO     | app.main:log_requests:49 - [21d461be] → 307
2026-04-22 10:26:14.254 | INFO     | app.main:log_requests:49 - [52fb0183] → 307
2026-04-22 10:26:14.281 | INFO     | app.main:log_requests:47 - [08fa5ecc] GET /v1/domains/
2026-04-22 10:26:15.006 | INFO     | app.main:log_requests:49 - [08fa5ecc] → 200
2026-04-22 10:26:15.007 | INFO     | app.main:log_requests:47 - [54f97a5d] GET /v1/tasks/
2026-04-22 10:26:17.533 | INFO     | app.main:log_requests:49 - [54f97a5d] → 200
2026-04-22 10:26:25.574 | INFO     | app.main:log_requests:47 - [463e5033] OPTIONS /v1/tasks/aaaaaaaa-0000-0000-0000-000000000004/messages
2026-04-22 10:26:25.574 | INFO     | app.main:log_requests:49 - [463e5033] → 200
2026-04-22 10:26:25.580 | INFO     | app.main:log_requests:47 - [78ef4073] GET /v1/tasks/aaaaaaaa-0000-0000-0000-000000000004/messages
2026-04-22 10:26:26.788 | INFO     | app.main:log_requests:49 - [78ef4073] → 200
2026-04-22 10:26:31.808 | INFO     | app.main:log_requests:47 - [eda65b79] GET /v1/tasks/aaaaaaaa-0000-0000-0000-000000000004/messages
2026-04-22 10:26:33.038 | INFO     | app.main:log_requests:49 - [eda65b79] → 200
2026-04-22 10:26:38.353 | INFO     | app.main:log_requests:47 - [62ac93c9] GET /v1/tasks/aaaaaaaa-0000-0000-0000-000000000004/messages
2026-04-22 10:26:39.551 | INFO     | app.main:log_requests:49 - [62ac93c9] → 200
2026-04-22 10:26:39.552 | INFO     | app.main:log_requests:47 - [8d80e219] OPTIONS /v1/users
2026-04-22 10:26:39.553 | INFO     | app.main:log_requests:49 - [8d80e219] → 200
2026-04-22 10:26:39.554 | INFO     | app.main:log_requests:47 - [d85f8bbd] GET /v1/users
2026-04-22 10:26:39.555 | INFO     | app.main:log_requests:49 - [d85f8bbd] → 307
2026-04-22 10:26:39.556 | INFO     | app.main:log_requests:47 - [1f03d34d] OPTIONS /v1/users/
2026-04-22 10:26:39.557 | INFO     | app.main:log_requests:49 - [1f03d34d] → 200
2026-04-22 10:26:39.558 | INFO     | app.main:log_requests:47 - [208f8c6a] GET /v1/users/
2026-04-22 10:26:40.175 | INFO     | app.main:log_requests:49 - [208f8c6a] → 200
2026-04-22 10:26:44.561 | INFO     | app.main:log_requests:47 - [b810ed6a] GET /v1/tasks/aaaaaaaa-0000-0000-0000-000000000004/messages
2026-04-22 10:26:45.474 | INFO     | app.main:log_requests:49 - [b810ed6a] → 200
2026-04-22 10:26:56.512 | INFO     | app.main:log_requests:47 - [7c40f62b] GET /v1/users/me
2026-04-22 10:26:57.279 | INFO     | app.main:log_requests:49 - [7c40f62b] → 200
2026-04-22 10:26:57.312 | INFO     | app.main:log_requests:47 - [58cb1751] GET /v1/domains
2026-04-22 10:26:57.314 | INFO     | app.main:log_requests:49 - [58cb1751] → 307
2026-04-22 10:26:57.317 | INFO     | app.main:log_requests:47 - [429e5813] GET /v1/tasks
2026-04-22 10:26:57.317 | INFO     | app.main:log_requests:49 - [429e5813] → 307
2026-04-22 10:26:57.319 | INFO     | app.main:log_requests:47 - [a393c2f2] GET /v1/projects
2026-04-22 10:26:57.320 | INFO     | app.main:log_requests:49 - [a393c2f2] → 307
2026-04-22 10:26:57.322 | INFO     | app.main:log_requests:47 - [30593fae] GET /v1/users
2026-04-22 10:26:57.323 | INFO     | app.main:log_requests:49 - [30593fae] → 307
2026-04-22 10:26:57.324 | INFO     | app.main:log_requests:47 - [b7eea675] GET /v1/domains/
2026-04-22 10:26:58.005 | INFO     | app.main:log_requests:49 - [b7eea675] → 200
2026-04-22 10:26:58.007 | INFO     | app.main:log_requests:47 - [ec1a1466] GET /v1/tasks/
2026-04-22 10:26:58.007 | INFO     | app.main:log_requests:47 - [05e1d39c] GET /v1/users/
2026-04-22 10:26:58.008 | INFO     | app.main:log_requests:47 - [26421ade] GET /v1/projects/
2026-04-22 10:27:00.949 | INFO     | app.main:log_requests:49 - [ec1a1466] → 200
2026-04-22 10:27:00.949 | INFO     | app.main:log_requests:49 - [05e1d39c] → 200
2026-04-22 10:27:00.950 | INFO     | app.main:log_requests:49 - [26421ade] → 200
2026-04-22 10:27:15.013 | INFO     | app.main:log_requests:47 - [ac0045d0] GET /v1/domains/dddddddd-0000-0000-0000-000000000004
2026-04-22 10:27:16.024 | INFO     | app.main:log_requests:47 - [dd7a335e] GET /v1/projects
2026-04-22 10:27:16.025 | INFO     | app.main:log_requests:49 - [ac0045d0] → 200
2026-04-22 10:27:16.026 | INFO     | app.main:log_requests:49 - [dd7a335e] → 307
2026-04-22 10:27:16.026 | INFO     | app.main:log_requests:47 - [07ca1ed0] GET /v1/tasks
2026-04-22 10:27:16.027 | INFO     | app.main:log_requests:49 - [07ca1ed0] → 307
2026-04-22 10:27:16.044 | INFO     | app.main:log_requests:47 - [38b13b98] GET /v1/projects/
2026-04-22 10:27:16.759 | INFO     | app.main:log_requests:47 - [0b738696] GET /v1/tasks/
2026-04-22 10:27:18.785 | INFO     | app.main:log_requests:49 - [38b13b98] → 200
2026-04-22 10:27:18.786 | INFO     | app.main:log_requests:49 - [0b738696] → 200
2026-04-22 10:28:24.687 | INFO     | app.main:log_requests:47 - [ea8a5eb2] GET /v1/users/me
2026-04-22 10:28:25.761 | INFO     | app.main:log_requests:49 - [ea8a5eb2] → 200
2026-04-22 10:28:25.790 | INFO     | app.main:log_requests:47 - [56b79569] GET /v1/domains
2026-04-22 10:28:25.791 | INFO     | app.main:log_requests:47 - [71a58eb9] GET /v1/tasks
2026-04-22 10:28:25.792 | INFO     | app.main:log_requests:49 - [56b79569] → 307
2026-04-22 10:28:25.793 | INFO     | app.main:log_requests:49 - [71a58eb9] → 307
2026-04-22 10:28:25.795 | INFO     | app.main:log_requests:47 - [7c253391] GET /v1/domains/
2026-04-22 10:28:26.481 | INFO     | app.main:log_requests:47 - [c459f4f3] GET /v1/tasks/
2026-04-22 10:28:26.482 | INFO     | app.main:log_requests:49 - [7c253391] → 200
2026-04-22 10:28:28.071 | INFO     | app.main:log_requests:49 - [c459f4f3] → 200
2026-04-22 10:28:56.806 | INFO     | app.main:log_requests:47 - [93d1b4c6] GET /v1/users/me
2026-04-22 10:28:57.458 | INFO     | app.main:log_requests:49 - [93d1b4c6] → 200
2026-04-22 10:28:57.495 | INFO     | app.main:log_requests:47 - [2e10bef3] GET /v1/domains
2026-04-22 10:28:57.496 | INFO     | app.main:log_requests:47 - [31247a74] GET /v1/tasks
2026-04-22 10:28:57.497 | INFO     | app.main:log_requests:49 - [2e10bef3] → 307
2026-04-22 10:28:57.498 | INFO     | app.main:log_requests:49 - [31247a74] → 307
2026-04-22 10:28:57.499 | INFO     | app.main:log_requests:47 - [c17b1605] GET /v1/projects
2026-04-22 10:28:57.500 | INFO     | app.main:log_requests:49 - [c17b1605] → 307
2026-04-22 10:28:57.500 | INFO     | app.main:log_requests:47 - [e5401f9e] GET /v1/users
2026-04-22 10:28:57.501 | INFO     | app.main:log_requests:49 - [e5401f9e] → 307
2026-04-22 10:28:57.503 | INFO     | app.main:log_requests:47 - [81af992b] GET /v1/domains/
2026-04-22 10:28:58.213 | INFO     | app.main:log_requests:47 - [2d4695af] GET /v1/tasks/
2026-04-22 10:28:58.213 | INFO     | app.main:log_requests:49 - [81af992b] → 200
2026-04-22 10:28:59.817 | INFO     | app.main:log_requests:49 - [2d4695af] → 200
2026-04-22 10:28:59.825 | INFO     | app.main:log_requests:47 - [7c31b64b] GET /v1/users/
2026-04-22 10:28:59.841 | INFO     | app.main:log_requests:47 - [17f7013a] GET /v1/projects/
2026-04-22 10:29:01.145 | INFO     | app.main:log_requests:49 - [7c31b64b] → 200
2026-04-22 10:29:01.146 | INFO     | app.main:log_requests:49 - [17f7013a] → 200
2026-04-22 10:29:03.833 | INFO     | app.main:log_requests:47 - [e672224a] OPTIONS /v1/domains/dddddddd-0000-0000-0000-000000000001
2026-04-22 10:29:03.834 | INFO     | app.main:log_requests:49 - [e672224a] → 200
2026-04-22 10:29:03.838 | INFO     | app.main:log_requests:47 - [564c227a] OPTIONS /v1/projects
2026-04-22 10:29:03.839 | INFO     | app.main:log_requests:47 - [67e7d1c2] OPTIONS /v1/tasks
2026-04-22 10:29:03.840 | INFO     | app.main:log_requests:49 - [564c227a] → 200
2026-04-22 10:29:03.843 | INFO     | app.main:log_requests:49 - [67e7d1c2] → 200
2026-04-22 10:29:03.854 | INFO     | app.main:log_requests:47 - [1e9f433c] GET /v1/domains/dddddddd-0000-0000-0000-000000000001
2026-04-22 10:29:04.519 | INFO     | app.main:log_requests:47 - [be7ff545] GET /v1/tasks
2026-04-22 10:29:04.520 | INFO     | app.main:log_requests:47 - [ea1359e3] GET /v1/projects
2026-04-22 10:29:04.520 | INFO     | app.main:log_requests:49 - [1e9f433c] → 200
2026-04-22 10:29:04.521 | INFO     | app.main:log_requests:49 - [be7ff545] → 307
2026-04-22 10:29:04.521 | INFO     | app.main:log_requests:49 - [ea1359e3] → 307
2026-04-22 10:29:04.525 | INFO     | app.main:log_requests:47 - [c64ab5c1] OPTIONS /v1/tasks/
2026-04-22 10:29:04.525 | INFO     | app.main:log_requests:47 - [c33e2763] OPTIONS /v1/projects/
2026-04-22 10:29:04.526 | INFO     | app.main:log_requests:49 - [c64ab5c1] → 200
2026-04-22 10:29:04.526 | INFO     | app.main:log_requests:49 - [c33e2763] → 200
2026-04-22 10:29:04.527 | INFO     | app.main:log_requests:47 - [b26102d0] GET /v1/tasks/
2026-04-22 10:29:06.374 | INFO     | app.main:log_requests:47 - [171996ab] GET /v1/projects/
2026-04-22 10:29:06.375 | INFO     | app.main:log_requests:49 - [b26102d0] → 200
2026-04-22 10:29:07.099 | INFO     | app.main:log_requests:49 - [171996ab] → 200
2026-04-22 10:29:19.294 | INFO     | app.main:log_requests:47 - [2f1febb4] GET /v1/users/me
2026-04-22 10:29:19.985 | INFO     | app.main:log_requests:49 - [2f1febb4] → 200
2026-04-22 10:29:20.046 | INFO     | app.main:log_requests:47 - [b36ce8cd] GET /v1/domains
2026-04-22 10:29:20.047 | INFO     | app.main:log_requests:49 - [b36ce8cd] → 307
2026-04-22 10:29:20.048 | INFO     | app.main:log_requests:47 - [fd29d992] OPTIONS /v1/tasks
2026-04-22 10:29:20.049 | INFO     | app.main:log_requests:49 - [fd29d992] → 200
2026-04-22 10:29:20.053 | INFO     | app.main:log_requests:47 - [f8f8d413] OPTIONS /v1/projects/cccccccc-0000-0000-0000-000000000001
2026-04-22 10:29:20.055 | INFO     | app.main:log_requests:49 - [f8f8d413] → 200
2026-04-22 10:29:20.057 | INFO     | app.main:log_requests:47 - [7cdb6c24] GET /v1/domains/
2026-04-22 10:29:20.882 | INFO     | app.main:log_requests:47 - [6093ef16] GET /v1/tasks
2026-04-22 10:29:20.883 | INFO     | app.main:log_requests:49 - [7cdb6c24] → 200
2026-04-22 10:29:20.887 | INFO     | app.main:log_requests:49 - [6093ef16] → 307
2026-04-22 10:29:20.889 | INFO     | app.main:log_requests:47 - [e6a35575] GET /v1/projects/cccccccc-0000-0000-0000-000000000001
2026-04-22 10:29:21.595 | INFO     | app.main:log_requests:49 - [e6a35575] → 200
2026-04-22 10:29:21.609 | INFO     | app.main:log_requests:47 - [8585bb74] OPTIONS /v1/tasks/
2026-04-22 10:29:21.610 | INFO     | app.main:log_requests:49 - [8585bb74] → 200
2026-04-22 10:29:21.620 | INFO     | app.main:log_requests:47 - [32179fae] GET /v1/tasks/
2026-04-22 10:29:23.295 | INFO     | app.main:log_requests:49 - [32179fae] → 200
2026-04-22 10:31:18.601 | INFO     | app.main:log_requests:47 - [7fb3dd01] GET /v1/users/me
2026-04-22 10:31:19.429 | INFO     | app.main:log_requests:49 - [7fb3dd01] → 200
2026-04-22 10:31:19.474 | INFO     | app.main:log_requests:47 - [5ef09a53] OPTIONS /v1/domains
2026-04-22 10:31:19.475 | INFO     | app.main:log_requests:49 - [5ef09a53] → 200
2026-04-22 10:31:19.477 | INFO     | app.main:log_requests:47 - [2939ac9f] GET /v1/tasks
2026-04-22 10:31:19.478 | INFO     | app.main:log_requests:49 - [2939ac9f] → 307
2026-04-22 10:31:19.480 | INFO     | app.main:log_requests:47 - [973a484a] GET /v1/domains
2026-04-22 10:31:19.481 | INFO     | app.main:log_requests:49 - [973a484a] → 307
2026-04-22 10:31:19.484 | INFO     | app.main:log_requests:47 - [1351773c] GET /v1/projects
2026-04-22 10:31:19.486 | INFO     | app.main:log_requests:47 - [afad1aec] GET /v1/users
2026-04-22 10:31:19.487 | INFO     | app.main:log_requests:49 - [1351773c] → 307
2026-04-22 10:31:19.487 | INFO     | app.main:log_requests:49 - [afad1aec] → 307
2026-04-22 10:31:19.489 | INFO     | app.main:log_requests:47 - [ecbe29f1] OPTIONS /v1/domains/
2026-04-22 10:31:19.489 | INFO     | app.main:log_requests:49 - [ecbe29f1] → 200
2026-04-22 10:31:19.491 | INFO     | app.main:log_requests:47 - [4e2075a4] GET /v1/tasks/
2026-04-22 10:31:21.233 | INFO     | app.main:log_requests:49 - [4e2075a4] → 200
2026-04-22 10:31:21.234 | INFO     | app.main:log_requests:47 - [861e8491] GET /v1/domains/
2026-04-22 10:31:22.049 | INFO     | app.main:log_requests:49 - [861e8491] → 200
2026-04-22 10:31:22.050 | INFO     | app.main:log_requests:47 - [ce46d118] GET /v1/users/
2026-04-22 10:31:22.050 | INFO     | app.main:log_requests:47 - [85a63676] GET /v1/projects/
2026-04-22 10:31:23.447 | INFO     | app.main:log_requests:49 - [ce46d118] → 200
2026-04-22 10:31:23.448 | INFO     | app.main:log_requests:49 - [85a63676] → 200
2026-04-22 10:31:54.150 | INFO     | app.main:log_requests:47 - [7635bfb4] GET /v1/users/me
2026-04-22 10:31:55.887 | INFO     | app.main:log_requests:49 - [7635bfb4] → 200
2026-04-22 10:31:55.962 | INFO     | app.main:log_requests:47 - [f36b13d4] OPTIONS /v1/tasks
2026-04-22 10:31:55.963 | INFO     | app.main:log_requests:47 - [cd919b52] GET /v1/domains
2026-04-22 10:31:55.964 | INFO     | app.main:log_requests:49 - [f36b13d4] → 200
2026-04-22 10:31:55.965 | INFO     | app.main:log_requests:49 - [cd919b52] → 307
2026-04-22 10:31:55.968 | INFO     | app.main:log_requests:47 - [945dd2a7] GET /v1/projects
2026-04-22 10:31:55.971 | INFO     | app.main:log_requests:47 - [a321c426] GET /v1/tasks
2026-04-22 10:31:55.972 | INFO     | app.main:log_requests:49 - [945dd2a7] → 307
2026-04-22 10:31:55.975 | INFO     | app.main:log_requests:49 - [a321c426] → 307
2026-04-22 10:31:55.979 | INFO     | app.main:log_requests:47 - [5e6f0a0c] GET /v1/users
2026-04-22 10:31:55.982 | INFO     | app.main:log_requests:47 - [be36b364] GET /v1/domains/
2026-04-22 10:31:55.982 | INFO     | app.main:log_requests:49 - [5e6f0a0c] → 307
2026-04-22 10:31:56.776 | INFO     | app.main:log_requests:49 - [be36b364] → 200
2026-04-22 10:31:56.778 | INFO     | app.main:log_requests:47 - [bf23feef] GET /v1/projects/
2026-04-22 10:31:57.501 | INFO     | app.main:log_requests:49 - [bf23feef] → 200
2026-04-22 10:31:57.509 | INFO     | app.main:log_requests:47 - [1d361091] GET /v1/users/
2026-04-22 10:31:57.510 | INFO     | app.main:log_requests:47 - [dab1b3ac] OPTIONS /v1/tasks/
2026-04-22 10:31:58.208 | INFO     | app.main:log_requests:49 - [1d361091] → 200
2026-04-22 10:31:58.208 | INFO     | app.main:log_requests:49 - [dab1b3ac] → 200
2026-04-22 10:31:58.222 | INFO     | app.main:log_requests:47 - [41963087] GET /v1/tasks/
2026-04-22 10:31:59.826 | INFO     | app.main:log_requests:49 - [41963087] → 200
2026-04-22 10:32:03.835 | INFO     | app.main:log_requests:47 - [fe33d602] GET /v1/users/me
2026-04-22 10:32:04.391 | INFO     | app.main:log_requests:49 - [fe33d602] → 200
2026-04-22 10:32:04.438 | INFO     | app.main:log_requests:47 - [6e9b3406] OPTIONS /v1/domains/dddddddd-0000-0000-0000-000000000004
2026-04-22 10:32:04.438 | INFO     | app.main:log_requests:49 - [6e9b3406] → 200
2026-04-22 10:32:04.439 | INFO     | app.main:log_requests:47 - [581b699e] OPTIONS /v1/projects
2026-04-22 10:32:04.441 | INFO     | app.main:log_requests:49 - [581b699e] → 200
2026-04-22 10:32:04.441 | INFO     | app.main:log_requests:47 - [9e85040c] OPTIONS /v1/tasks
2026-04-22 10:32:04.446 | INFO     | app.main:log_requests:49 - [9e85040c] → 200
2026-04-22 10:32:04.456 | INFO     | app.main:log_requests:47 - [eae92c30] GET /v1/domains
2026-04-22 10:32:04.458 | INFO     | app.main:log_requests:47 - [33e8a951] GET /v1/projects
2026-04-22 10:32:04.459 | INFO     | app.main:log_requests:47 - [6360dff8] GET /v1/domains/dddddddd-0000-0000-0000-000000000004
2026-04-22 10:32:05.161 | INFO     | app.main:log_requests:49 - [eae92c30] → 307
2026-04-22 10:32:05.163 | INFO     | app.main:log_requests:49 - [33e8a951] → 307
2026-04-22 10:32:05.164 | INFO     | app.main:log_requests:49 - [6360dff8] → 200
2026-04-22 10:32:05.166 | INFO     | app.main:log_requests:47 - [91b760f7] GET /v1/tasks
2026-04-22 10:32:05.167 | INFO     | app.main:log_requests:47 - [07b7cfb2] GET /v1/domains/
2026-04-22 10:32:05.168 | INFO     | app.main:log_requests:49 - [91b760f7] → 307
2026-04-22 10:32:05.882 | INFO     | app.main:log_requests:47 - [09e19c7a] OPTIONS /v1/projects/
2026-04-22 10:32:05.883 | INFO     | app.main:log_requests:49 - [07b7cfb2] → 200
2026-04-22 10:32:05.884 | INFO     | app.main:log_requests:47 - [5c1721fe] OPTIONS /v1/tasks/
2026-04-22 10:32:05.885 | INFO     | app.main:log_requests:49 - [09e19c7a] → 200
2026-04-22 10:32:05.885 | INFO     | app.main:log_requests:49 - [5c1721fe] → 200
2026-04-22 10:32:05.887 | INFO     | app.main:log_requests:47 - [afbd2102] GET /v1/projects/
2026-04-22 10:32:06.591 | INFO     | app.main:log_requests:47 - [81d0ed1b] GET /v1/tasks/
2026-04-22 10:32:06.591 | INFO     | app.main:log_requests:49 - [afbd2102] → 200
2026-04-22 10:32:08.527 | INFO     | app.main:log_requests:49 - [81d0ed1b] → 200
2026-04-22 10:32:12.456 | INFO     | app.main:log_requests:47 - [08104aad] GET /v1/users/me
2026-04-22 10:32:13.017 | INFO     | app.main:log_requests:49 - [08104aad] → 200
2026-04-22 10:32:13.108 | INFO     | app.main:log_requests:47 - [ecc31a11] GET /v1/domains
2026-04-22 10:32:13.111 | INFO     | app.main:log_requests:47 - [1ecb6a28] GET /v1/projects/cccccccc-0000-0000-0000-000000000004
2026-04-22 10:32:13.744 | INFO     | app.main:log_requests:49 - [ecc31a11] → 307
2026-04-22 10:32:13.746 | INFO     | app.main:log_requests:49 - [1ecb6a28] → 200
2026-04-22 10:32:13.768 | INFO     | app.main:log_requests:47 - [2e66a182] GET /v1/tasks
2026-04-22 10:32:13.769 | INFO     | app.main:log_requests:49 - [2e66a182] → 307
2026-04-22 10:32:13.794 | INFO     | app.main:log_requests:47 - [eed6cf5c] GET /v1/domains/
2026-04-22 10:32:14.530 | INFO     | app.main:log_requests:49 - [eed6cf5c] → 200
2026-04-22 10:32:14.531 | INFO     | app.main:log_requests:47 - [a795cecc] GET /v1/tasks/
2026-04-22 10:32:16.237 | INFO     | app.main:log_requests:49 - [a795cecc] → 200
2026-04-22 10:33:36.923 | INFO     | app.main:log_requests:47 - [543af099] GET /v1/projects/cccccccc-0000-0000-0000-000000000004
2026-04-22 10:33:38.465 | INFO     | app.main:log_requests:49 - [543af099] → 200
2026-04-22 10:33:38.703 | INFO     | app.main:log_requests:47 - [93aae694] GET /v1/users/me
2026-04-22 10:33:39.842 | INFO     | app.main:log_requests:49 - [93aae694] → 200
2026-04-22 10:33:39.934 | INFO     | app.main:log_requests:47 - [240814d2] GET /v1/domains
2026-04-22 10:33:39.936 | INFO     | app.main:log_requests:47 - [ef3dbe55] GET /v1/domains/dddddddd-0000-0000-0000-000000000004
2026-04-22 10:33:39.937 | INFO     | app.main:log_requests:49 - [240814d2] → 307
2026-04-22 10:33:41.012 | INFO     | app.main:log_requests:49 - [ef3dbe55] → 200
2026-04-22 10:33:41.013 | INFO     | app.main:log_requests:47 - [61553ed2] GET /v1/projects
2026-04-22 10:33:41.021 | INFO     | app.main:log_requests:49 - [61553ed2] → 307
2026-04-22 10:33:41.022 | INFO     | app.main:log_requests:47 - [eb62ca31] GET /v1/domains/
2026-04-22 10:33:41.023 | INFO     | app.main:log_requests:47 - [8eec3010] GET /v1/tasks
2026-04-22 10:33:41.681 | INFO     | app.main:log_requests:49 - [eb62ca31] → 200
2026-04-22 10:33:41.682 | INFO     | app.main:log_requests:49 - [8eec3010] → 307
2026-04-22 10:33:41.683 | INFO     | app.main:log_requests:47 - [1d4719e3] GET /v1/projects/
2026-04-22 10:33:42.361 | INFO     | app.main:log_requests:49 - [1d4719e3] → 200
2026-04-22 10:33:42.363 | INFO     | app.main:log_requests:47 - [3f099730] GET /v1/tasks/
2026-04-22 10:33:44.132 | INFO     | app.main:log_requests:49 - [3f099730] → 200
2026-04-22 10:33:48.535 | INFO     | app.main:log_requests:47 - [08f8cc9d] GET /v1/users/me
2026-04-22 10:33:49.241 | INFO     | app.main:log_requests:49 - [08f8cc9d] → 200
2026-04-22 10:33:49.330 | INFO     | app.main:log_requests:47 - [747df869] OPTIONS /v1/projects
2026-04-22 10:33:49.331 | INFO     | app.main:log_requests:49 - [747df869] → 200
2026-04-22 10:33:49.346 | INFO     | app.main:log_requests:47 - [e6619df4] GET /v1/domains
2026-04-22 10:33:49.348 | INFO     | app.main:log_requests:47 - [b985f529] GET /v1/tasks
2026-04-22 10:33:49.348 | INFO     | app.main:log_requests:49 - [e6619df4] → 307
2026-04-22 10:33:49.355 | INFO     | app.main:log_requests:49 - [b985f529] → 307
2026-04-22 10:33:49.362 | INFO     | app.main:log_requests:47 - [c0f7d862] GET /v1/projects
2026-04-22 10:33:49.369 | INFO     | app.main:log_requests:49 - [c0f7d862] → 307
2026-04-22 10:33:49.375 | INFO     | app.main:log_requests:47 - [6c95bf51] GET /v1/domains/
2026-04-22 10:33:50.524 | INFO     | app.main:log_requests:49 - [6c95bf51] → 200
2026-04-22 10:33:50.525 | INFO     | app.main:log_requests:47 - [ec197dcc] GET /v1/tasks/
2026-04-22 10:33:52.220 | INFO     | app.main:log_requests:49 - [ec197dcc] → 200
2026-04-22 10:33:52.221 | INFO     | app.main:log_requests:47 - [2578a82e] OPTIONS /v1/projects/
2026-04-22 10:33:52.222 | INFO     | app.main:log_requests:49 - [2578a82e] → 200
2026-04-22 10:33:52.235 | INFO     | app.main:log_requests:47 - [17494223] GET /v1/projects/
2026-04-22 10:33:52.904 | INFO     | app.main:log_requests:49 - [17494223] → 200
2026-04-22 10:35:47.242 | INFO     | app.main:log_requests:47 - [d2ce1fb5] GET /v1/users/me
2026-04-22 10:35:48.271 | INFO     | app.main:log_requests:49 - [d2ce1fb5] → 200
2026-04-22 10:35:48.332 | INFO     | app.main:log_requests:47 - [7a6fe137] GET /v1/domains
2026-04-22 10:35:48.334 | INFO     | app.main:log_requests:49 - [7a6fe137] → 307
2026-04-22 10:35:48.337 | INFO     | app.main:log_requests:47 - [d3b1d4ad] GET /v1/tasks
2026-04-22 10:35:48.339 | INFO     | app.main:log_requests:47 - [92091984] GET /v1/projects
2026-04-22 10:35:48.340 | INFO     | app.main:log_requests:49 - [d3b1d4ad] → 307
2026-04-22 10:35:48.343 | INFO     | app.main:log_requests:49 - [92091984] → 307
2026-04-22 10:35:48.346 | INFO     | app.main:log_requests:47 - [b2c20f4e] GET /v1/domains/
2026-04-22 10:35:49.230 | INFO     | app.main:log_requests:47 - [099fcdbc] OPTIONS /v1/users
2026-04-22 10:35:49.231 | INFO     | app.main:log_requests:49 - [b2c20f4e] → 200
2026-04-22 10:35:49.255 | INFO     | app.main:log_requests:49 - [099fcdbc] → 200
2026-04-22 10:35:49.277 | INFO     | app.main:log_requests:47 - [6a2e72e4] GET /v1/tasks/
2026-04-22 10:35:49.279 | INFO     | app.main:log_requests:47 - [68a2dcff] GET /v1/projects/
2026-04-22 10:35:51.658 | INFO     | app.main:log_requests:49 - [6a2e72e4] → 200
2026-04-22 10:35:51.659 | INFO     | app.main:log_requests:49 - [68a2dcff] → 200
2026-04-22 10:35:51.660 | INFO     | app.main:log_requests:47 - [c800e2c8] GET /v1/users
2026-04-22 10:35:51.660 | INFO     | app.main:log_requests:49 - [c800e2c8] → 307
2026-04-22 10:35:51.672 | INFO     | app.main:log_requests:47 - [ecc3961a] OPTIONS /v1/users/
2026-04-22 10:35:51.672 | INFO     | app.main:log_requests:49 - [ecc3961a] → 200
2026-04-22 10:35:51.692 | INFO     | app.main:log_requests:47 - [560754b1] GET /v1/users/
2026-04-22 10:35:52.420 | INFO     | app.main:log_requests:49 - [560754b1] → 200
2026-04-22 10:36:07.030 | INFO     | app.main:log_requests:47 - [ad04443d] OPTIONS /v1/users/me
2026-04-22 10:36:07.031 | INFO     | app.main:log_requests:49 - [ad04443d] → 200
2026-04-22 10:36:07.033 | INFO     | app.main:log_requests:47 - [8a0ce6de] GET /v1/users/me
2026-04-22 10:36:07.725 | INFO     | app.main:log_requests:49 - [8a0ce6de] → 200
2026-04-22 10:36:07.760 | INFO     | app.main:log_requests:47 - [20be7a2f] GET /v1/domains
2026-04-22 10:36:07.761 | INFO     | app.main:log_requests:47 - [caf142f4] GET /v1/tasks
2026-04-22 10:36:07.762 | INFO     | app.main:log_requests:49 - [20be7a2f] → 307
2026-04-22 10:36:07.763 | INFO     | app.main:log_requests:49 - [caf142f4] → 307
2026-04-22 10:36:07.764 | INFO     | app.main:log_requests:47 - [ce758df4] GET /v1/projects
2026-04-22 10:36:07.765 | INFO     | app.main:log_requests:49 - [ce758df4] → 307
2026-04-22 10:36:07.768 | INFO     | app.main:log_requests:47 - [0decfe6d] GET /v1/users
2026-04-22 10:36:07.770 | INFO     | app.main:log_requests:49 - [0decfe6d] → 307
2026-04-22 10:36:07.772 | INFO     | app.main:log_requests:47 - [1f3d75f5] GET /v1/domains/
2026-04-22 10:36:08.451 | INFO     | app.main:log_requests:47 - [1ceb1bbe] GET /v1/tasks/
2026-04-22 10:36:08.453 | INFO     | app.main:log_requests:49 - [1f3d75f5] → 200
2026-04-22 10:36:10.265 | INFO     | app.main:log_requests:49 - [1ceb1bbe] → 200
2026-04-22 10:36:10.267 | INFO     | app.main:log_requests:47 - [c5d125e6] GET /v1/users/
2026-04-22 10:36:10.268 | INFO     | app.main:log_requests:47 - [84edc231] GET /v1/projects/
2026-04-22 10:36:11.784 | INFO     | app.main:log_requests:49 - [c5d125e6] → 200
2026-04-22 10:36:11.786 | INFO     | app.main:log_requests:49 - [84edc231] → 200
2026-04-22 10:36:11.791 | INFO     | app.main:log_requests:47 - [33604d2d] GET /v1/users/me
2026-04-22 10:36:12.263 | INFO     | app.main:log_requests:49 - [33604d2d] → 200
2026-04-22 10:36:12.381 | INFO     | app.main:log_requests:47 - [50f03c95] GET /v1/domains
2026-04-22 10:36:12.383 | INFO     | app.main:log_requests:47 - [93ecd74b] GET /v1/projects
2026-04-22 10:36:12.385 | INFO     | app.main:log_requests:47 - [08eca38b] GET /v1/tasks
2026-04-22 10:36:12.385 | INFO     | app.main:log_requests:49 - [50f03c95] → 307
2026-04-22 10:36:12.386 | INFO     | app.main:log_requests:49 - [93ecd74b] → 307
2026-04-22 10:36:12.387 | INFO     | app.main:log_requests:49 - [08eca38b] → 307
2026-04-22 10:36:12.423 | INFO     | app.main:log_requests:47 - [6bc1b2c5] GET /v1/projects/
2026-04-22 10:36:13.090 | INFO     | app.main:log_requests:47 - [33ebb107] GET /v1/domains/
2026-04-22 10:36:13.781 | INFO     | app.main:log_requests:47 - [b213145d] GET /v1/tasks/
2026-04-22 10:36:13.783 | INFO     | app.main:log_requests:49 - [6bc1b2c5] → 200
2026-04-22 10:36:15.432 | INFO     | app.main:log_requests:49 - [33ebb107] → 200
2026-04-22 10:36:15.433 | INFO     | app.main:log_requests:49 - [b213145d] → 200
2026-04-22 10:36:19.238 | INFO     | app.main:log_requests:47 - [03e3253f] GET /v1/users/me
2026-04-22 10:36:19.818 | INFO     | app.main:log_requests:49 - [03e3253f] → 200
2026-04-22 10:36:19.878 | INFO     | app.main:log_requests:47 - [54639f2c] GET /v1/domains
2026-04-22 10:36:19.880 | INFO     | app.main:log_requests:47 - [15acdeb4] GET /v1/projects
2026-04-22 10:36:19.880 | INFO     | app.main:log_requests:49 - [54639f2c] → 307
2026-04-22 10:36:19.882 | INFO     | app.main:log_requests:49 - [15acdeb4] → 307
2026-04-22 10:36:19.882 | INFO     | app.main:log_requests:47 - [8940cbca] GET /v1/tasks
2026-04-22 10:36:19.883 | INFO     | app.main:log_requests:49 - [8940cbca] → 307
2026-04-22 10:36:19.885 | INFO     | app.main:log_requests:47 - [d68e32f0] GET /v1/domains/
2026-04-22 10:36:20.618 | INFO     | app.main:log_requests:47 - [153710d1] GET /v1/projects/
2026-04-22 10:36:20.619 | INFO     | app.main:log_requests:49 - [d68e32f0] → 200
2026-04-22 10:36:21.290 | INFO     | app.main:log_requests:47 - [ae62399f] GET /v1/tasks/
2026-04-22 10:36:22.855 | INFO     | app.main:log_requests:49 - [153710d1] → 200
2026-04-22 10:36:22.856 | INFO     | app.main:log_requests:49 - [ae62399f] → 200
2026-04-22 10:37:03.321 | INFO     | app.main:log_requests:47 - [9de0c9b7] GET /v1/users/me
2026-04-22 10:37:04.178 | INFO     | app.main:log_requests:49 - [9de0c9b7] → 200
2026-04-22 10:37:04.233 | INFO     | app.main:log_requests:47 - [c741e58a] GET /v1/domains
2026-04-22 10:37:04.234 | INFO     | app.main:log_requests:49 - [c741e58a] → 307
2026-04-22 10:37:04.236 | INFO     | app.main:log_requests:47 - [e6b0d363] OPTIONS /v1/tasks
2026-04-22 10:37:04.237 | INFO     | app.main:log_requests:49 - [e6b0d363] → 200
2026-04-22 10:37:04.239 | INFO     | app.main:log_requests:47 - [38df3f3f] GET /v1/domains/
2026-04-22 10:37:04.934 | INFO     | app.main:log_requests:49 - [38df3f3f] → 200
2026-04-22 10:37:04.936 | INFO     | app.main:log_requests:47 - [be677f0d] GET /v1/tasks
2026-04-22 10:37:04.937 | INFO     | app.main:log_requests:49 - [be677f0d] → 307
2026-04-22 10:37:04.949 | INFO     | app.main:log_requests:47 - [8c85d54f] GET /v1/tasks/
2026-04-22 10:37:06.890 | INFO     | app.main:log_requests:49 - [8c85d54f] → 200
2026-04-22 10:38:41.472 | INFO     | app.main:log_requests:47 - [5bf1df63] OPTIONS /v1/tasks/my
2026-04-22 10:38:41.473 | INFO     | app.main:log_requests:49 - [5bf1df63] → 200
2026-04-22 10:38:41.474 | INFO     | app.main:log_requests:47 - [70ebfb7c] GET /v1/tasks/my
2026-04-22 10:38:43.599 | INFO     | app.main:log_requests:49 - [70ebfb7c] → 200
2026-04-22 10:40:27.651 | INFO     | app.main:log_requests:47 - [5ea1f1fd] GET /v1/tasks/my
2026-04-22 10:40:28.890 | INFO     | app.main:log_requests:49 - [5ea1f1fd] → 200
2026-04-22 10:41:48.614 | INFO     | app.main:log_requests:47 - [fa4cffc7] GET /v1/users/me
2026-04-22 10:41:49.727 | INFO     | app.main:log_requests:49 - [fa4cffc7] → 200
2026-04-22 10:41:49.773 | INFO     | app.main:log_requests:47 - [a40274e5] OPTIONS /v1/domains
2026-04-22 10:41:49.774 | INFO     | app.main:log_requests:49 - [a40274e5] → 200
2026-04-22 10:41:49.777 | INFO     | app.main:log_requests:47 - [e5fe8e32] GET /v1/domains
2026-04-22 10:41:49.778 | INFO     | app.main:log_requests:49 - [e5fe8e32] → 307
2026-04-22 10:41:49.779 | INFO     | app.main:log_requests:47 - [2c996877] OPTIONS /v1/domains/dddddddd-0000-0000-0000-000000000001
2026-04-22 10:41:49.780 | INFO     | app.main:log_requests:47 - [e94e3cba] OPTIONS /v1/projects
2026-04-22 10:41:49.780 | INFO     | app.main:log_requests:49 - [2c996877] → 200
2026-04-22 10:41:49.781 | INFO     | app.main:log_requests:49 - [e94e3cba] → 200
2026-04-22 10:41:49.783 | INFO     | app.main:log_requests:47 - [0fa6b51e] OPTIONS /v1/tasks
2026-04-22 10:41:49.784 | INFO     | app.main:log_requests:49 - [0fa6b51e] → 200
2026-04-22 10:41:49.784 | INFO     | app.main:log_requests:47 - [c26ea9c8] OPTIONS /v1/domains/
2026-04-22 10:41:49.785 | INFO     | app.main:log_requests:49 - [c26ea9c8] → 200
2026-04-22 10:41:49.786 | INFO     | app.main:log_requests:47 - [9cdbe771] GET /v1/domains/dddddddd-0000-0000-0000-000000000001
2026-04-22 10:41:50.581 | INFO     | app.main:log_requests:47 - [3d08ce1c] GET /v1/projects
2026-04-22 10:41:50.582 | INFO     | app.main:log_requests:49 - [9cdbe771] → 200
2026-04-22 10:41:50.584 | INFO     | app.main:log_requests:49 - [3d08ce1c] → 307
2026-04-22 10:41:50.586 | INFO     | app.main:log_requests:47 - [2cc43551] GET /v1/domains/
2026-04-22 10:41:50.586 | INFO     | app.main:log_requests:47 - [bee06a43] GET /v1/tasks
2026-04-22 10:41:51.314 | INFO     | app.main:log_requests:49 - [2cc43551] → 200
2026-04-22 10:41:51.314 | INFO     | app.main:log_requests:49 - [bee06a43] → 307
2026-04-22 10:41:51.316 | INFO     | app.main:log_requests:47 - [35c3bef5] OPTIONS /v1/projects/
2026-04-22 10:41:51.316 | INFO     | app.main:log_requests:49 - [35c3bef5] → 200
2026-04-22 10:41:51.325 | INFO     | app.main:log_requests:47 - [4075cc50] OPTIONS /v1/tasks/
2026-04-22 10:41:51.326 | INFO     | app.main:log_requests:49 - [4075cc50] → 200
2026-04-22 10:41:51.328 | INFO     | app.main:log_requests:47 - [74947181] GET /v1/projects/
2026-04-22 10:41:52.041 | INFO     | app.main:log_requests:49 - [74947181] → 200
2026-04-22 10:41:52.042 | INFO     | app.main:log_requests:47 - [0a404ab4] GET /v1/tasks/
2026-04-22 10:41:53.908 | INFO     | app.main:log_requests:49 - [0a404ab4] → 200
2026-04-22 10:42:13.496 | INFO     | app.main:log_requests:47 - [66dd50ee] GET /v1/users/me
2026-04-22 10:42:14.958 | INFO     | app.main:log_requests:49 - [66dd50ee] → 200
2026-04-22 10:42:15.000 | INFO     | app.main:log_requests:47 - [17ebc063] GET /v1/domains
2026-04-22 10:42:15.001 | INFO     | app.main:log_requests:47 - [2e65ed08] OPTIONS /v1/projects/cccccccc-0000-0000-0000-000000000001
2026-04-22 10:42:15.002 | INFO     | app.main:log_requests:49 - [17ebc063] → 307
2026-04-22 10:42:15.002 | INFO     | app.main:log_requests:49 - [2e65ed08] → 200
2026-04-22 10:42:15.004 | INFO     | app.main:log_requests:47 - [695bf064] OPTIONS /v1/tasks
2026-04-22 10:42:15.005 | INFO     | app.main:log_requests:49 - [695bf064] → 200
2026-04-22 10:42:15.006 | INFO     | app.main:log_requests:47 - [c940009c] GET /v1/projects/cccccccc-0000-0000-0000-000000000001
2026-04-22 10:42:16.050 | INFO     | app.main:log_requests:49 - [c940009c] → 200
2026-04-22 10:42:16.051 | INFO     | app.main:log_requests:47 - [0206715f] GET /v1/domains/
2026-04-22 10:42:16.733 | INFO     | app.main:log_requests:49 - [0206715f] → 200
2026-04-22 10:42:16.733 | INFO     | app.main:log_requests:47 - [0bb61fd3] GET /v1/tasks
2026-04-22 10:42:16.735 | INFO     | app.main:log_requests:49 - [0bb61fd3] → 307
2026-04-22 10:42:16.745 | INFO     | app.main:log_requests:47 - [dc74f047] OPTIONS /v1/tasks/
2026-04-22 10:42:16.746 | INFO     | app.main:log_requests:49 - [dc74f047] → 200
2026-04-22 10:42:16.757 | INFO     | app.main:log_requests:47 - [c7a073b2] GET /v1/tasks/
2026-04-22 10:42:18.396 | INFO     | app.main:log_requests:49 - [c7a073b2] → 200
2026-04-22 10:42:29.417 | INFO     | app.main:log_requests:47 - [16a55611] GET /v1/users/me
2026-04-22 10:42:30.392 | INFO     | app.main:log_requests:49 - [16a55611] → 200
2026-04-22 10:42:30.456 | INFO     | app.main:log_requests:47 - [b581c642] GET /v1/domains
2026-04-22 10:42:30.458 | INFO     | app.main:log_requests:47 - [0d32414a] GET /v1/projects/cccccccc-0000-0000-0000-000000000001
2026-04-22 10:42:30.458 | INFO     | app.main:log_requests:49 - [b581c642] → 307
2026-04-22 10:42:31.136 | INFO     | app.main:log_requests:49 - [0d32414a] → 200
2026-04-22 10:42:31.138 | INFO     | app.main:log_requests:47 - [02f410f5] GET /v1/tasks
2026-04-22 10:42:31.139 | INFO     | app.main:log_requests:49 - [02f410f5] → 307
2026-04-22 10:42:31.141 | INFO     | app.main:log_requests:47 - [49d91b3f] GET /v1/domains/
2026-04-22 10:42:31.815 | INFO     | app.main:log_requests:49 - [49d91b3f] → 200
2026-04-22 10:42:31.816 | INFO     | app.main:log_requests:47 - [0afeca06] GET /v1/tasks/
2026-04-22 10:42:33.404 | INFO     | app.main:log_requests:49 - [0afeca06] → 200
2026-04-22 10:44:09.727 | INFO     | app.main:log_requests:47 - [cfef394d] GET /v1/users/me
2026-04-22 10:44:12.498 | INFO     | app.main:log_requests:49 - [cfef394d] → 200
2026-04-22 10:44:13.383 | INFO     | app.main:log_requests:47 - [6fad1172] GET /v1/domains
2026-04-22 10:44:13.384 | INFO     | app.main:log_requests:49 - [6fad1172] → 307
2026-04-22 10:44:13.389 | INFO     | app.main:log_requests:47 - [a8313cf8] GET /v1/domains/
2026-04-22 10:44:14.291 | INFO     | app.main:log_requests:49 - [a8313cf8] → 200
2026-04-22 10:44:19.185 | INFO     | app.main:log_requests:47 - [b6e5f282] OPTIONS /v1/users/cfcb1bde-c661-499d-a1e2-5a8eb8762da2
2026-04-22 10:44:19.185 | INFO     | app.main:log_requests:49 - [b6e5f282] → 200
2026-04-22 10:44:19.207 | INFO     | app.main:log_requests:47 - [7194b0e2] PATCH /v1/users/cfcb1bde-c661-499d-a1e2-5a8eb8762da2
2026-04-22 10:44:21.301 | INFO     | app.main:log_requests:49 - [7194b0e2] → 200
2026-04-22 10:44:32.442 | INFO     | app.main:log_requests:47 - [b73ed4c6] GET /v1/users/me
2026-04-22 10:44:33.215 | INFO     | app.main:log_requests:49 - [b73ed4c6] → 200
2026-04-22 10:44:33.273 | INFO     | app.main:log_requests:47 - [414a2d58] GET /v1/domains
2026-04-22 10:44:33.275 | INFO     | app.main:log_requests:49 - [414a2d58] → 307
2026-04-22 10:44:33.277 | INFO     | app.main:log_requests:47 - [278b1066] OPTIONS /v1/tasks
2026-04-22 10:44:33.278 | INFO     | app.main:log_requests:49 - [278b1066] → 200
2026-04-22 10:44:33.281 | INFO     | app.main:log_requests:47 - [41b8cc3e] OPTIONS /v1/projects
2026-04-22 10:44:33.281 | INFO     | app.main:log_requests:49 - [41b8cc3e] → 200
2026-04-22 10:44:33.283 | INFO     | app.main:log_requests:47 - [c633605a] GET /v1/users
2026-04-22 10:44:33.285 | INFO     | app.main:log_requests:49 - [c633605a] → 307
2026-04-22 10:44:33.287 | INFO     | app.main:log_requests:47 - [b0c927b0] GET /v1/tasks
2026-04-22 10:44:33.287 | INFO     | app.main:log_requests:49 - [b0c927b0] → 307
2026-04-22 10:44:33.289 | INFO     | app.main:log_requests:47 - [c375d101] GET /v1/domains/
2026-04-22 10:44:33.937 | INFO     | app.main:log_requests:49 - [c375d101] → 200
2026-04-22 10:44:33.939 | INFO     | app.main:log_requests:47 - [0d77b1c7] GET /v1/projects
2026-04-22 10:44:33.940 | INFO     | app.main:log_requests:47 - [0aa548f6] GET /v1/users/
2026-04-22 10:44:33.940 | INFO     | app.main:log_requests:47 - [075fea8d] OPTIONS /v1/tasks/
2026-04-22 10:44:34.624 | INFO     | app.main:log_requests:49 - [0d77b1c7] → 307
2026-04-22 10:44:34.625 | INFO     | app.main:log_requests:49 - [0aa548f6] → 200
2026-04-22 10:44:34.626 | INFO     | app.main:log_requests:49 - [075fea8d] → 200
2026-04-22 10:44:34.642 | INFO     | app.main:log_requests:47 - [53752ecd] GET /v1/tasks/
2026-04-22 10:44:36.385 | INFO     | app.main:log_requests:49 - [53752ecd] → 200
2026-04-22 10:44:36.386 | INFO     | app.main:log_requests:47 - [96d6b48f] OPTIONS /v1/projects/
2026-04-22 10:44:36.387 | INFO     | app.main:log_requests:49 - [96d6b48f] → 200
2026-04-22 10:44:36.408 | INFO     | app.main:log_requests:47 - [73512185] GET /v1/projects/
2026-04-22 10:44:37.149 | INFO     | app.main:log_requests:49 - [73512185] → 200
2026-04-22 10:44:40.521 | INFO     | app.main:log_requests:47 - [ac933037] GET /v1/users/me
2026-04-22 10:44:40.963 | INFO     | app.main:log_requests:49 - [ac933037] → 200
2026-04-22 10:44:41.030 | INFO     | app.main:log_requests:47 - [8c61346d] GET /v1/domains
2026-04-22 10:44:41.031 | INFO     | app.main:log_requests:49 - [8c61346d] → 307
2026-04-22 10:44:41.038 | INFO     | app.main:log_requests:47 - [47d0030a] GET /v1/tasks
2026-04-22 10:44:41.039 | INFO     | app.main:log_requests:47 - [6068d5e1] GET /v1/domains/
2026-04-22 10:44:41.792 | INFO     | app.main:log_requests:49 - [47d0030a] → 307
2026-04-22 10:44:41.794 | INFO     | app.main:log_requests:49 - [6068d5e1] → 200
2026-04-22 10:44:41.801 | INFO     | app.main:log_requests:47 - [772eebe5] GET /v1/projects
2026-04-22 10:44:41.802 | INFO     | app.main:log_requests:47 - [fcdf692c] GET /v1/users
2026-04-22 10:44:41.805 | INFO     | app.main:log_requests:49 - [772eebe5] → 307
2026-04-22 10:44:41.805 | INFO     | app.main:log_requests:49 - [fcdf692c] → 307
2026-04-22 10:44:41.816 | INFO     | app.main:log_requests:47 - [6120e240] GET /v1/tasks/
2026-04-22 10:44:43.421 | INFO     | app.main:log_requests:49 - [6120e240] → 200
2026-04-22 10:44:43.429 | INFO     | app.main:log_requests:47 - [3eb2af62] GET /v1/users/
2026-04-22 10:44:43.430 | INFO     | app.main:log_requests:47 - [31560d5c] GET /v1/projects/
2026-04-22 10:44:44.818 | INFO     | app.main:log_requests:49 - [3eb2af62] → 200
2026-04-22 10:44:44.818 | INFO     | app.main:log_requests:49 - [31560d5c] → 200
2026-04-22 10:44:49.348 | INFO     | app.main:log_requests:47 - [b3a217d1] OPTIONS /v1/domains/dddddddd-0000-0000-0000-000000000004
2026-04-22 10:44:49.348 | INFO     | app.main:log_requests:49 - [b3a217d1] → 200
2026-04-22 10:44:49.350 | INFO     | app.main:log_requests:47 - [8ee97563] GET /v1/domains/dddddddd-0000-0000-0000-000000000004
2026-04-22 10:44:50.221 | INFO     | app.main:log_requests:49 - [8ee97563] → 200
2026-04-22 10:44:50.221 | INFO     | app.main:log_requests:47 - [b305bb93] OPTIONS /v1/projects
2026-04-22 10:44:50.222 | INFO     | app.main:log_requests:49 - [b305bb93] → 200
2026-04-22 10:44:50.223 | INFO     | app.main:log_requests:47 - [aebd3fc6] OPTIONS /v1/tasks
2026-04-22 10:44:50.224 | INFO     | app.main:log_requests:49 - [aebd3fc6] → 200
2026-04-22 10:44:50.224 | INFO     | app.main:log_requests:47 - [0596ad1d] GET /v1/projects
2026-04-22 10:44:50.225 | INFO     | app.main:log_requests:49 - [0596ad1d] → 307
2026-04-22 10:44:50.226 | INFO     | app.main:log_requests:47 - [04126c6d] GET /v1/tasks
2026-04-22 10:44:50.227 | INFO     | app.main:log_requests:49 - [04126c6d] → 307
2026-04-22 10:44:50.247 | INFO     | app.main:log_requests:47 - [637fb850] OPTIONS /v1/projects/
2026-04-22 10:44:50.249 | INFO     | app.main:log_requests:47 - [a455fac4] OPTIONS /v1/tasks/
2026-04-22 10:44:50.249 | INFO     | app.main:log_requests:49 - [637fb850] → 200
2026-04-22 10:44:50.250 | INFO     | app.main:log_requests:49 - [a455fac4] → 200
2026-04-22 10:44:50.251 | INFO     | app.main:log_requests:47 - [81d07424] GET /v1/projects/
2026-04-22 10:44:51.035 | INFO     | app.main:log_requests:47 - [97bf8025] GET /v1/tasks/
2026-04-22 10:44:51.035 | INFO     | app.main:log_requests:49 - [81d07424] → 200
2026-04-22 10:44:52.905 | INFO     | app.main:log_requests:49 - [97bf8025] → 200
2026-04-22 10:49:41.785 | INFO     | app.main:log_requests:47 - [4cce506f] GET /v1/domains
2026-04-22 10:49:41.785 | INFO     | app.main:log_requests:49 - [4cce506f] → 307
2026-04-22 10:49:41.789 | INFO     | app.main:log_requests:47 - [b931151d] GET /v1/domains/dddddddd-0000-0000-0000-000000000004
2026-04-22 10:49:43.543 | INFO     | app.main:log_requests:49 - [b931151d] → 200
2026-04-22 10:49:43.546 | INFO     | app.main:log_requests:47 - [c6e6b0cb] GET /v1/projects
2026-04-22 10:49:43.546 | INFO     | app.main:log_requests:47 - [74e57cc1] GET /v1/tasks
2026-04-22 10:49:43.546 | INFO     | app.main:log_requests:47 - [4d2164d6] GET /v1/domains/
2026-04-22 10:49:44.234 | INFO     | app.main:log_requests:49 - [c6e6b0cb] → 307
2026-04-22 10:49:44.234 | INFO     | app.main:log_requests:49 - [74e57cc1] → 307
2026-04-22 10:49:44.235 | INFO     | app.main:log_requests:49 - [4d2164d6] → 200
2026-04-22 10:49:45.050 | INFO     | app.main:log_requests:47 - [e9801cee] GET /v1/projects/
2026-04-22 10:49:45.755 | INFO     | app.main:log_requests:49 - [e9801cee] → 200
2026-04-22 10:49:45.756 | INFO     | app.main:log_requests:47 - [b59667e3] GET /v1/tasks/
2026-04-22 10:49:47.215 | INFO     | app.main:log_requests:47 - [98df0e92] GET /v1/tasks/
2026-04-22 10:49:48.885 | ERROR    | app.main:global_exception_handler:72 - Unhandled error [70e29f61-9fc4-4e5c-996b-7c0120d2e7f6]: {'message': 'column tasks.domain_id does not exist', 'code': '42703', 'hint': None, 'details': None}
2026-04-22 10:50:13.147 | INFO     | app.main:log_requests:47 - [3a63e1a6] GET /v1/tasks
2026-04-22 10:50:13.147 | INFO     | app.main:log_requests:49 - [3a63e1a6] → 307
2026-04-22 10:50:13.149 | INFO     | app.main:log_requests:47 - [c6ef713c] GET /v1/tasks/
2026-04-22 10:50:14.139 | ERROR    | app.main:global_exception_handler:72 - Unhandled error [a7a217e9-f679-4ff8-b1f3-ef23e9021e5f]: {'message': 'column tasks.domain_id does not exist', 'code': '42703', 'hint': None, 'details': None}
2026-04-22 10:50:15.815 | INFO     | app.main:log_requests:47 - [cbcace15] OPTIONS /v1/users/me
2026-04-22 10:50:15.817 | INFO     | app.main:log_requests:49 - [cbcace15] → 200
2026-04-22 10:50:15.819 | INFO     | app.main:log_requests:47 - [209a7e84] GET /v1/users/me
2026-04-22 10:50:16.285 | INFO     | app.main:log_requests:49 - [209a7e84] → 200
2026-04-22 10:50:16.339 | INFO     | app.main:log_requests:47 - [a870af39] GET /v1/domains
2026-04-22 10:50:16.340 | INFO     | app.main:log_requests:49 - [a870af39] → 307
2026-04-22 10:50:16.343 | INFO     | app.main:log_requests:47 - [85dce474] GET /v1/domains/dddddddd-0000-0000-0000-000000000004
2026-04-22 10:50:17.035 | INFO     | app.main:log_requests:47 - [398c32e2] GET /v1/projects
2026-04-22 10:50:17.036 | INFO     | app.main:log_requests:49 - [85dce474] → 200
2026-04-22 10:50:17.039 | INFO     | app.main:log_requests:49 - [398c32e2] → 307
2026-04-22 10:50:17.044 | INFO     | app.main:log_requests:47 - [1abc6eb0] GET /v1/tasks
2026-04-22 10:50:17.046 | INFO     | app.main:log_requests:47 - [2840ffc6] GET /v1/domains/
2026-04-22 10:50:17.704 | INFO     | app.main:log_requests:49 - [1abc6eb0] → 307
2026-04-22 10:50:17.706 | INFO     | app.main:log_requests:49 - [2840ffc6] → 200
2026-04-22 10:50:17.729 | INFO     | app.main:log_requests:47 - [61f4d1be] GET /v1/projects/
2026-04-22 10:50:18.707 | INFO     | app.main:log_requests:47 - [fc655d4e] GET /v1/tasks/
2026-04-22 10:50:18.708 | INFO     | app.main:log_requests:49 - [61f4d1be] → 200
2026-04-22 10:50:19.417 | INFO     | app.main:log_requests:47 - [674d24e4] GET /v1/users/me
2026-04-22 10:50:19.848 | ERROR    | app.main:global_exception_handler:72 - Unhandled error [a00a8424-43fd-4379-abb2-6305ab698c31]: {'message': 'column tasks.domain_id does not exist', 'code': '42703', 'hint': None, 'details': None}
2026-04-22 10:50:19.852 | INFO     | app.main:log_requests:49 - [674d24e4] → 200
2026-04-22 10:50:19.888 | INFO     | app.main:log_requests:47 - [c27dcf7f] GET /v1/domains
2026-04-22 10:50:19.890 | INFO     | app.main:log_requests:49 - [c27dcf7f] → 307
2026-04-22 10:50:19.892 | INFO     | app.main:log_requests:47 - [40ac403c] GET /v1/tasks
2026-04-22 10:50:19.894 | INFO     | app.main:log_requests:47 - [2772bb78] OPTIONS /v1/users
2026-04-22 10:50:19.895 | INFO     | app.main:log_requests:49 - [40ac403c] → 307
2026-04-22 10:50:19.897 | INFO     | app.main:log_requests:49 - [2772bb78] → 200
2026-04-22 10:50:19.899 | INFO     | app.main:log_requests:47 - [dfd4d3c4] GET /v1/projects
2026-04-22 10:50:19.901 | INFO     | app.main:log_requests:49 - [dfd4d3c4] → 307
2026-04-22 10:50:19.904 | INFO     | app.main:log_requests:47 - [17632b94] GET /v1/domains/
2026-04-22 10:50:20.593 | INFO     | app.main:log_requests:47 - [c924666a] GET /v1/tasks/
2026-04-22 10:50:20.596 | INFO     | app.main:log_requests:49 - [17632b94] → 200
2026-04-22 10:50:22.148 | INFO     | app.main:log_requests:49 - [c924666a] → 200
2026-04-22 10:50:22.174 | INFO     | app.main:log_requests:47 - [6c9d9623] GET /v1/users
2026-04-22 10:50:22.185 | INFO     | app.main:log_requests:47 - [346d849c] GET /v1/projects/
2026-04-22 10:50:22.866 | INFO     | app.main:log_requests:49 - [6c9d9623] → 307
2026-04-22 10:50:22.867 | INFO     | app.main:log_requests:49 - [346d849c] → 200
2026-04-22 10:50:22.883 | INFO     | app.main:log_requests:47 - [99e2abd0] OPTIONS /v1/users/
2026-04-22 10:50:22.884 | INFO     | app.main:log_requests:49 - [99e2abd0] → 200
2026-04-22 10:50:22.894 | INFO     | app.main:log_requests:47 - [bc88a798] GET /v1/users/
2026-04-22 10:50:23.521 | INFO     | app.main:log_requests:49 - [bc88a798] → 200
2026-04-22 10:50:29.926 | INFO     | app.main:log_requests:47 - [3450fc1c] GET /v1/users/me
2026-04-22 10:50:30.622 | INFO     | app.main:log_requests:49 - [3450fc1c] → 200
2026-04-22 10:50:30.648 | INFO     | app.main:log_requests:47 - [1b900f6b] GET /v1/domains
2026-04-22 10:50:30.648 | INFO     | app.main:log_requests:47 - [0cfd36d1] GET /v1/projects
2026-04-22 10:50:30.651 | INFO     | app.main:log_requests:49 - [1b900f6b] → 307
2026-04-22 10:50:30.653 | INFO     | app.main:log_requests:49 - [0cfd36d1] → 307
2026-04-22 10:50:30.654 | INFO     | app.main:log_requests:47 - [ff90e1d9] GET /v1/tasks
2026-04-22 10:50:30.655 | INFO     | app.main:log_requests:47 - [91ed28ca] GET /v1/domains/
2026-04-22 10:50:30.655 | INFO     | app.main:log_requests:49 - [ff90e1d9] → 307
2026-04-22 10:50:31.344 | INFO     | app.main:log_requests:49 - [91ed28ca] → 200
2026-04-22 10:50:31.344 | INFO     | app.main:log_requests:47 - [d56df3d6] GET /v1/projects/
2026-04-22 10:50:32.045 | INFO     | app.main:log_requests:49 - [d56df3d6] → 200
2026-04-22 10:50:32.046 | INFO     | app.main:log_requests:47 - [ebb33c2a] GET /v1/tasks/
2026-04-22 10:50:33.635 | INFO     | app.main:log_requests:49 - [ebb33c2a] → 200
2026-04-22 10:50:40.063 | INFO     | app.main:log_requests:47 - [b3d83375] GET /v1/domains/dddddddd-0000-0000-0000-000000000001
2026-04-22 10:50:41.003 | INFO     | app.main:log_requests:49 - [b3d83375] → 200
2026-04-22 10:50:41.004 | INFO     | app.main:log_requests:47 - [a7f9268f] GET /v1/tasks
2026-04-22 10:50:41.005 | INFO     | app.main:log_requests:47 - [bd946091] GET /v1/projects
2026-04-22 10:50:41.006 | INFO     | app.main:log_requests:49 - [a7f9268f] → 307
2026-04-22 10:50:41.006 | INFO     | app.main:log_requests:49 - [bd946091] → 307
2026-04-22 10:50:41.018 | INFO     | app.main:log_requests:47 - [33db3a29] GET /v1/tasks/
2026-04-22 10:50:41.706 | INFO     | app.main:log_requests:47 - [164ac7d3] GET /v1/projects/
2026-04-22 10:50:42.346 | ERROR    | app.main:global_exception_handler:72 - Unhandled error [dbdce7f6-ef13-49f1-81ec-b12545587397]: {'message': 'column tasks.domain_id does not exist', 'code': '42703', 'hint': None, 'details': None}
2026-04-22 10:50:42.351 | INFO     | app.main:log_requests:49 - [164ac7d3] → 200
2026-04-22 10:50:43.354 | INFO     | app.main:log_requests:47 - [898ad9f9] GET /v1/tasks
2026-04-22 10:50:43.354 | INFO     | app.main:log_requests:49 - [898ad9f9] → 307
2026-04-22 10:50:43.356 | INFO     | app.main:log_requests:47 - [5077631c] GET /v1/tasks/
2026-04-22 10:50:44.004 | ERROR    | app.main:global_exception_handler:72 - Unhandled error [2038f1de-9bdb-4302-8bc2-f8ad3ecc36a6]: {'message': 'column tasks.domain_id does not exist', 'code': '42703', 'hint': None, 'details': None}
2026-04-22 10:53:40.219 | INFO     | app.main:log_requests:47 - [367af060] OPTIONS /v1/domains
2026-04-22 10:53:40.221 | INFO     | app.main:log_requests:47 - [21e761f2] OPTIONS /v1/domains/dddddddd-0000-0000-0000-000000000001
2026-04-22 10:53:40.222 | INFO     | app.main:log_requests:47 - [7c845e08] OPTIONS /v1/projects
2026-04-22 10:53:40.222 | INFO     | app.main:log_requests:47 - [bee0b9db] OPTIONS /v1/tasks
2026-04-22 10:53:40.222 | INFO     | app.main:log_requests:49 - [367af060] → 200
2026-04-22 10:53:40.224 | INFO     | app.main:log_requests:49 - [21e761f2] → 200
2026-04-22 10:53:40.224 | INFO     | app.main:log_requests:49 - [7c845e08] → 200
2026-04-22 10:53:40.225 | INFO     | app.main:log_requests:49 - [bee0b9db] → 200
2026-04-22 10:53:40.225 | INFO     | app.main:log_requests:47 - [2173004c] GET /v1/domains/dddddddd-0000-0000-0000-000000000001
2026-04-22 10:53:40.225 | INFO     | app.main:log_requests:47 - [b69ad73a] GET /v1/domains
2026-04-22 10:53:42.059 | INFO     | app.main:log_requests:49 - [2173004c] → 200
2026-04-22 10:53:42.060 | INFO     | app.main:log_requests:49 - [b69ad73a] → 307
2026-04-22 10:53:42.060 | INFO     | app.main:log_requests:47 - [66ce0952] GET /v1/projects
2026-04-22 10:53:42.061 | INFO     | app.main:log_requests:47 - [16cdfc84] GET /v1/tasks
2026-04-22 10:53:42.064 | INFO     | app.main:log_requests:49 - [66ce0952] → 307
2026-04-22 10:53:42.065 | INFO     | app.main:log_requests:49 - [16cdfc84] → 307
2026-04-22 10:53:42.066 | INFO     | app.main:log_requests:47 - [47bc9bcd] OPTIONS /v1/domains/
2026-04-22 10:53:42.067 | INFO     | app.main:log_requests:49 - [47bc9bcd] → 200
2026-04-22 10:53:42.069 | INFO     | app.main:log_requests:47 - [b982d4ea] OPTIONS /v1/tasks/
2026-04-22 10:53:42.069 | INFO     | app.main:log_requests:47 - [7686e254] OPTIONS /v1/projects/
2026-04-22 10:53:42.071 | INFO     | app.main:log_requests:47 - [a846eac5] GET /v1/domains/
2026-04-22 10:53:42.071 | INFO     | app.main:log_requests:49 - [b982d4ea] → 200
2026-04-22 10:53:42.072 | INFO     | app.main:log_requests:49 - [7686e254] → 200
2026-04-22 10:53:42.817 | INFO     | app.main:log_requests:49 - [a846eac5] → 200
2026-04-22 10:53:42.818 | INFO     | app.main:log_requests:47 - [f401f9af] GET /v1/tasks/
2026-04-22 10:53:42.819 | INFO     | app.main:log_requests:47 - [987e2d83] GET /v1/projects/
2026-04-22 10:53:44.357 | ERROR    | app.main:global_exception_handler:72 - Unhandled error [760bf817-d9b5-4920-baf2-b3b5811b7cb9]: {'message': 'column tasks.domain_id does not exist', 'code': '42703', 'hint': None, 'details': None}
2026-04-22 10:53:44.363 | INFO     | app.main:log_requests:49 - [987e2d83] → 200
2026-04-22 10:53:45.369 | INFO     | app.main:log_requests:47 - [b6ff066e] GET /v1/tasks
2026-04-22 10:53:45.370 | INFO     | app.main:log_requests:49 - [b6ff066e] → 307
2026-04-22 10:53:45.373 | INFO     | app.main:log_requests:47 - [56aa6c39] GET /v1/tasks/
2026-04-22 10:53:46.084 | ERROR    | app.main:global_exception_handler:72 - Unhandled error [cde92669-ef20-466e-b2bf-c50882569c5e]: {'message': 'column tasks.domain_id does not exist', 'code': '42703', 'hint': None, 'details': None}
2026-04-22 10:55:37.248 | INFO     | app.main:log_requests:47 - [8f30de0c] GET /v1/domains
2026-04-22 10:55:37.250 | INFO     | app.main:log_requests:47 - [027cd358] GET /v1/domains/dddddddd-0000-0000-0000-000000000001
2026-04-22 10:55:38.813 | INFO     | app.main:log_requests:47 - [d8d4ed79] GET /v1/projects
2026-04-22 10:55:38.814 | INFO     | app.main:log_requests:49 - [8f30de0c] → 307
2026-04-22 10:55:38.831 | INFO     | app.main:log_requests:49 - [027cd358] → 200
2026-04-22 10:55:38.854 | INFO     | app.main:log_requests:49 - [d8d4ed79] → 307
2026-04-22 10:55:38.870 | INFO     | app.main:log_requests:47 - [877dd3f0] GET /v1/tasks
2026-04-22 10:55:38.881 | INFO     | app.main:log_requests:49 - [877dd3f0] → 307
2026-04-22 10:55:39.906 | INFO     | app.main:log_requests:47 - [e942aaa1] GET /v1/tasks/
2026-04-22 10:55:40.668 | INFO     | app.main:log_requests:47 - [8ae3f998] GET /v1/domains/
2026-04-22 10:55:40.668 | INFO     | app.main:log_requests:47 - [33785d7a] GET /v1/projects/
2026-04-22 10:55:42.154 | ERROR    | app.main:global_exception_handler:72 - Unhandled error [cb550017-dd1e-409a-943e-c32530888210]: {'message': 'column tasks.domain_id does not exist', 'code': '42703', 'hint': None, 'details': None}
2026-04-22 10:55:42.173 | INFO     | app.main:log_requests:49 - [8ae3f998] → 200
2026-04-22 10:55:42.178 | INFO     | app.main:log_requests:49 - [33785d7a] → 200
2026-04-22 10:55:43.179 | INFO     | app.main:log_requests:47 - [5ea97eee] GET /v1/tasks
2026-04-22 10:55:43.181 | INFO     | app.main:log_requests:49 - [5ea97eee] → 307
2026-04-22 10:55:43.186 | INFO     | app.main:log_requests:47 - [4f416302] GET /v1/tasks/
2026-04-22 10:55:43.908 | ERROR    | app.main:global_exception_handler:72 - Unhandled error [a521c03e-a057-46e0-8443-dead2f64df1a]: {'message': 'column tasks.domain_id does not exist', 'code': '42703', 'hint': None, 'details': None}
2026-04-22 10:55:53.732 | INFO     | app.main:log_requests:47 - [00c203d6] GET /v1/tasks
2026-04-22 10:55:53.733 | INFO     | app.main:log_requests:49 - [00c203d6] → 307
2026-04-22 10:55:53.738 | INFO     | app.main:log_requests:47 - [5db460bd] GET /v1/tasks/
2026-04-22 10:55:55.097 | ERROR    | app.main:global_exception_handler:72 - Unhandled error [314ad62a-edd8-49fd-8759-63771ef40038]: {'message': 'column tasks.domain_id does not exist', 'code': '42703', 'hint': None, 'details': None}
2026-04-22 10:55:56.416 | INFO     | app.main:log_requests:47 - [1e2518b4] GET /v1/tasks
2026-04-22 10:55:56.418 | INFO     | app.main:log_requests:49 - [1e2518b4] → 307
2026-04-22 10:55:56.420 | INFO     | app.main:log_requests:47 - [dc55b745] GET /v1/tasks/
2026-04-22 10:55:57.127 | ERROR    | app.main:global_exception_handler:72 - Unhandled error [1e6fac05-705b-4626-b183-83acacc956b6]: {'message': 'column tasks.domain_id does not exist', 'code': '42703', 'hint': None, 'details': None}
2026-04-22 10:58:07.301 | INFO     | app.main:log_requests:47 - [d7e8e48b] GET /v1/users/me
2026-04-22 10:58:08.304 | INFO     | app.main:log_requests:49 - [d7e8e48b] → 200
2026-04-22 10:58:08.406 | INFO     | app.main:log_requests:47 - [4140f1b2] GET /v1/domains
2026-04-22 10:58:08.408 | INFO     | app.main:log_requests:49 - [4140f1b2] → 307
2026-04-22 10:58:08.415 | INFO     | app.main:log_requests:47 - [d8456ac9] GET /v1/domains/dddddddd-0000-0000-0000-000000000001
2026-04-22 10:58:09.133 | INFO     | app.main:log_requests:47 - [b77adbe7] GET /v1/domains/
2026-04-22 10:58:09.798 | INFO     | app.main:log_requests:49 - [d8456ac9] → 200
2026-04-22 10:58:09.800 | INFO     | app.main:log_requests:49 - [b77adbe7] → 200
2026-04-22 10:58:09.803 | INFO     | app.main:log_requests:47 - [ceea7dcb] GET /v1/projects
2026-04-22 10:58:09.804 | INFO     | app.main:log_requests:47 - [1ca44d04] GET /v1/tasks
2026-04-22 10:58:09.806 | INFO     | app.main:log_requests:49 - [ceea7dcb] → 307
2026-04-22 10:58:09.807 | INFO     | app.main:log_requests:49 - [1ca44d04] → 307
2026-04-22 10:58:09.855 | INFO     | app.main:log_requests:47 - [aa924ba2] GET /v1/projects/
2026-04-22 10:58:10.945 | INFO     | app.main:log_requests:47 - [80fa8732] GET /v1/tasks/
2026-04-22 10:58:11.947 | INFO     | app.main:log_requests:49 - [aa924ba2] → 200
2026-04-22 10:58:11.953 | ERROR    | app.main:global_exception_handler:72 - Unhandled error [b8d13946-d81e-481d-a626-c5b737e98d83]: {'message': 'column tasks.domain_id does not exist', 'code': '42703', 'hint': None, 'details': None}
2026-04-22 10:58:13.068 | INFO     | app.main:log_requests:47 - [19b99a7c] GET /v1/tasks
2026-04-22 10:58:13.070 | INFO     | app.main:log_requests:49 - [19b99a7c] → 307
2026-04-22 10:58:13.113 | INFO     | app.main:log_requests:47 - [99a0f1a8] GET /v1/tasks/
2026-04-22 10:58:13.806 | ERROR    | app.main:global_exception_handler:72 - Unhandled error [824292cd-34b8-412e-b7f6-9b8ffcf3e988]: {'message': 'column tasks.domain_id does not exist', 'code': '42703', 'hint': None, 'details': None}
2026-04-22 11:09:46.260 | INFO     | app.main:log_requests:47 - [2a3c1fd9] OPTIONS /v1/domains/dddddddd-0000-0000-0000-000000000001
2026-04-22 11:09:46.262 | INFO     | app.main:log_requests:47 - [2f8ac8f8] OPTIONS /v1/projects
2026-04-22 11:09:46.264 | INFO     | app.main:log_requests:47 - [4ac06c98] OPTIONS /v1/tasks
2026-04-22 11:09:46.264 | INFO     | app.main:log_requests:49 - [2a3c1fd9] → 200
2026-04-22 11:09:46.265 | INFO     | app.main:log_requests:49 - [2f8ac8f8] → 200
2026-04-22 11:09:46.266 | INFO     | app.main:log_requests:49 - [4ac06c98] → 200
2026-04-22 11:09:46.267 | INFO     | app.main:log_requests:47 - [f350973a] GET /v1/domains/dddddddd-0000-0000-0000-000000000001
2026-04-22 11:09:47.786 | INFO     | app.main:log_requests:47 - [c75febe1] GET /v1/projects
2026-04-22 11:09:47.788 | INFO     | app.main:log_requests:47 - [cfe43c49] GET /v1/tasks
2026-04-22 11:09:47.788 | INFO     | app.main:log_requests:49 - [f350973a] → 200
2026-04-22 11:09:47.791 | INFO     | app.main:log_requests:49 - [c75febe1] → 307
2026-04-22 11:09:47.793 | INFO     | app.main:log_requests:49 - [cfe43c49] → 307
2026-04-22 11:09:47.815 | INFO     | app.main:log_requests:47 - [a201d1f3] OPTIONS /v1/projects/
2026-04-22 11:09:47.817 | INFO     | app.main:log_requests:47 - [79a532a4] OPTIONS /v1/tasks/
2026-04-22 11:09:47.818 | INFO     | app.main:log_requests:49 - [a201d1f3] → 200
2026-04-22 11:09:47.819 | INFO     | app.main:log_requests:49 - [79a532a4] → 200
2026-04-22 11:09:47.822 | INFO     | app.main:log_requests:47 - [cf5679f5] GET /v1/projects/
2026-04-22 11:09:49.287 | INFO     | app.main:log_requests:47 - [045c3d35] GET /v1/tasks/
2026-04-22 11:09:50.225 | INFO     | app.main:log_requests:49 - [cf5679f5] → 200
2026-04-22 11:09:50.228 | ERROR    | app.main:global_exception_handler:72 - Unhandled error [a2b2a717-2bac-459c-a722-78d47645dd62]: {'message': 'column tasks.domain_id does not exist', 'code': '42703', 'hint': None, 'details': None}
2026-04-22 11:09:51.705 | INFO     | app.main:log_requests:47 - [66f0b5d5] GET /v1/tasks
2026-04-22 11:09:51.705 | INFO     | app.main:log_requests:49 - [66f0b5d5] → 307
2026-04-22 11:09:51.710 | INFO     | app.main:log_requests:47 - [a0012116] GET /v1/tasks/
2026-04-22 11:09:52.438 | ERROR    | app.main:global_exception_handler:72 - Unhandled error [5c543a04-e26f-456e-b96f-9b504e9fdea0]: {'message': 'column tasks.domain_id does not exist', 'code': '42703', 'hint': None, 'details': None}
2026-04-22 11:10:15.824 | INFO     | app.main:log_requests:47 - [b4a8dff8] OPTIONS /v1/users/me
2026-04-22 11:10:15.824 | INFO     | app.main:log_requests:49 - [b4a8dff8] → 200
2026-04-22 11:10:15.826 | INFO     | app.main:log_requests:47 - [44e5224e] GET /v1/users/me
2026-04-22 11:10:16.606 | INFO     | app.main:log_requests:49 - [44e5224e] → 200
2026-04-22 11:10:16.706 | INFO     | app.main:log_requests:47 - [85629a4f] OPTIONS /v1/domains
2026-04-22 11:10:16.708 | INFO     | app.main:log_requests:49 - [85629a4f] → 200
2026-04-22 11:10:16.712 | INFO     | app.main:log_requests:47 - [4a069a09] OPTIONS /v1/projects
2026-04-22 11:10:16.713 | INFO     | app.main:log_requests:49 - [4a069a09] → 200
2026-04-22 11:10:16.719 | INFO     | app.main:log_requests:47 - [a59d3e5e] OPTIONS /v1/tasks
2026-04-22 11:10:16.720 | INFO     | app.main:log_requests:49 - [a59d3e5e] → 200
2026-04-22 11:10:16.724 | INFO     | app.main:log_requests:47 - [27b936fa] GET /v1/domains
2026-04-22 11:10:16.725 | INFO     | app.main:log_requests:49 - [27b936fa] → 307
2026-04-22 11:10:16.727 | INFO     | app.main:log_requests:47 - [7a57aae3] GET /v1/projects
2026-04-22 11:10:16.728 | INFO     | app.main:log_requests:49 - [7a57aae3] → 307
2026-04-22 11:10:16.730 | INFO     | app.main:log_requests:47 - [848a0024] GET /v1/tasks
2026-04-22 11:10:16.731 | INFO     | app.main:log_requests:49 - [848a0024] → 307
2026-04-22 11:10:16.734 | INFO     | app.main:log_requests:47 - [008d1c73] OPTIONS /v1/domains/
2026-04-22 11:10:16.736 | INFO     | app.main:log_requests:49 - [008d1c73] → 200
2026-04-22 11:10:16.738 | INFO     | app.main:log_requests:47 - [d34bac1f] OPTIONS /v1/projects/
2026-04-22 11:10:16.739 | INFO     | app.main:log_requests:49 - [d34bac1f] → 200
2026-04-22 11:10:16.742 | INFO     | app.main:log_requests:47 - [aed9f03a] OPTIONS /v1/tasks/
2026-04-22 11:10:16.743 | INFO     | app.main:log_requests:49 - [aed9f03a] → 200
2026-04-22 11:10:16.745 | INFO     | app.main:log_requests:47 - [18750404] GET /v1/domains/
2026-04-22 11:10:17.444 | INFO     | app.main:log_requests:49 - [18750404] → 200
2026-04-22 11:10:17.449 | INFO     | app.main:log_requests:47 - [fbc6b65b] GET /v1/projects/
2026-04-22 11:10:17.449 | INFO     | app.main:log_requests:47 - [4312735c] GET /v1/tasks/
2026-04-22 11:10:19.935 | INFO     | app.main:log_requests:49 - [fbc6b65b] → 200
2026-04-22 11:10:19.992 | INFO     | app.main:log_requests:49 - [4312735c] → 200
2026-04-22 11:10:33.321 | INFO     | app.main:log_requests:47 - [3ebd7556] OPTIONS /v1/domains/dddddddd-0000-0000-0000-000000000004
2026-04-22 11:10:33.324 | INFO     | app.main:log_requests:47 - [1dc15bcd] OPTIONS /v1/projects
2026-04-22 11:10:33.325 | INFO     | app.main:log_requests:49 - [3ebd7556] → 200
2026-04-22 11:10:33.328 | INFO     | app.main:log_requests:47 - [3ecbc4eb] OPTIONS /v1/tasks
2026-04-22 11:10:33.330 | INFO     | app.main:log_requests:49 - [1dc15bcd] → 200
2026-04-22 11:10:33.333 | INFO     | app.main:log_requests:47 - [70593324] GET /v1/domains/dddddddd-0000-0000-0000-000000000004
2026-04-22 11:10:33.337 | INFO     | app.main:log_requests:49 - [3ecbc4eb] → 200
2026-04-22 11:10:34.917 | INFO     | app.main:log_requests:47 - [20a22854] GET /v1/projects
2026-04-22 11:10:34.918 | INFO     | app.main:log_requests:49 - [70593324] → 200
2026-04-22 11:10:34.922 | INFO     | app.main:log_requests:49 - [20a22854] → 307
2026-04-22 11:10:34.924 | INFO     | app.main:log_requests:47 - [e87f5a99] GET /v1/tasks
2026-04-22 11:10:34.927 | INFO     | app.main:log_requests:49 - [e87f5a99] → 307
2026-04-22 11:10:34.951 | INFO     | app.main:log_requests:47 - [8b555966] OPTIONS /v1/projects/
2026-04-22 11:10:34.952 | INFO     | app.main:log_requests:49 - [8b555966] → 200
2026-04-22 11:10:34.958 | INFO     | app.main:log_requests:47 - [c639f92d] OPTIONS /v1/tasks/
2026-04-22 11:10:34.961 | INFO     | app.main:log_requests:47 - [8b7a3ef5] GET /v1/projects/
2026-04-22 11:10:35.697 | INFO     | app.main:log_requests:49 - [c639f92d] → 200
2026-04-22 11:10:35.699 | INFO     | app.main:log_requests:49 - [8b7a3ef5] → 200
2026-04-22 11:10:35.711 | INFO     | app.main:log_requests:47 - [cfb4d870] GET /v1/tasks/
2026-04-22 11:10:36.479 | ERROR    | app.main:global_exception_handler:72 - Unhandled error [17271a92-d14d-4ce1-b840-6b474684e446]: {'message': 'column tasks.domain_id does not exist', 'code': '42703', 'hint': None, 'details': None}
2026-04-22 11:10:37.515 | INFO     | app.main:log_requests:47 - [8264c8cb] GET /v1/tasks
2026-04-22 11:10:37.516 | INFO     | app.main:log_requests:49 - [8264c8cb] → 307
2026-04-22 11:10:37.548 | INFO     | app.main:log_requests:47 - [d964f127] GET /v1/tasks/
2026-04-22 11:10:38.328 | ERROR    | app.main:global_exception_handler:72 - Unhandled error [0e568b62-21c7-45bb-bbce-484df3fac594]: {'message': 'column tasks.domain_id does not exist', 'code': '42703', 'hint': None, 'details': None}
2026-04-22 11:12:12.955 | INFO     | app.main:log_requests:47 - [42520f14] GET /v1/users/me
2026-04-22 11:12:14.136 | INFO     | app.main:log_requests:49 - [42520f14] → 200
2026-04-22 11:12:14.260 | INFO     | app.main:log_requests:47 - [e65b8586] GET /v1/domains
2026-04-22 11:12:14.261 | INFO     | app.main:log_requests:49 - [e65b8586] → 307
2026-04-22 11:12:14.267 | INFO     | app.main:log_requests:47 - [2aaa2a93] GET /v1/domains/dddddddd-0000-0000-0000-000000000004
2026-04-22 11:12:15.094 | INFO     | app.main:log_requests:47 - [ce62b452] GET /v1/domains/
2026-04-22 11:12:15.807 | INFO     | app.main:log_requests:49 - [2aaa2a93] → 200
2026-04-22 11:12:15.811 | INFO     | app.main:log_requests:49 - [ce62b452] → 200
2026-04-22 11:12:15.835 | INFO     | app.main:log_requests:47 - [fffe2012] GET /v1/projects
2026-04-22 11:12:15.842 | INFO     | app.main:log_requests:47 - [ddf6fb08] GET /v1/tasks
2026-04-22 11:12:15.853 | INFO     | app.main:log_requests:49 - [fffe2012] → 307
2026-04-22 11:12:15.868 | INFO     | app.main:log_requests:49 - [ddf6fb08] → 307
2026-04-22 11:12:15.899 | INFO     | app.main:log_requests:47 - [d731da5d] GET /v1/tasks/
2026-04-22 11:12:16.646 | INFO     | app.main:log_requests:47 - [6ff5a380] GET /v1/projects/
2026-04-22 11:12:17.373 | ERROR    | app.main:global_exception_handler:72 - Unhandled error [934c7d56-eb35-4dc4-b5c1-69fa8690741a]: {'message': 'column tasks.domain_id does not exist', 'code': '42703', 'hint': None, 'details': None}
2026-04-22 11:12:17.384 | INFO     | app.main:log_requests:49 - [6ff5a380] → 200
2026-04-22 11:12:18.389 | INFO     | app.main:log_requests:47 - [790ddad5] GET /v1/tasks
2026-04-22 11:12:18.392 | INFO     | app.main:log_requests:49 - [790ddad5] → 307
2026-04-22 11:12:18.405 | INFO     | app.main:log_requests:47 - [0243a88b] GET /v1/tasks/
2026-04-22 11:12:19.164 | ERROR    | app.main:global_exception_handler:72 - Unhandled error [de4ecc16-7a2c-4b15-a4ee-ec73b79fb655]: {'message': 'column tasks.domain_id does not exist', 'code': '42703', 'hint': None, 'details': None}
2026-04-22 11:12:58.085 | INFO     | app.main:log_requests:47 - [18e4c54a] GET /v1/users/me
2026-04-22 11:12:58.890 | INFO     | app.main:log_requests:49 - [18e4c54a] → 200
2026-04-22 11:12:58.931 | INFO     | app.main:log_requests:47 - [e23a3bac] GET /v1/domains
2026-04-22 11:12:58.932 | INFO     | app.main:log_requests:49 - [e23a3bac] → 307
2026-04-22 11:12:58.933 | INFO     | app.main:log_requests:47 - [bb610eca] GET /v1/projects
2026-04-22 11:12:58.934 | INFO     | app.main:log_requests:47 - [f23bd2ef] GET /v1/tasks
2026-04-22 11:12:58.934 | INFO     | app.main:log_requests:49 - [bb610eca] → 307
2026-04-22 11:12:58.938 | INFO     | app.main:log_requests:49 - [f23bd2ef] → 307
2026-04-22 11:12:58.940 | INFO     | app.main:log_requests:47 - [d4466dee] GET /v1/domains/
2026-04-22 11:12:59.636 | INFO     | app.main:log_requests:49 - [d4466dee] → 200
2026-04-22 11:12:59.637 | INFO     | app.main:log_requests:47 - [fa313e68] GET /v1/projects/
2026-04-22 11:13:00.502 | INFO     | app.main:log_requests:49 - [fa313e68] → 200
2026-04-22 11:13:00.505 | INFO     | app.main:log_requests:47 - [b0493182] GET /v1/tasks/
2026-04-22 11:13:02.311 | INFO     | app.main:log_requests:49 - [b0493182] → 200
2026-04-22 11:13:04.914 | INFO     | app.main:log_requests:47 - [60550a8f] GET /v1/domains/dddddddd-0000-0000-0000-000000000001
2026-04-22 11:13:05.770 | INFO     | app.main:log_requests:49 - [60550a8f] → 200
2026-04-22 11:13:05.771 | INFO     | app.main:log_requests:47 - [aece851e] GET /v1/tasks
2026-04-22 11:13:05.771 | INFO     | app.main:log_requests:47 - [18b2fba2] GET /v1/projects
2026-04-22 11:13:05.773 | INFO     | app.main:log_requests:49 - [aece851e] → 307
2026-04-22 11:13:05.775 | INFO     | app.main:log_requests:49 - [18b2fba2] → 307
2026-04-22 11:13:05.800 | INFO     | app.main:log_requests:47 - [fce5a86b] GET /v1/tasks/
2026-04-22 11:13:06.553 | INFO     | app.main:log_requests:47 - [86704328] GET /v1/projects/
2026-04-22 11:13:07.254 | ERROR    | app.main:global_exception_handler:72 - Unhandled error [ffbc2289-685b-4e9f-a188-a2201d2ebb1b]: {'message': 'column tasks.domain_id does not exist', 'code': '42703', 'hint': None, 'details': None}
2026-04-22 11:13:07.267 | INFO     | app.main:log_requests:49 - [86704328] → 200
2026-04-22 11:13:08.276 | INFO     | app.main:log_requests:47 - [0a77bc66] GET /v1/tasks
2026-04-22 11:13:08.277 | INFO     | app.main:log_requests:49 - [0a77bc66] → 307
2026-04-22 11:13:08.292 | INFO     | app.main:log_requests:47 - [d4a4aba2] GET /v1/tasks/
2026-04-22 11:13:09.088 | ERROR    | app.main:global_exception_handler:72 - Unhandled error [0025ccdf-c9d1-45b8-853e-8a18d632a070]: {'message': 'column tasks.domain_id does not exist', 'code': '42703', 'hint': None, 'details': None}
2026-04-22 11:13:10.311 | INFO     | app.main:log_requests:47 - [41eb3fce] GET /v1/tasks
2026-04-22 11:13:10.316 | INFO     | app.main:log_requests:49 - [41eb3fce] → 307
2026-04-22 11:13:10.338 | INFO     | app.main:log_requests:47 - [f70fe8bd] GET /v1/tasks/
2026-04-22 11:13:11.060 | ERROR    | app.main:global_exception_handler:72 - Unhandled error [91a79c86-acb1-468b-876e-e0084e77821b]: {'message': 'column tasks.domain_id does not exist', 'code': '42703', 'hint': None, 'details': None}
2026-04-22 11:13:12.423 | INFO     | app.main:log_requests:47 - [bb8733a6] GET /v1/tasks
2026-04-22 11:13:12.424 | INFO     | app.main:log_requests:49 - [bb8733a6] → 307
2026-04-22 11:13:12.439 | INFO     | app.main:log_requests:47 - [0cd9a910] GET /v1/tasks/
2026-04-22 11:13:13.290 | ERROR    | app.main:global_exception_handler:72 - Unhandled error [6758ef44-7fcd-4c99-8588-daa6c8b7c154]: {'message': 'column tasks.domain_id does not exist', 'code': '42703', 'hint': None, 'details': None}
2026-04-22 11:14:22.005 | INFO     | app.main:log_requests:47 - [1559f4b6] GET /v1/users/me
2026-04-22 11:14:22.799 | INFO     | app.main:log_requests:49 - [1559f4b6] → 200
2026-04-22 11:14:22.929 | INFO     | app.main:log_requests:47 - [7d3b5c3c] GET /v1/domains
2026-04-22 11:14:22.930 | INFO     | app.main:log_requests:47 - [a721eac5] GET /v1/domains/dddddddd-0000-0000-0000-000000000001
2026-04-22 11:14:23.756 | INFO     | app.main:log_requests:49 - [7d3b5c3c] → 307
2026-04-22 11:14:23.758 | INFO     | app.main:log_requests:49 - [a721eac5] → 200
2026-04-22 11:14:23.769 | INFO     | app.main:log_requests:47 - [20409cf1] GET /v1/domains/
2026-04-22 11:14:24.500 | INFO     | app.main:log_requests:47 - [77ad1059] GET /v1/tasks
2026-04-22 11:14:24.525 | INFO     | app.main:log_requests:47 - [f759adef] GET /v1/projects
2026-04-22 11:14:24.550 | INFO     | app.main:log_requests:49 - [20409cf1] → 200
2026-04-22 11:14:24.572 | INFO     | app.main:log_requests:49 - [77ad1059] → 307
2026-04-22 11:14:24.618 | INFO     | app.main:log_requests:49 - [f759adef] → 307
2026-04-22 11:14:24.652 | INFO     | app.main:log_requests:47 - [7ad067c7] GET /v1/tasks/
2026-04-22 11:14:25.437 | ERROR    | app.main:global_exception_handler:72 - Unhandled error [4c27663f-fa72-4b07-ae32-3707083c649b]: {'message': 'column tasks.domain_id does not exist', 'code': '42703', 'hint': None, 'details': None}
2026-04-22 11:14:25.470 | INFO     | app.main:log_requests:47 - [2d8c2de1] GET /v1/projects/
2026-04-22 11:14:26.276 | INFO     | app.main:log_requests:49 - [2d8c2de1] → 200
2026-04-22 11:14:26.484 | INFO     | app.main:log_requests:47 - [a92cb2f1] GET /v1/tasks
2026-04-22 11:14:26.487 | INFO     | app.main:log_requests:49 - [a92cb2f1] → 307
2026-04-22 11:14:26.505 | INFO     | app.main:log_requests:47 - [7c6a837c] GET /v1/tasks/
2026-04-22 11:14:27.340 | ERROR    | app.main:global_exception_handler:72 - Unhandled error [de5a6c88-684b-4c47-9833-abb915107fa7]: {'message': 'column tasks.domain_id does not exist', 'code': '42703', 'hint': None, 'details': None}
2026-04-22 11:14:36.295 | INFO     | app.main:log_requests:47 - [61bc846d] GET /v1/users/me
2026-04-22 11:14:37.732 | INFO     | app.main:log_requests:49 - [61bc846d] → 200
2026-04-22 11:14:37.845 | INFO     | app.main:log_requests:47 - [d257b756] GET /v1/domains
2026-04-22 11:14:37.847 | INFO     | app.main:log_requests:49 - [d257b756] → 307
2026-04-22 11:14:37.850 | INFO     | app.main:log_requests:47 - [673ce803] OPTIONS /v1/domains/dddddddd-0000-0000-0000-000000000003
2026-04-22 11:14:37.853 | INFO     | app.main:log_requests:49 - [673ce803] → 200
2026-04-22 11:14:37.862 | INFO     | app.main:log_requests:47 - [dba53715] OPTIONS /v1/projects
2026-04-22 11:14:37.863 | INFO     | app.main:log_requests:47 - [1add1c4c] OPTIONS /v1/tasks
2026-04-22 11:14:37.866 | INFO     | app.main:log_requests:49 - [dba53715] → 200
2026-04-22 11:14:37.871 | INFO     | app.main:log_requests:49 - [1add1c4c] → 200
2026-04-22 11:14:37.885 | INFO     | app.main:log_requests:47 - [61eb8ba6] GET /v1/domains/
2026-04-22 11:14:38.701 | INFO     | app.main:log_requests:47 - [8b24fa46] GET /v1/domains/dddddddd-0000-0000-0000-000000000003
2026-04-22 11:14:38.721 | INFO     | app.main:log_requests:49 - [61eb8ba6] → 200
2026-04-22 11:14:39.571 | INFO     | app.main:log_requests:49 - [8b24fa46] → 200
2026-04-22 11:14:39.653 | INFO     | app.main:log_requests:47 - [6872acf5] GET /v1/projects
2026-04-22 11:14:39.670 | INFO     | app.main:log_requests:47 - [a723d7c7] GET /v1/tasks
2026-04-22 11:14:39.711 | INFO     | app.main:log_requests:49 - [6872acf5] → 307
2026-04-22 11:14:39.732 | INFO     | app.main:log_requests:49 - [a723d7c7] → 307
2026-04-22 11:14:39.747 | INFO     | app.main:log_requests:47 - [01411f4a] OPTIONS /v1/projects/
2026-04-22 11:14:39.755 | INFO     | app.main:log_requests:49 - [01411f4a] → 200
2026-04-22 11:14:39.771 | INFO     | app.main:log_requests:47 - [db00d4de] GET /v1/projects/
2026-04-22 11:14:39.782 | INFO     | app.main:log_requests:47 - [944061aa] OPTIONS /v1/tasks/
2026-04-22 11:14:40.552 | INFO     | app.main:log_requests:49 - [db00d4de] → 200
2026-04-22 11:14:40.599 | INFO     | app.main:log_requests:49 - [944061aa] → 200
2026-04-22 11:14:40.655 | INFO     | app.main:log_requests:47 - [fb6fab74] GET /v1/tasks/
2026-04-22 11:14:41.407 | ERROR    | app.main:global_exception_handler:72 - Unhandled error [4583d8a0-5a56-4d5f-ada6-d4403294a940]: {'message': 'column tasks.domain_id does not exist', 'code': '42703', 'hint': None, 'details': None}
2026-04-22 11:14:42.452 | INFO     | app.main:log_requests:47 - [b0a88686] GET /v1/tasks
2026-04-22 11:14:42.454 | INFO     | app.main:log_requests:49 - [b0a88686] → 307
2026-04-22 11:14:42.483 | INFO     | app.main:log_requests:47 - [3cb96241] GET /v1/tasks/
2026-04-22 11:14:43.405 | ERROR    | app.main:global_exception_handler:72 - Unhandled error [c2ec9fea-33be-4f42-a44e-7df65d44708b]: {'message': 'column tasks.domain_id does not exist', 'code': '42703', 'hint': None, 'details': None}
2026-04-22 11:14:47.283 | INFO     | app.main:log_requests:47 - [c3606ce4] GET /v1/users/me
2026-04-22 11:14:47.903 | INFO     | app.main:log_requests:49 - [c3606ce4] → 200
2026-04-22 11:14:47.999 | INFO     | app.main:log_requests:47 - [d34257a0] GET /v1/domains
2026-04-22 11:14:48.000 | INFO     | app.main:log_requests:49 - [d34257a0] → 307
2026-04-22 11:14:48.016 | INFO     | app.main:log_requests:47 - [38823554] OPTIONS /v1/domains/dddddddd-0000-0000-0000-000000000002
2026-04-22 11:14:48.021 | INFO     | app.main:log_requests:47 - [28931fc4] OPTIONS /v1/projects
2026-04-22 11:14:48.026 | INFO     | app.main:log_requests:49 - [38823554] → 200
2026-04-22 11:14:48.035 | INFO     | app.main:log_requests:49 - [28931fc4] → 200
2026-04-22 11:14:48.044 | INFO     | app.main:log_requests:47 - [85367869] GET /v1/domains/
2026-04-22 11:14:48.828 | INFO     | app.main:log_requests:47 - [7d11a3b0] OPTIONS /v1/tasks
2026-04-22 11:14:48.881 | INFO     | app.main:log_requests:49 - [85367869] → 200
2026-04-22 11:14:48.936 | INFO     | app.main:log_requests:49 - [7d11a3b0] → 200
2026-04-22 11:14:48.962 | INFO     | app.main:log_requests:47 - [722536a8] GET /v1/domains/dddddddd-0000-0000-0000-000000000002
2026-04-22 11:14:48.969 | INFO     | app.main:log_requests:47 - [b726ecff] GET /v1/projects
2026-04-22 11:14:49.768 | INFO     | app.main:log_requests:47 - [e5eb9880] GET /v1/tasks
2026-04-22 11:14:49.771 | INFO     | app.main:log_requests:49 - [722536a8] → 200
2026-04-22 11:14:49.775 | INFO     | app.main:log_requests:49 - [b726ecff] → 307
2026-04-22 11:14:49.778 | INFO     | app.main:log_requests:49 - [e5eb9880] → 307
2026-04-22 11:14:49.800 | INFO     | app.main:log_requests:47 - [6f4c07be] OPTIONS /v1/projects/
2026-04-22 11:14:49.808 | INFO     | app.main:log_requests:49 - [6f4c07be] → 200
2026-04-22 11:14:49.822 | INFO     | app.main:log_requests:47 - [4a749420] GET /v1/projects/
2026-04-22 11:14:50.531 | INFO     | app.main:log_requests:49 - [4a749420] → 200
2026-04-22 11:14:50.545 | INFO     | app.main:log_requests:47 - [e1ade249] OPTIONS /v1/tasks/
2026-04-22 11:14:50.578 | INFO     | app.main:log_requests:49 - [e1ade249] → 200
2026-04-22 11:14:50.640 | INFO     | app.main:log_requests:47 - [02b94793] GET /v1/tasks/
2026-04-22 11:14:51.795 | ERROR    | app.main:global_exception_handler:72 - Unhandled error [7c4c9920-8727-492d-b194-fd380cf87dcb]: {'message': 'column tasks.domain_id does not exist', 'code': '42703', 'hint': None, 'details': None}
2026-04-22 11:14:52.862 | INFO     | app.main:log_requests:47 - [077511ec] GET /v1/tasks
2026-04-22 11:14:52.865 | INFO     | app.main:log_requests:49 - [077511ec] → 307
2026-04-22 11:14:52.903 | INFO     | app.main:log_requests:47 - [b8a74a0c] GET /v1/tasks/
2026-04-22 11:14:53.614 | ERROR    | app.main:global_exception_handler:72 - Unhandled error [cdc0a35b-df72-4622-88ce-c3517bc9cb9a]: {'message': 'column tasks.domain_id does not exist', 'code': '42703', 'hint': None, 'details': None}
2026-04-22 11:14:58.671 | INFO     | app.main:log_requests:47 - [cbf7f08f] GET /v1/users/me
2026-04-22 11:14:59.955 | INFO     | app.main:log_requests:49 - [cbf7f08f] → 200
2026-04-22 11:15:00.060 | INFO     | app.main:log_requests:47 - [4f02a181] OPTIONS /v1/projects/cccccccc-0000-0000-0000-000000000002
2026-04-22 11:15:00.062 | INFO     | app.main:log_requests:49 - [4f02a181] → 200
2026-04-22 11:15:00.065 | INFO     | app.main:log_requests:47 - [f45290e4] OPTIONS /v1/tasks
2026-04-22 11:15:00.071 | INFO     | app.main:log_requests:47 - [601865bb] GET /v1/domains
2026-04-22 11:15:00.077 | INFO     | app.main:log_requests:49 - [f45290e4] → 200
2026-04-22 11:15:00.093 | INFO     | app.main:log_requests:49 - [601865bb] → 307
2026-04-22 11:15:00.097 | INFO     | app.main:log_requests:47 - [7236c663] GET /v1/projects/cccccccc-0000-0000-0000-000000000002
2026-04-22 11:15:00.862 | INFO     | app.main:log_requests:47 - [2c5a8c77] GET /v1/tasks
2026-04-22 11:15:00.864 | INFO     | app.main:log_requests:49 - [7236c663] → 200
2026-04-22 11:15:00.876 | INFO     | app.main:log_requests:49 - [2c5a8c77] → 307
2026-04-22 11:15:00.899 | INFO     | app.main:log_requests:47 - [3c2bd045] GET /v1/domains/
2026-04-22 11:15:01.637 | INFO     | app.main:log_requests:49 - [3c2bd045] → 200
2026-04-22 11:15:01.638 | INFO     | app.main:log_requests:47 - [d7ceb21c] OPTIONS /v1/tasks/
2026-04-22 11:15:01.639 | INFO     | app.main:log_requests:49 - [d7ceb21c] → 200
2026-04-22 11:15:01.663 | INFO     | app.main:log_requests:47 - [41abb9fd] GET /v1/tasks/
2026-04-22 11:15:03.401 | INFO     | app.main:log_requests:49 - [41abb9fd] → 200
2026-04-22 11:15:11.634 | INFO     | app.main:log_requests:47 - [108d48be] OPTIONS /v1/tasks/aaaaaaaa-0000-0000-0000-000000000004/messages
2026-04-22 11:15:11.635 | INFO     | app.main:log_requests:49 - [108d48be] → 200
2026-04-22 11:15:11.636 | INFO     | app.main:log_requests:47 - [83e8eb77] GET /v1/tasks/aaaaaaaa-0000-0000-0000-000000000004/messages
2026-04-22 11:15:12.946 | INFO     | app.main:log_requests:49 - [83e8eb77] → 200
2026-04-22 11:15:17.960 | INFO     | app.main:log_requests:47 - [ee9b0233] GET /v1/tasks/aaaaaaaa-0000-0000-0000-000000000004/messages
2026-04-22 11:15:19.330 | INFO     | app.main:log_requests:49 - [ee9b0233] → 200
2026-04-22 11:15:24.335 | INFO     | app.main:log_requests:47 - [0e5d6e37] GET /v1/tasks/aaaaaaaa-0000-0000-0000-000000000004/messages
2026-04-22 11:15:25.788 | INFO     | app.main:log_requests:49 - [0e5d6e37] → 200
2026-04-22 11:15:30.795 | INFO     | app.main:log_requests:47 - [e467efdf] GET /v1/tasks/aaaaaaaa-0000-0000-0000-000000000004/messages
2026-04-22 11:15:33.152 | INFO     | app.main:log_requests:49 - [e467efdf] → 200
2026-04-22 11:15:38.162 | INFO     | app.main:log_requests:47 - [316062ee] GET /v1/tasks/aaaaaaaa-0000-0000-0000-000000000004/messages
2026-04-22 11:15:39.527 | INFO     | app.main:log_requests:49 - [316062ee] → 200
2026-04-22 11:16:02.592 | INFO     | app.main:log_requests:47 - [4a2505b6] GET /v1/users/me
2026-04-22 11:16:03.318 | INFO     | app.main:log_requests:49 - [4a2505b6] → 200
2026-04-22 11:16:03.383 | INFO     | app.main:log_requests:47 - [8d299427] GET /v1/domains
2026-04-22 11:16:03.385 | INFO     | app.main:log_requests:49 - [8d299427] → 307
2026-04-22 11:16:03.390 | INFO     | app.main:log_requests:47 - [659cf4d0] GET /v1/domains/dddddddd-0000-0000-0000-000000000003
2026-04-22 11:16:04.637 | INFO     | app.main:log_requests:47 - [5682317b] GET /v1/domains/
2026-04-22 11:16:05.372 | INFO     | app.main:log_requests:49 - [659cf4d0] → 200
2026-04-22 11:16:05.404 | INFO     | app.main:log_requests:49 - [5682317b] → 200
2026-04-22 11:16:05.440 | INFO     | app.main:log_requests:47 - [59ee5c4c] GET /v1/tasks
2026-04-22 11:16:05.451 | INFO     | app.main:log_requests:47 - [65e59c24] GET /v1/projects
2026-04-22 11:16:05.468 | INFO     | app.main:log_requests:49 - [59ee5c4c] → 307
2026-04-22 11:16:05.499 | INFO     | app.main:log_requests:49 - [65e59c24] → 307
2026-04-22 11:16:05.515 | INFO     | app.main:log_requests:47 - [3b0ae674] GET /v1/tasks/
2026-04-22 11:16:06.261 | ERROR    | app.main:global_exception_handler:72 - Unhandled error [59da01ae-89d4-4969-ba33-29f5a5ebfb03]: {'message': 'column tasks.domain_id does not exist', 'code': '42703', 'hint': None, 'details': None}
2026-04-22 11:16:06.317 | INFO     | app.main:log_requests:47 - [0df3f19c] GET /v1/projects/
2026-04-22 11:16:07.064 | INFO     | app.main:log_requests:49 - [0df3f19c] → 200
2026-04-22 11:16:07.316 | INFO     | app.main:log_requests:47 - [b69d4574] GET /v1/tasks
2026-04-22 11:16:07.323 | INFO     | app.main:log_requests:49 - [b69d4574] → 307
2026-04-22 11:16:07.365 | INFO     | app.main:log_requests:47 - [b5712ff3] GET /v1/tasks/
2026-04-22 11:16:08.132 | ERROR    | app.main:global_exception_handler:72 - Unhandled error [5eeb0fc7-1bfa-4e28-92f8-e0ff7e715288]: {'message': 'column tasks.domain_id does not exist', 'code': '42703', 'hint': None, 'details': None}
2026-04-22 11:16:12.381 | INFO     | app.main:log_requests:47 - [22236358] GET /v1/users/me
2026-04-22 11:16:12.932 | INFO     | app.main:log_requests:49 - [22236358] → 200
2026-04-22 11:16:13.029 | INFO     | app.main:log_requests:47 - [d6bc8e8b] OPTIONS /v1/projects/cccccccc-0000-0000-0000-000000000003
2026-04-22 11:16:13.032 | INFO     | app.main:log_requests:47 - [26c4844a] OPTIONS /v1/tasks
2026-04-22 11:16:13.032 | INFO     | app.main:log_requests:49 - [d6bc8e8b] → 200
2026-04-22 11:16:13.044 | INFO     | app.main:log_requests:49 - [26c4844a] → 200
2026-04-22 11:16:13.054 | INFO     | app.main:log_requests:47 - [5fdc7860] GET /v1/projects/cccccccc-0000-0000-0000-000000000003
2026-04-22 11:16:13.780 | INFO     | app.main:log_requests:47 - [fd4e0936] GET /v1/domains
2026-04-22 11:16:13.782 | INFO     | app.main:log_requests:49 - [5fdc7860] → 200
2026-04-22 11:16:13.788 | INFO     | app.main:log_requests:49 - [fd4e0936] → 307
2026-04-22 11:16:13.800 | INFO     | app.main:log_requests:47 - [51c33552] GET /v1/tasks
2026-04-22 11:16:13.806 | INFO     | app.main:log_requests:49 - [51c33552] → 307
2026-04-22 11:16:13.832 | INFO     | app.main:log_requests:47 - [83ff875c] OPTIONS /v1/tasks/
2026-04-22 11:16:13.838 | INFO     | app.main:log_requests:47 - [2152c06a] GET /v1/domains/
2026-04-22 11:16:13.843 | INFO     | app.main:log_requests:49 - [83ff875c] → 200
2026-04-22 11:16:14.691 | INFO     | app.main:log_requests:49 - [2152c06a] → 200
2026-04-22 11:16:14.694 | INFO     | app.main:log_requests:47 - [49dbe4d6] GET /v1/tasks/
2026-04-22 11:16:16.451 | INFO     | app.main:log_requests:49 - [49dbe4d6] → 200
2026-04-22 11:18:06.949 | INFO     | app.main:log_requests:47 - [7eb6d804] GET /v1/tasks
2026-04-22 11:18:06.950 | INFO     | app.main:log_requests:49 - [7eb6d804] → 307
2026-04-22 11:18:06.957 | INFO     | app.main:log_requests:47 - [50feb4bb] GET /v1/tasks/
2026-04-22 11:18:11.242 | INFO     | app.main:log_requests:49 - [50feb4bb] → 200
2026-04-22 11:19:15.431 | INFO     | app.main:log_requests:47 - [425c2dbb] GET /v1/users/me
2026-04-22 11:19:16.170 | INFO     | app.main:log_requests:49 - [425c2dbb] → 200
2026-04-22 11:19:18.621 | INFO     | app.main:log_requests:47 - [f060f507] GET /v1/domains
2026-04-22 11:19:18.623 | INFO     | app.main:log_requests:49 - [f060f507] → 307
2026-04-22 11:19:18.630 | INFO     | app.main:log_requests:47 - [aee011b1] GET /v1/projects/cccccccc-0000-0000-0000-000000000003
2026-04-22 11:19:19.333 | INFO     | app.main:log_requests:49 - [aee011b1] → 200
2026-04-22 11:19:19.336 | INFO     | app.main:log_requests:47 - [b0163c6b] GET /v1/tasks
2026-04-22 11:19:19.338 | INFO     | app.main:log_requests:49 - [b0163c6b] → 307
2026-04-22 11:19:19.341 | INFO     | app.main:log_requests:47 - [0a7c2e36] GET /v1/domains/
2026-04-22 11:19:20.028 | INFO     | app.main:log_requests:49 - [0a7c2e36] → 200
2026-04-22 11:19:20.030 | INFO     | app.main:log_requests:47 - [34c53bba] GET /v1/tasks/
2026-04-22 11:19:21.572 | INFO     | app.main:log_requests:49 - [34c53bba] → 200
2026-04-22 11:22:15.979 | INFO     | app.main:log_requests:47 - [fb6cde4c] OPTIONS /v1/users/me
2026-04-22 11:22:15.979 | INFO     | app.main:log_requests:49 - [fb6cde4c] → 200
2026-04-22 11:22:15.982 | INFO     | app.main:log_requests:47 - [9507e155] GET /v1/users/me
2026-04-22 11:22:16.880 | INFO     | app.main:log_requests:49 - [9507e155] → 200
2026-04-22 11:22:16.964 | INFO     | app.main:log_requests:47 - [70f6bfda] OPTIONS /v1/domains
2026-04-22 11:22:16.967 | INFO     | app.main:log_requests:49 - [70f6bfda] → 200
2026-04-22 11:22:16.970 | INFO     | app.main:log_requests:47 - [0d3f5c3e] OPTIONS /v1/tasks
2026-04-22 11:22:16.971 | INFO     | app.main:log_requests:47 - [4bd83978] GET /v1/domains
2026-04-22 11:22:16.972 | INFO     | app.main:log_requests:49 - [0d3f5c3e] → 200
2026-04-22 11:22:16.975 | INFO     | app.main:log_requests:49 - [4bd83978] → 307
2026-04-22 11:22:16.978 | INFO     | app.main:log_requests:47 - [4413f0c6] OPTIONS /v1/projects
2026-04-22 11:22:16.979 | INFO     | app.main:log_requests:47 - [819db6f2] OPTIONS /v1/users
2026-04-22 11:22:16.983 | INFO     | app.main:log_requests:49 - [4413f0c6] → 200
2026-04-22 11:22:16.985 | INFO     | app.main:log_requests:49 - [819db6f2] → 200
2026-04-22 11:22:16.986 | INFO     | app.main:log_requests:47 - [6d5563d3] GET /v1/tasks
2026-04-22 11:22:16.989 | INFO     | app.main:log_requests:47 - [dce1d58f] OPTIONS /v1/domains/
2026-04-22 11:22:16.990 | INFO     | app.main:log_requests:49 - [6d5563d3] → 307
2026-04-22 11:22:16.992 | INFO     | app.main:log_requests:49 - [dce1d58f] → 200
2026-04-22 11:22:16.997 | INFO     | app.main:log_requests:47 - [df33203b] GET /v1/projects
2026-04-22 11:22:16.999 | INFO     | app.main:log_requests:47 - [06313a00] GET /v1/users
2026-04-22 11:22:16.999 | INFO     | app.main:log_requests:49 - [df33203b] → 307
2026-04-22 11:22:17.002 | INFO     | app.main:log_requests:49 - [06313a00] → 307
2026-04-22 11:22:17.007 | INFO     | app.main:log_requests:47 - [95468dc4] OPTIONS /v1/tasks/
2026-04-22 11:22:17.009 | INFO     | app.main:log_requests:47 - [f704925d] GET /v1/domains/
2026-04-22 11:22:17.010 | INFO     | app.main:log_requests:49 - [95468dc4] → 200
2026-04-22 11:22:17.823 | INFO     | app.main:log_requests:49 - [f704925d] → 200
2026-04-22 11:22:17.824 | INFO     | app.main:log_requests:47 - [b316c881] OPTIONS /v1/users/
2026-04-22 11:22:17.825 | INFO     | app.main:log_requests:47 - [6123e6d3] OPTIONS /v1/projects/
2026-04-22 11:22:17.825 | INFO     | app.main:log_requests:47 - [5350a869] GET /v1/tasks/
2026-04-22 11:22:19.515 | INFO     | app.main:log_requests:49 - [b316c881] → 200
2026-04-22 11:22:19.516 | INFO     | app.main:log_requests:49 - [6123e6d3] → 200
2026-04-22 11:22:19.517 | INFO     | app.main:log_requests:49 - [5350a869] → 200
2026-04-22 11:22:19.519 | INFO     | app.main:log_requests:47 - [6da4aec6] GET /v1/users/
2026-04-22 11:22:20.167 | INFO     | app.main:log_requests:47 - [370b945e] GET /v1/projects/
2026-04-22 11:22:20.824 | INFO     | app.main:log_requests:49 - [6da4aec6] → 200
2026-04-22 11:22:20.825 | INFO     | app.main:log_requests:49 - [370b945e] → 200
2026-04-22 11:22:25.754 | INFO     | app.main:log_requests:47 - [65af648f] GET /v1/users/me
2026-04-22 11:22:26.548 | INFO     | app.main:log_requests:49 - [65af648f] → 200
2026-04-22 11:22:26.667 | INFO     | app.main:log_requests:47 - [431bcee4] GET /v1/domains
2026-04-22 11:22:26.669 | INFO     | app.main:log_requests:49 - [431bcee4] → 307
2026-04-22 11:22:26.675 | INFO     | app.main:log_requests:47 - [e10708bc] GET /v1/domains/dddddddd-0000-0000-0000-000000000003
2026-04-22 11:22:27.369 | INFO     | app.main:log_requests:49 - [e10708bc] → 200
2026-04-22 11:22:27.376 | INFO     | app.main:log_requests:47 - [7baec449] GET /v1/domains/
2026-04-22 11:22:28.064 | INFO     | app.main:log_requests:49 - [7baec449] → 200
2026-04-22 11:22:28.066 | INFO     | app.main:log_requests:47 - [817bd66f] GET /v1/projects
2026-04-22 11:22:28.069 | INFO     | app.main:log_requests:47 - [aa1eb5a5] GET /v1/tasks
2026-04-22 11:22:28.073 | INFO     | app.main:log_requests:49 - [817bd66f] → 307
2026-04-22 11:22:28.075 | INFO     | app.main:log_requests:49 - [aa1eb5a5] → 307
2026-04-22 11:22:28.098 | INFO     | app.main:log_requests:47 - [04f17103] GET /v1/tasks/
2026-04-22 11:22:28.772 | INFO     | app.main:log_requests:47 - [aaca0953] GET /v1/projects/
2026-04-22 11:22:29.421 | ERROR    | app.main:global_exception_handler:72 - Unhandled error [ad700546-dfca-4afb-80bc-355477883383]: {'message': 'column tasks.domain_id does not exist', 'code': '42703', 'hint': None, 'details': None}
2026-04-22 11:22:29.430 | INFO     | app.main:log_requests:49 - [aaca0953] → 200
2026-04-22 11:22:30.437 | INFO     | app.main:log_requests:47 - [046473de] GET /v1/tasks
2026-04-22 11:22:30.438 | INFO     | app.main:log_requests:49 - [046473de] → 307
2026-04-22 11:22:30.442 | INFO     | app.main:log_requests:47 - [0afc26e0] GET /v1/tasks/
2026-04-22 11:22:31.242 | ERROR    | app.main:global_exception_handler:72 - Unhandled error [80411c18-d94a-4b6f-969d-f088ceebea43]: {'message': 'column tasks.domain_id does not exist', 'code': '42703', 'hint': None, 'details': None}
2026-04-22 11:22:44.056 | INFO     | app.main:log_requests:47 - [1e30feda] GET /v1/users/me
2026-04-22 11:22:44.777 | INFO     | app.main:log_requests:49 - [1e30feda] → 200
2026-04-22 11:22:44.836 | INFO     | app.main:log_requests:47 - [37598803] GET /v1/domains
2026-04-22 11:22:44.839 | INFO     | app.main:log_requests:47 - [12a247b4] GET /v1/projects/cccccccc-0000-0000-0000-000000000003
2026-04-22 11:22:44.840 | INFO     | app.main:log_requests:49 - [37598803] → 307
2026-04-22 11:22:45.507 | INFO     | app.main:log_requests:49 - [12a247b4] → 200
2026-04-22 11:22:45.507 | INFO     | app.main:log_requests:47 - [33c69ebd] GET /v1/tasks
2026-04-22 11:22:45.508 | INFO     | app.main:log_requests:49 - [33c69ebd] → 307
2026-04-22 11:22:45.509 | INFO     | app.main:log_requests:47 - [61707aca] GET /v1/domains/
2026-04-22 11:22:46.186 | INFO     | app.main:log_requests:49 - [61707aca] → 200
2026-04-22 11:22:46.188 | INFO     | app.main:log_requests:47 - [b9f6f656] GET /v1/tasks/
2026-04-22 11:22:47.807 | INFO     | app.main:log_requests:49 - [b9f6f656] → 200
2026-04-22 11:23:04.667 | INFO     | app.main:log_requests:47 - [68c4631c] OPTIONS /v1/tasks/aaaaaaaa-0000-0000-0000-000000000005/messages
2026-04-22 11:23:04.667 | INFO     | app.main:log_requests:49 - [68c4631c] → 200
2026-04-22 11:23:04.668 | INFO     | app.main:log_requests:47 - [5e14d5a9] GET /v1/tasks/aaaaaaaa-0000-0000-0000-000000000005/messages
2026-04-22 11:23:06.102 | INFO     | app.main:log_requests:49 - [5e14d5a9] → 200
2026-04-22 11:24:34.090 | INFO     | app.main:log_requests:47 - [49d0da74] GET /v1/tasks/aaaaaaaa-0000-0000-0000-000000000005/messages
2026-04-22 11:24:35.968 | INFO     | app.main:log_requests:49 - [49d0da74] → 200
2026-04-22 11:24:44.712 | INFO     | app.main:log_requests:47 - [7bb45834] GET /v1/users/me
2026-04-22 11:24:45.432 | INFO     | app.main:log_requests:49 - [7bb45834] → 200
2026-04-22 11:24:45.501 | INFO     | app.main:log_requests:47 - [9d3b1fd8] GET /v1/domains
2026-04-22 11:24:45.502 | INFO     | app.main:log_requests:49 - [9d3b1fd8] → 307
2026-04-22 11:24:45.507 | INFO     | app.main:log_requests:47 - [e291ce27] OPTIONS /v1/domains/dddddddd-0000-0000-0000-000000000003
2026-04-22 11:24:45.508 | INFO     | app.main:log_requests:49 - [e291ce27] → 200
2026-04-22 11:24:45.510 | INFO     | app.main:log_requests:47 - [1a8544a8] GET /v1/domains/
2026-04-22 11:24:46.189 | INFO     | app.main:log_requests:49 - [1a8544a8] → 200
2026-04-22 11:24:46.198 | INFO     | app.main:log_requests:47 - [d63ae675] OPTIONS /v1/projects
2026-04-22 11:24:46.201 | INFO     | app.main:log_requests:47 - [e364bbf8] OPTIONS /v1/tasks
2026-04-22 11:24:46.204 | INFO     | app.main:log_requests:47 - [7c4bf11b] GET /v1/domains/dddddddd-0000-0000-0000-000000000003
2026-04-22 11:24:46.908 | INFO     | app.main:log_requests:49 - [d63ae675] → 200
2026-04-22 11:24:46.910 | INFO     | app.main:log_requests:49 - [e364bbf8] → 200
2026-04-22 11:24:46.911 | INFO     | app.main:log_requests:49 - [7c4bf11b] → 200
2026-04-22 11:24:46.913 | INFO     | app.main:log_requests:47 - [a028cf6a] GET /v1/projects
2026-04-22 11:24:46.915 | INFO     | app.main:log_requests:47 - [44a76aea] GET /v1/tasks
2026-04-22 11:24:46.916 | INFO     | app.main:log_requests:49 - [a028cf6a] → 307
2026-04-22 11:24:46.918 | INFO     | app.main:log_requests:49 - [44a76aea] → 307
2026-04-22 11:24:46.924 | INFO     | app.main:log_requests:47 - [bf7e81b9] OPTIONS /v1/projects/
2026-04-22 11:24:46.926 | INFO     | app.main:log_requests:47 - [16d99704] OPTIONS /v1/tasks/
2026-04-22 11:24:46.927 | INFO     | app.main:log_requests:49 - [bf7e81b9] → 200
2026-04-22 11:24:46.931 | INFO     | app.main:log_requests:49 - [16d99704] → 200
2026-04-22 11:24:46.933 | INFO     | app.main:log_requests:47 - [bc7c759b] GET /v1/projects/
2026-04-22 11:24:47.623 | INFO     | app.main:log_requests:47 - [19eec371] GET /v1/tasks/
2026-04-22 11:24:47.624 | INFO     | app.main:log_requests:49 - [bc7c759b] → 200
2026-04-22 11:24:48.305 | ERROR    | app.main:global_exception_handler:72 - Unhandled error [2144642e-5d01-49bf-b978-bb8cccf4c891]: {'message': 'column tasks.domain_id does not exist', 'code': '42703', 'hint': None, 'details': None}
2026-04-22 11:24:49.355 | INFO     | app.main:log_requests:47 - [8bdf7e74] GET /v1/tasks
2026-04-22 11:24:49.356 | INFO     | app.main:log_requests:49 - [8bdf7e74] → 307
2026-04-22 11:24:49.359 | INFO     | app.main:log_requests:47 - [a332b4e6] GET /v1/tasks/
2026-04-22 11:24:50.059 | ERROR    | app.main:global_exception_handler:72 - Unhandled error [13eca081-f669-4b48-b857-b0b002e8caf0]: {'message': 'column tasks.domain_id does not exist', 'code': '42703', 'hint': None, 'details': None}
2026-04-22 11:28:11.408 | INFO     | app.main:log_requests:47 - [cb8016e0] GET /v1/domains
2026-04-22 11:28:11.409 | INFO     | app.main:log_requests:47 - [2377efb1] GET /v1/domains/dddddddd-0000-0000-0000-000000000003
2026-04-22 11:28:11.410 | INFO     | app.main:log_requests:47 - [66401571] GET /v1/projects
2026-04-22 11:28:12.479 | INFO     | app.main:log_requests:47 - [1e84c6a5] GET /v1/tasks
2026-04-22 11:28:12.480 | INFO     | app.main:log_requests:49 - [cb8016e0] → 307
2026-04-22 11:28:12.486 | INFO     | app.main:log_requests:49 - [2377efb1] → 200
2026-04-22 11:28:12.489 | INFO     | app.main:log_requests:49 - [66401571] → 307
2026-04-22 11:28:12.493 | INFO     | app.main:log_requests:49 - [1e84c6a5] → 307
2026-04-22 11:28:12.500 | INFO     | app.main:log_requests:47 - [a8629651] GET /v1/domains/
2026-04-22 11:28:14.885 | INFO     | app.main:log_requests:49 - [a8629651] → 200
2026-04-22 11:28:14.886 | INFO     | app.main:log_requests:47 - [cddc325b] GET /v1/tasks/
2026-04-22 11:28:14.887 | INFO     | app.main:log_requests:47 - [66e33122] GET /v1/projects/
2026-04-22 11:28:14.888 | INFO     | app.main:log_requests:47 - [9f4783de] GET /v1/users/me
2026-04-22 11:28:18.215 | ERROR    | app.main:global_exception_handler:72 - Unhandled error [2cc6b7d1-1a8a-4d07-998d-87336fc62c6f]: {'message': 'column tasks.domain_id does not exist', 'code': '42703', 'hint': None, 'details': None}
2026-04-22 11:28:18.221 | INFO     | app.main:log_requests:49 - [66e33122] → 200
2026-04-22 11:28:18.222 | INFO     | app.main:log_requests:49 - [9f4783de] → 200
2026-04-22 11:28:18.314 | INFO     | app.main:log_requests:47 - [291f9938] GET /v1/domains
2026-04-22 11:28:18.316 | INFO     | app.main:log_requests:49 - [291f9938] → 307
2026-04-22 11:28:18.321 | INFO     | app.main:log_requests:47 - [63cb2045] GET /v1/domains/
2026-04-22 11:28:19.010 | INFO     | app.main:log_requests:47 - [8cb5a1a0] GET /v1/domains/dddddddd-0000-0000-0000-000000000003
2026-04-22 11:28:19.705 | INFO     | app.main:log_requests:49 - [63cb2045] → 200
2026-04-22 11:28:19.707 | INFO     | app.main:log_requests:49 - [8cb5a1a0] → 200
2026-04-22 11:28:19.708 | INFO     | app.main:log_requests:47 - [8529a748] GET /v1/projects
2026-04-22 11:28:19.709 | INFO     | app.main:log_requests:47 - [9684a8dc] GET /v1/tasks
2026-04-22 11:28:19.711 | INFO     | app.main:log_requests:49 - [8529a748] → 307
2026-04-22 11:28:19.712 | INFO     | app.main:log_requests:49 - [9684a8dc] → 307
2026-04-22 11:28:19.766 | INFO     | app.main:log_requests:47 - [07f62ae4] GET /v1/projects/
2026-04-22 11:28:20.459 | INFO     | app.main:log_requests:47 - [e62e3551] GET /v1/tasks/
2026-04-22 11:28:21.133 | INFO     | app.main:log_requests:49 - [07f62ae4] → 200
2026-04-22 11:28:21.135 | ERROR    | app.main:global_exception_handler:72 - Unhandled error [7d3161bb-0cfd-4a2a-81b8-ff4fe1c026fb]: {'message': 'column tasks.domain_id does not exist', 'code': '42703', 'hint': None, 'details': None}
2026-04-22 11:28:22.276 | INFO     | app.main:log_requests:47 - [4bc8d31a] GET /v1/tasks
2026-04-22 11:28:22.279 | INFO     | app.main:log_requests:49 - [4bc8d31a] → 307
2026-04-22 11:28:22.289 | INFO     | app.main:log_requests:47 - [00d9914f] GET /v1/tasks/
2026-04-22 11:28:22.986 | ERROR    | app.main:global_exception_handler:72 - Unhandled error [4012f89a-dcf2-4831-afab-65083afd5882]: {'message': 'column tasks.domain_id does not exist', 'code': '42703', 'hint': None, 'details': None}
2026-04-22 11:36:59.705 | INFO     | app.main:log_requests:47 - [5e4ca015] OPTIONS /v1/users/me
2026-04-22 11:36:59.706 | INFO     | app.main:log_requests:49 - [5e4ca015] → 200
2026-04-22 11:36:59.709 | INFO     | app.main:log_requests:47 - [44e623a7] GET /v1/users/me
2026-04-22 11:37:00.936 | INFO     | app.main:log_requests:49 - [44e623a7] → 200
2026-04-22 11:37:01.038 | INFO     | app.main:log_requests:47 - [b35ec8bc] OPTIONS /v1/domains
2026-04-22 11:37:01.040 | INFO     | app.main:log_requests:49 - [b35ec8bc] → 200
2026-04-22 11:37:01.043 | INFO     | app.main:log_requests:47 - [0f4be501] GET /v1/domains
2026-04-22 11:37:01.045 | INFO     | app.main:log_requests:47 - [09f6c14d] OPTIONS /v1/tasks
2026-04-22 11:37:01.046 | INFO     | app.main:log_requests:49 - [0f4be501] → 307
2026-04-22 11:37:01.049 | INFO     | app.main:log_requests:49 - [09f6c14d] → 200
2026-04-22 11:37:01.053 | INFO     | app.main:log_requests:47 - [ccd16e4a] OPTIONS /v1/projects
2026-04-22 11:37:01.056 | INFO     | app.main:log_requests:47 - [7ab1ebb6] OPTIONS /v1/users
2026-04-22 11:37:01.061 | INFO     | app.main:log_requests:49 - [ccd16e4a] → 200
2026-04-22 11:37:01.064 | INFO     | app.main:log_requests:49 - [7ab1ebb6] → 200
2026-04-22 11:37:01.069 | INFO     | app.main:log_requests:47 - [08153f34] OPTIONS /v1/domains/
2026-04-22 11:37:01.075 | INFO     | app.main:log_requests:47 - [3ba60804] GET /v1/tasks
2026-04-22 11:37:01.078 | INFO     | app.main:log_requests:49 - [08153f34] → 200
2026-04-22 11:37:01.084 | INFO     | app.main:log_requests:49 - [3ba60804] → 307
2026-04-22 11:37:01.091 | INFO     | app.main:log_requests:47 - [f0647dfa] GET /v1/projects
2026-04-22 11:37:01.095 | INFO     | app.main:log_requests:47 - [d1ff5708] GET /v1/users
2026-04-22 11:37:01.096 | INFO     | app.main:log_requests:49 - [f0647dfa] → 307
2026-04-22 11:37:01.102 | INFO     | app.main:log_requests:49 - [d1ff5708] → 307
2026-04-22 11:37:01.108 | INFO     | app.main:log_requests:47 - [334febe5] GET /v1/domains/
2026-04-22 11:37:01.817 | INFO     | app.main:log_requests:47 - [65d4ae10] OPTIONS /v1/tasks/
2026-04-22 11:37:01.819 | INFO     | app.main:log_requests:49 - [334febe5] → 200
2026-04-22 11:37:01.824 | INFO     | app.main:log_requests:49 - [65d4ae10] → 200
2026-04-22 11:37:01.830 | INFO     | app.main:log_requests:47 - [1d23075c] OPTIONS /v1/users/
2026-04-22 11:37:01.832 | INFO     | app.main:log_requests:47 - [f59bb97e] OPTIONS /v1/projects/
2026-04-22 11:37:01.834 | INFO     | app.main:log_requests:47 - [0facc7a1] GET /v1/tasks/
2026-04-22 11:37:01.837 | INFO     | app.main:log_requests:49 - [1d23075c] → 200
2026-04-22 11:37:01.839 | INFO     | app.main:log_requests:49 - [f59bb97e] → 200
2026-04-22 11:37:03.403 | INFO     | app.main:log_requests:49 - [0facc7a1] → 200
2026-04-22 11:37:03.404 | INFO     | app.main:log_requests:47 - [14c3d6de] GET /v1/projects/
2026-04-22 11:37:03.405 | INFO     | app.main:log_requests:47 - [31de3f5f] GET /v1/users/
2026-04-22 11:37:04.663 | INFO     | app.main:log_requests:49 - [14c3d6de] → 200
2026-04-22 11:37:04.665 | INFO     | app.main:log_requests:49 - [31de3f5f] → 200
2026-04-22 11:37:28.402 | INFO     | app.main:log_requests:47 - [f34ae95d] OPTIONS /v1/domains/dddddddd-0000-0000-0000-000000000004
2026-04-22 11:37:28.404 | INFO     | app.main:log_requests:49 - [f34ae95d] → 200
2026-04-22 11:37:28.408 | INFO     | app.main:log_requests:47 - [a49212ac] OPTIONS /v1/projects
2026-04-22 11:37:28.409 | INFO     | app.main:log_requests:49 - [a49212ac] → 200
2026-04-22 11:37:28.413 | INFO     | app.main:log_requests:47 - [eadaea43] GET /v1/domains/dddddddd-0000-0000-0000-000000000004
2026-04-22 11:37:29.363 | INFO     | app.main:log_requests:49 - [eadaea43] → 200
2026-04-22 11:37:29.365 | INFO     | app.main:log_requests:47 - [db20a674] OPTIONS /v1/tasks
2026-04-22 11:37:29.366 | INFO     | app.main:log_requests:47 - [a73e72a0] GET /v1/projects
2026-04-22 11:37:29.367 | INFO     | app.main:log_requests:49 - [db20a674] → 200
2026-04-22 11:37:29.371 | INFO     | app.main:log_requests:49 - [a73e72a0] → 307
2026-04-22 11:37:29.373 | INFO     | app.main:log_requests:47 - [2cd8f474] GET /v1/tasks
2026-04-22 11:37:29.373 | INFO     | app.main:log_requests:49 - [2cd8f474] → 307
2026-04-22 11:37:29.401 | INFO     | app.main:log_requests:47 - [9ebff1e7] OPTIONS /v1/projects/
2026-04-22 11:37:29.402 | INFO     | app.main:log_requests:47 - [4684284e] OPTIONS /v1/tasks/
2026-04-22 11:37:29.403 | INFO     | app.main:log_requests:49 - [9ebff1e7] → 200
2026-04-22 11:37:29.404 | INFO     | app.main:log_requests:49 - [4684284e] → 200
2026-04-22 11:37:29.406 | INFO     | app.main:log_requests:47 - [9430a502] GET /v1/projects/
2026-04-22 11:37:30.135 | INFO     | app.main:log_requests:47 - [b847835d] GET /v1/tasks/
2026-04-22 11:37:30.136 | INFO     | app.main:log_requests:49 - [9430a502] → 200
2026-04-22 11:37:30.818 | ERROR    | app.main:global_exception_handler:72 - Unhandled error [a0b7cfc5-8a70-4fca-a866-ce12e19cd206]: {'message': 'column tasks.domain_id does not exist', 'code': '42703', 'hint': None, 'details': None}
2026-04-22 11:37:31.886 | INFO     | app.main:log_requests:47 - [1db6c14f] GET /v1/tasks
2026-04-22 11:37:31.888 | INFO     | app.main:log_requests:49 - [1db6c14f] → 307
2026-04-22 11:37:31.897 | INFO     | app.main:log_requests:47 - [be9f9e03] GET /v1/tasks/
2026-04-22 11:37:32.602 | ERROR    | app.main:global_exception_handler:72 - Unhandled error [0a169296-880d-4f59-bd79-a4b96c783c87]: {'message': 'column tasks.domain_id does not exist', 'code': '42703', 'hint': None, 'details': None}
2026-04-22 11:37:32.663 | INFO     | app.main:log_requests:47 - [26ddfdaa] GET /v1/domains
2026-04-22 11:37:32.665 | INFO     | app.main:log_requests:49 - [26ddfdaa] → 307
2026-04-22 11:37:32.667 | INFO     | app.main:log_requests:47 - [965e986b] GET /v1/domains/
2026-04-22 11:37:33.299 | INFO     | app.main:log_requests:49 - [965e986b] → 200
2026-04-22 11:37:52.707 | INFO     | app.main:log_requests:47 - [f2ff1e75] GET /v1/users/me
2026-04-22 11:37:53.494 | INFO     | app.main:log_requests:49 - [f2ff1e75] → 200
2026-04-22 11:37:53.600 | INFO     | app.main:log_requests:47 - [37f18b77] GET /v1/domains
2026-04-22 11:37:53.602 | INFO     | app.main:log_requests:49 - [37f18b77] → 307
2026-04-22 11:37:53.614 | INFO     | app.main:log_requests:47 - [7f323b38] OPTIONS /v1/projects/cccccccc-0000-0000-0000-000000000004
2026-04-22 11:37:53.615 | INFO     | app.main:log_requests:49 - [7f323b38] → 200
2026-04-22 11:37:53.617 | INFO     | app.main:log_requests:47 - [7b796728] OPTIONS /v1/tasks
2026-04-22 11:37:53.619 | INFO     | app.main:log_requests:49 - [7b796728] → 200
2026-04-22 11:37:53.622 | INFO     | app.main:log_requests:47 - [7dd9e6b0] GET /v1/projects/cccccccc-0000-0000-0000-000000000004
2026-04-22 11:37:54.337 | INFO     | app.main:log_requests:49 - [7dd9e6b0] → 200
2026-04-22 11:37:54.339 | INFO     | app.main:log_requests:47 - [0cd128fc] GET /v1/tasks
2026-04-22 11:37:54.339 | INFO     | app.main:log_requests:47 - [3fb83bfd] GET /v1/domains/
2026-04-22 11:37:55.146 | INFO     | app.main:log_requests:49 - [0cd128fc] → 307
2026-04-22 11:37:55.147 | INFO     | app.main:log_requests:49 - [3fb83bfd] → 200
2026-04-22 11:37:55.150 | INFO     | app.main:log_requests:47 - [3d1edcf8] OPTIONS /v1/tasks/
2026-04-22 11:37:55.150 | INFO     | app.main:log_requests:49 - [3d1edcf8] → 200
2026-04-22 11:37:55.152 | INFO     | app.main:log_requests:47 - [aaf8cda5] GET /v1/tasks/
2026-04-22 11:37:56.787 | INFO     | app.main:log_requests:49 - [aaf8cda5] → 200
2026-04-22 11:38:02.575 | INFO     | app.main:log_requests:47 - [e93d6e20] OPTIONS /v1/tasks/aaaaaaaa-0000-0000-0000-000000000007/messages
2026-04-22 11:38:02.576 | INFO     | app.main:log_requests:49 - [e93d6e20] → 200
2026-04-22 11:38:02.580 | INFO     | app.main:log_requests:47 - [429c1f6b] GET /v1/tasks/aaaaaaaa-0000-0000-0000-000000000007/messages
2026-04-22 11:38:03.870 | INFO     | app.main:log_requests:49 - [429c1f6b] → 200
2026-04-22 11:38:10.153 | INFO     | app.main:log_requests:47 - [905aedeb] GET /v1/users/me
2026-04-22 11:38:10.914 | INFO     | app.main:log_requests:49 - [905aedeb] → 200
2026-04-22 11:38:10.990 | INFO     | app.main:log_requests:47 - [ff3a4de3] GET /v1/domains
2026-04-22 11:38:10.991 | INFO     | app.main:log_requests:49 - [ff3a4de3] → 307
2026-04-22 11:38:11.000 | INFO     | app.main:log_requests:47 - [85c32c48] GET /v1/domains/dddddddd-0000-0000-0000-000000000004
2026-04-22 11:38:12.105 | INFO     | app.main:log_requests:47 - [7e01e5e8] GET /v1/projects
2026-04-22 11:38:12.106 | INFO     | app.main:log_requests:49 - [85c32c48] → 200
2026-04-22 11:38:12.110 | INFO     | app.main:log_requests:49 - [7e01e5e8] → 307
2026-04-22 11:38:12.113 | INFO     | app.main:log_requests:47 - [8e09c44b] GET /v1/tasks
2026-04-22 11:38:12.114 | INFO     | app.main:log_requests:47 - [b53c8a97] GET /v1/domains/
2026-04-22 11:38:12.811 | INFO     | app.main:log_requests:49 - [8e09c44b] → 307
2026-04-22 11:38:12.816 | INFO     | app.main:log_requests:49 - [b53c8a97] → 200
2026-04-22 11:38:12.826 | INFO     | app.main:log_requests:47 - [4fc66b05] GET /v1/projects/
2026-04-22 11:38:13.539 | INFO     | app.main:log_requests:47 - [ae02316d] GET /v1/tasks/
2026-04-22 11:38:13.541 | INFO     | app.main:log_requests:49 - [4fc66b05] → 200
2026-04-22 11:38:14.253 | ERROR    | app.main:global_exception_handler:72 - Unhandled error [aacb5601-4d32-4299-9141-978e9769c23a]: {'message': 'column tasks.domain_id does not exist', 'code': '42703', 'hint': None, 'details': None}
2026-04-22 11:38:15.318 | INFO     | app.main:log_requests:47 - [f1db960b] GET /v1/tasks
2026-04-22 11:38:15.321 | INFO     | app.main:log_requests:49 - [f1db960b] → 307
2026-04-22 11:38:15.329 | INFO     | app.main:log_requests:47 - [9c8fc1fc] GET /v1/tasks/
2026-04-22 11:38:16.029 | ERROR    | app.main:global_exception_handler:72 - Unhandled error [a4b0f42c-91f4-4fbc-aa20-813ef033014c]: {'message': 'column tasks.domain_id does not exist', 'code': '42703', 'hint': None, 'details': None}
2026-04-22 11:42:23.126 | INFO     | app.main:log_requests:47 - [b3217956] GET /v1/domains/dddddddd-0000-0000-0000-000000000004
2026-04-22 11:42:24.528 | INFO     | app.main:log_requests:47 - [d1ae7b37] GET /v1/tasks
2026-04-22 11:42:24.528 | INFO     | app.main:log_requests:47 - [c7f6400e] GET /v1/projects
2026-04-22 11:42:24.529 | INFO     | app.main:log_requests:49 - [b3217956] → 200
2026-04-22 11:42:24.542 | INFO     | app.main:log_requests:49 - [d1ae7b37] → 307
2026-04-22 11:42:24.544 | INFO     | app.main:log_requests:49 - [c7f6400e] → 307
2026-04-22 11:42:24.559 | INFO     | app.main:log_requests:47 - [3f4b9e56] GET /v1/tasks/
2026-04-22 11:42:25.289 | ERROR    | app.main:global_exception_handler:72 - Unhandled error [c2e982dd-9a85-4a08-9539-9bd0ed49b6bd]: {'message': 'column tasks.domain_id does not exist', 'code': '42703', 'hint': None, 'details': None}
2026-04-22 11:42:25.299 | INFO     | app.main:log_requests:47 - [41ee12c4] GET /v1/projects/
2026-04-22 11:42:25.990 | INFO     | app.main:log_requests:49 - [41ee12c4] → 200
2026-04-22 11:42:26.299 | INFO     | app.main:log_requests:47 - [73810785] GET /v1/tasks
2026-04-22 11:42:26.299 | INFO     | app.main:log_requests:49 - [73810785] → 307
2026-04-22 11:42:26.303 | INFO     | app.main:log_requests:47 - [af471a0b] GET /v1/tasks/
2026-04-22 11:42:27.048 | ERROR    | app.main:global_exception_handler:72 - Unhandled error [4648672b-d946-42e0-bd10-c07578f64d94]: {'message': 'column tasks.domain_id does not exist', 'code': '42703', 'hint': None, 'details': None}
2026-04-22 11:42:27.126 | INFO     | app.main:log_requests:47 - [5fbe2d2d] GET /v1/domains
2026-04-22 11:42:27.128 | INFO     | app.main:log_requests:49 - [5fbe2d2d] → 307
2026-04-22 11:42:27.136 | INFO     | app.main:log_requests:47 - [c2cebd9e] GET /v1/domains/
2026-04-22 11:42:27.840 | INFO     | app.main:log_requests:49 - [c2cebd9e] → 200
2026-04-22 11:43:39.232 | INFO     | app.main:log_requests:47 - [0ed654c3] GET /v1/projects
2026-04-22 11:43:39.233 | INFO     | app.main:log_requests:47 - [8019b3f8] OPTIONS /v1/users
2026-04-22 11:43:39.235 | INFO     | app.main:log_requests:47 - [ff6843e8] GET /v1/domains
2026-04-22 11:43:39.236 | INFO     | app.main:log_requests:49 - [0ed654c3] → 307
2026-04-22 11:43:39.241 | INFO     | app.main:log_requests:49 - [8019b3f8] → 200
2026-04-22 11:43:39.245 | INFO     | app.main:log_requests:49 - [ff6843e8] → 307
2026-04-22 11:43:39.249 | INFO     | app.main:log_requests:47 - [00e2f2df] GET /v1/projects/
2026-04-22 11:43:40.740 | INFO     | app.main:log_requests:47 - [d09ea561] GET /v1/users
2026-04-22 11:43:40.740 | INFO     | app.main:log_requests:47 - [9d2e450b] GET /v1/domains/
2026-04-22 11:43:40.743 | INFO     | app.main:log_requests:49 - [00e2f2df] → 200
2026-04-22 11:43:41.412 | INFO     | app.main:log_requests:49 - [d09ea561] → 307
2026-04-22 11:43:41.413 | INFO     | app.main:log_requests:49 - [9d2e450b] → 200
2026-04-22 11:43:41.415 | INFO     | app.main:log_requests:47 - [c985e2a9] OPTIONS /v1/users/
2026-04-22 11:43:41.416 | INFO     | app.main:log_requests:49 - [c985e2a9] → 200
2026-04-22 11:43:41.418 | INFO     | app.main:log_requests:47 - [43823ecf] GET /v1/users/
2026-04-22 11:43:42.070 | INFO     | app.main:log_requests:49 - [43823ecf] → 200
2026-04-22 11:44:46.354 | INFO     | app.main:log_requests:47 - [efb38d3f] OPTIONS /v1/tasks
2026-04-22 11:44:46.355 | INFO     | app.main:log_requests:49 - [efb38d3f] → 200
2026-04-22 11:44:46.361 | INFO     | app.main:log_requests:47 - [8cc0c029] POST /v1/tasks
2026-04-22 11:44:46.362 | INFO     | app.main:log_requests:49 - [8cc0c029] → 307
2026-04-22 11:44:46.368 | INFO     | app.main:log_requests:47 - [3b31182d] OPTIONS /v1/tasks/
2026-04-22 11:44:46.370 | INFO     | app.main:log_requests:49 - [3b31182d] → 200
2026-04-22 11:44:46.375 | INFO     | app.main:log_requests:47 - [cda2c33f] POST /v1/tasks/
2026-04-22 11:44:47.841 | ERROR    | app.main:global_exception_handler:72 - Unhandled error [0b03fc33-f8f1-4614-8b03-d5b96cba9e53]: {'message': "Could not find the 'domain_id' column of 'tasks' in the schema cache", 'code': 'PGRST204', 'hint': None, 'details': None}
2026-04-22 11:45:18.700 | INFO     | app.main:log_requests:47 - [207801f1] POST /v1/tasks
2026-04-22 11:45:18.703 | INFO     | app.main:log_requests:49 - [207801f1] → 307
2026-04-22 11:45:18.709 | INFO     | app.main:log_requests:47 - [088c37b3] POST /v1/tasks/
2026-04-22 11:45:20.050 | ERROR    | app.main:global_exception_handler:72 - Unhandled error [b419d81b-0ccd-4ee1-b1b4-0a6371d1dc9b]: {'message': "Could not find the 'domain_id' column of 'tasks' in the schema cache", 'code': 'PGRST204', 'hint': None, 'details': None}
2026-04-22 11:51:22.796 | INFO     | app.main:log_requests:47 - [11f5e269] OPTIONS /v1/users/me
2026-04-22 11:51:22.797 | INFO     | app.main:log_requests:49 - [11f5e269] → 200
2026-04-22 11:51:22.799 | INFO     | app.main:log_requests:47 - [64281832] GET /v1/users/me
2026-04-22 11:51:23.594 | INFO     | app.main:log_requests:49 - [64281832] → 200
2026-04-22 11:51:23.660 | INFO     | app.main:log_requests:47 - [6e654342] OPTIONS /v1/domains
2026-04-22 11:51:23.661 | INFO     | app.main:log_requests:49 - [6e654342] → 200
2026-04-22 11:51:23.663 | INFO     | app.main:log_requests:47 - [c3f525f7] GET /v1/domains
2026-04-22 11:51:23.664 | INFO     | app.main:log_requests:49 - [c3f525f7] → 307
2026-04-22 11:51:23.666 | INFO     | app.main:log_requests:47 - [350fa642] OPTIONS /v1/domains/dddddddd-0000-0000-0000-000000000004
2026-04-22 11:51:23.667 | INFO     | app.main:log_requests:49 - [350fa642] → 200
2026-04-22 11:51:23.669 | INFO     | app.main:log_requests:47 - [d015a5a1] OPTIONS /v1/domains/
2026-04-22 11:51:23.669 | INFO     | app.main:log_requests:49 - [d015a5a1] → 200
2026-04-22 11:51:23.670 | INFO     | app.main:log_requests:47 - [3cf824f2] OPTIONS /v1/projects
2026-04-22 11:51:23.672 | INFO     | app.main:log_requests:47 - [0af14896] GET /v1/domains/dddddddd-0000-0000-0000-000000000004
2026-04-22 11:51:23.673 | INFO     | app.main:log_requests:49 - [3cf824f2] → 200
2026-04-22 11:51:24.361 | INFO     | app.main:log_requests:49 - [0af14896] → 200
2026-04-22 11:51:24.363 | INFO     | app.main:log_requests:47 - [7d5f9b6a] GET /v1/projects
2026-04-22 11:51:24.364 | INFO     | app.main:log_requests:47 - [f29b0ff5] OPTIONS /v1/tasks
2026-04-22 11:51:24.364 | INFO     | app.main:log_requests:47 - [c2e12934] GET /v1/domains/
2026-04-22 11:51:25.034 | INFO     | app.main:log_requests:49 - [7d5f9b6a] → 307
2026-04-22 11:51:25.035 | INFO     | app.main:log_requests:49 - [f29b0ff5] → 200
2026-04-22 11:51:25.036 | INFO     | app.main:log_requests:49 - [c2e12934] → 200
2026-04-22 11:51:25.039 | INFO     | app.main:log_requests:47 - [4a9a500a] GET /v1/tasks
2026-04-22 11:51:25.040 | INFO     | app.main:log_requests:47 - [f43d2e91] OPTIONS /v1/projects/
2026-04-22 11:51:25.041 | INFO     | app.main:log_requests:49 - [4a9a500a] → 307
2026-04-22 11:51:25.042 | INFO     | app.main:log_requests:49 - [f43d2e91] → 200
2026-04-22 11:51:25.043 | INFO     | app.main:log_requests:47 - [4016b67e] GET /v1/projects/
2026-04-22 11:51:25.725 | INFO     | app.main:log_requests:49 - [4016b67e] → 200
2026-04-22 11:51:25.729 | INFO     | app.main:log_requests:47 - [792aec68] OPTIONS /v1/tasks/
2026-04-22 11:51:25.732 | INFO     | app.main:log_requests:49 - [792aec68] → 200
2026-04-22 11:51:25.746 | INFO     | app.main:log_requests:47 - [849bfad8] GET /v1/tasks/
2026-04-22 11:51:27.539 | INFO     | app.main:log_requests:49 - [849bfad8] → 200
2026-04-22 11:51:46.036 | INFO     | app.main:log_requests:47 - [b34e67d7] OPTIONS /v1/tasks/aaaaaaaa-0000-0000-0000-000000000007/messages
2026-04-22 11:51:46.038 | INFO     | app.main:log_requests:49 - [b34e67d7] → 200
2026-04-22 11:51:46.044 | INFO     | app.main:log_requests:47 - [2d0c820a] GET /v1/tasks/aaaaaaaa-0000-0000-0000-000000000007/messages
2026-04-22 11:51:47.314 | INFO     | app.main:log_requests:49 - [2d0c820a] → 200
2026-04-22 11:51:52.642 | INFO     | app.main:log_requests:47 - [815fc7e2] GET /v1/tasks/aaaaaaaa-0000-0000-0000-000000000007/messages
2026-04-22 11:51:53.983 | INFO     | app.main:log_requests:49 - [815fc7e2] → 200
2026-04-22 11:51:53.984 | INFO     | app.main:log_requests:47 - [6c97080a] OPTIONS /v1/tasks/aaaaaaaa-0000-0000-0000-000000000007/messages
2026-04-22 11:51:53.985 | INFO     | app.main:log_requests:49 - [6c97080a] → 200
2026-04-22 11:51:53.997 | INFO     | app.main:log_requests:47 - [50cb9e10] POST /v1/tasks/aaaaaaaa-0000-0000-0000-000000000007/messages
2026-04-22 11:51:54.679 | INFO     | app.main:log_requests:49 - [50cb9e10] → 201
2026-04-22 11:51:54.692 | INFO     | app.main:log_requests:47 - [d5bdb723] GET /v1/tasks/aaaaaaaa-0000-0000-0000-000000000007/messages
2026-04-22 11:51:55.566 | INFO     | app.main:log_requests:49 - [d5bdb723] → 200
2026-04-22 11:52:00.893 | INFO     | app.main:log_requests:47 - [01302a50] GET /v1/tasks/aaaaaaaa-0000-0000-0000-000000000007/messages
2026-04-22 11:52:02.382 | INFO     | app.main:log_requests:49 - [01302a50] → 200
2026-04-22 11:52:07.390 | INFO     | app.main:log_requests:47 - [cdc055a5] GET /v1/tasks/aaaaaaaa-0000-0000-0000-000000000007/messages
2026-04-22 11:52:08.721 | INFO     | app.main:log_requests:49 - [cdc055a5] → 200
2026-04-22 11:52:08.950 | INFO     | app.main:log_requests:47 - [d4ca2f3f] OPTIONS /v1/users
2026-04-22 11:52:08.950 | INFO     | app.main:log_requests:49 - [d4ca2f3f] → 200
2026-04-22 11:52:08.953 | INFO     | app.main:log_requests:47 - [d5ee5bf9] GET /v1/users
2026-04-22 11:52:08.954 | INFO     | app.main:log_requests:49 - [d5ee5bf9] → 307
2026-04-22 11:52:08.959 | INFO     | app.main:log_requests:47 - [df37b32b] OPTIONS /v1/users/
2026-04-22 11:52:08.960 | INFO     | app.main:log_requests:49 - [df37b32b] → 200
2026-04-22 11:52:08.962 | INFO     | app.main:log_requests:47 - [e87c144e] GET /v1/users/
2026-04-22 11:52:09.647 | INFO     | app.main:log_requests:49 - [e87c144e] → 200
2026-04-22 11:53:49.284 | INFO     | app.main:log_requests:47 - [ce824240] GET /v1/users/me
2026-04-22 11:53:50.044 | INFO     | app.main:log_requests:49 - [ce824240] → 200
2026-04-22 11:53:50.085 | INFO     | app.main:log_requests:47 - [c0a02e7d] GET /v1/domains
2026-04-22 11:53:50.086 | INFO     | app.main:log_requests:47 - [f5758b35] OPTIONS /v1/projects
2026-04-22 11:53:50.086 | INFO     | app.main:log_requests:49 - [c0a02e7d] → 307
2026-04-22 11:53:50.088 | INFO     | app.main:log_requests:49 - [f5758b35] → 200
2026-04-22 11:53:50.090 | INFO     | app.main:log_requests:47 - [0d30614a] GET /v1/tasks
2026-04-22 11:53:50.091 | INFO     | app.main:log_requests:47 - [1d174ef1] GET /v1/projects
2026-04-22 11:53:50.092 | INFO     | app.main:log_requests:49 - [0d30614a] → 307
2026-04-22 11:53:50.093 | INFO     | app.main:log_requests:49 - [1d174ef1] → 307
2026-04-22 11:53:50.094 | INFO     | app.main:log_requests:47 - [e8516113] GET /v1/domains/
2026-04-22 11:53:50.807 | INFO     | app.main:log_requests:47 - [a8f03b07] GET /v1/tasks/
2026-04-22 11:53:50.816 | INFO     | app.main:log_requests:49 - [e8516113] → 200
2026-04-22 11:53:52.465 | INFO     | app.main:log_requests:49 - [a8f03b07] → 200
2026-04-22 11:53:52.475 | INFO     | app.main:log_requests:47 - [93465db6] OPTIONS /v1/projects/
2026-04-22 11:53:52.492 | INFO     | app.main:log_requests:49 - [93465db6] → 200
2026-04-22 11:53:52.501 | INFO     | app.main:log_requests:47 - [59839c62] GET /v1/projects/
2026-04-22 11:53:53.308 | INFO     | app.main:log_requests:49 - [59839c62] → 200
2026-04-22 11:53:56.348 | INFO     | app.main:log_requests:47 - [ba871f39] GET /v1/domains/dddddddd-0000-0000-0000-000000000004
2026-04-22 11:53:57.000 | INFO     | app.main:log_requests:49 - [ba871f39] → 200
2026-04-22 11:53:57.002 | INFO     | app.main:log_requests:47 - [df579848] GET /v1/projects
2026-04-22 11:53:57.002 | INFO     | app.main:log_requests:47 - [199ba3a6] GET /v1/tasks
2026-04-22 11:53:57.004 | INFO     | app.main:log_requests:49 - [df579848] → 307
2026-04-22 11:53:57.004 | INFO     | app.main:log_requests:49 - [199ba3a6] → 307
2026-04-22 11:53:57.028 | INFO     | app.main:log_requests:47 - [452887cf] GET /v1/projects/
2026-04-22 11:53:57.711 | INFO     | app.main:log_requests:47 - [c55826b3] GET /v1/tasks/
2026-04-22 11:53:59.554 | INFO     | app.main:log_requests:49 - [452887cf] → 200
2026-04-22 11:53:59.555 | INFO     | app.main:log_requests:49 - [c55826b3] → 200
2026-04-22 11:54:20.616 | INFO     | app.main:log_requests:47 - [a8606f23] GET /v1/users/me
2026-04-22 11:54:21.390 | INFO     | app.main:log_requests:49 - [a8606f23] → 200
2026-04-22 11:54:21.432 | INFO     | app.main:log_requests:47 - [e39139b1] GET /v1/domains
2026-04-22 11:54:21.434 | INFO     | app.main:log_requests:47 - [fc250857] OPTIONS /v1/tasks/my
2026-04-22 11:54:21.435 | INFO     | app.main:log_requests:49 - [e39139b1] → 307
2026-04-22 11:54:21.438 | INFO     | app.main:log_requests:49 - [fc250857] → 200
2026-04-22 11:54:21.443 | INFO     | app.main:log_requests:47 - [7e230307] GET /v1/tasks/my
2026-04-22 11:54:22.134 | INFO     | app.main:log_requests:49 - [7e230307] → 200
2026-04-22 11:54:22.136 | INFO     | app.main:log_requests:47 - [eb3505f1] GET /v1/domains/
2026-04-22 11:54:22.772 | INFO     | app.main:log_requests:49 - [eb3505f1] → 200
2026-04-22 12:25:41.956 | INFO     | app.main:log_requests:47 - [d22644c4] GET /v1/domains/public
2026-04-22 12:25:43.909 | INFO     | app.main:log_requests:49 - [d22644c4] → 200
2026-04-22 12:25:43.912 | INFO     | app.main:log_requests:47 - [6ebc23bc] GET /v1/domains/public
2026-04-22 12:25:44.136 | INFO     | app.main:log_requests:49 - [6ebc23bc] → 200
2026-04-22 12:26:05.208 | INFO     | app.main:log_requests:47 - [f5debb9a] OPTIONS /v1/users
2026-04-22 12:26:05.208 | INFO     | app.main:log_requests:49 - [f5debb9a] → 200
2026-04-22 12:26:05.211 | INFO     | app.main:log_requests:47 - [f5cf0ac5] POST /v1/users
2026-04-22 12:26:05.211 | INFO     | app.main:log_requests:49 - [f5cf0ac5] → 307
2026-04-22 12:26:05.214 | INFO     | app.main:log_requests:47 - [af55caf2] OPTIONS /v1/users/
2026-04-22 12:26:05.214 | INFO     | app.main:log_requests:49 - [af55caf2] → 200
2026-04-22 12:26:05.217 | INFO     | app.main:log_requests:47 - [2f03865b] POST /v1/users/
2026-04-22 12:26:06.588 | INFO     | app.main:log_requests:49 - [2f03865b] → 201
2026-04-22 12:28:00.017 | INFO     | app.main:log_requests:47 - [136f4415] OPTIONS /v1/users/me
2026-04-22 12:28:00.017 | INFO     | app.main:log_requests:47 - [c915ffa7] OPTIONS /v1/users/me
2026-04-22 12:28:00.018 | INFO     | app.main:log_requests:49 - [136f4415] → 200
2026-04-22 12:28:00.018 | INFO     | app.main:log_requests:49 - [c915ffa7] → 200
2026-04-22 12:28:00.020 | INFO     | app.main:log_requests:47 - [1acdff4a] GET /v1/users/me
2026-04-22 12:28:01.262 | INFO     | app.main:log_requests:49 - [1acdff4a] → 403
2026-04-22 12:28:01.264 | INFO     | app.main:log_requests:47 - [83d99a2a] GET /v1/users/me
2026-04-22 12:28:01.706 | INFO     | app.main:log_requests:49 - [83d99a2a] → 403
2026-04-22 12:28:08.661 | INFO     | app.main:log_requests:47 - [ce253f6a] GET /v1/users/me
2026-04-22 12:28:09.523 | INFO     | app.main:log_requests:49 - [ce253f6a] → 403
2026-04-22 12:28:22.289 | INFO     | app.main:log_requests:47 - [99b9aa01] GET /v1/users/me
2026-04-22 12:28:22.988 | INFO     | app.main:log_requests:49 - [99b9aa01] → 403
2026-04-22 12:28:27.072 | INFO     | app.main:log_requests:47 - [430ecceb] GET /v1/users/me
2026-04-22 12:28:27.582 | INFO     | app.main:log_requests:49 - [430ecceb] → 403
2026-04-22 12:28:46.642 | INFO     | app.main:log_requests:47 - [235b2bc4] GET /v1/users/me
2026-04-22 12:28:47.692 | INFO     | app.main:log_requests:49 - [235b2bc4] → 403
2026-04-22 12:28:49.995 | INFO     | app.main:log_requests:47 - [85067294] GET /v1/users/me
2026-04-22 12:28:50.470 | INFO     | app.main:log_requests:49 - [85067294] → 403
2026-04-22 12:29:09.336 | INFO     | app.main:log_requests:47 - [0547b7da] GET /v1/users/me
2026-04-22 12:29:10.131 | INFO     | app.main:log_requests:49 - [0547b7da] → 403
2026-04-22 12:33:08.200 | INFO     | app.main:log_requests:47 - [fddbf54f] GET /v1/users/me
2026-04-22 12:33:09.583 | INFO     | app.main:log_requests:49 - [fddbf54f] → 403
2026-04-22 12:33:17.130 | INFO     | app.main:log_requests:47 - [48736d59] GET /v1/users/me
2026-04-22 12:33:17.919 | INFO     | app.main:log_requests:49 - [48736d59] → 403
2026-04-22 12:37:17.379 | INFO     | app.main:log_requests:47 - [b320c8a7] GET /v1/users/me
2026-04-22 12:37:18.201 | INFO     | app.main:log_requests:49 - [b320c8a7] → 200
2026-04-22 12:37:18.245 | INFO     | app.main:log_requests:47 - [118abb42] OPTIONS /v1/domains
2026-04-22 12:37:18.245 | INFO     | app.main:log_requests:49 - [118abb42] → 200
2026-04-22 12:37:18.249 | INFO     | app.main:log_requests:47 - [d001ad4b] GET /v1/domains
2026-04-22 12:37:18.249 | INFO     | app.main:log_requests:49 - [d001ad4b] → 307
2026-04-22 12:37:18.283 | INFO     | app.main:log_requests:47 - [3fb915a7] OPTIONS /v1/tasks
2026-04-22 12:37:18.284 | INFO     | app.main:log_requests:47 - [035ffd97] OPTIONS /v1/domains/
2026-04-22 12:37:18.285 | INFO     | app.main:log_requests:49 - [3fb915a7] → 200
2026-04-22 12:37:18.286 | INFO     | app.main:log_requests:49 - [035ffd97] → 200
2026-04-22 12:37:18.298 | INFO     | app.main:log_requests:47 - [8efea75d] OPTIONS /v1/projects
2026-04-22 12:37:18.300 | INFO     | app.main:log_requests:47 - [4976dedb] GET /v1/tasks
2026-04-22 12:37:18.302 | INFO     | app.main:log_requests:49 - [8efea75d] → 200
2026-04-22 12:37:18.306 | INFO     | app.main:log_requests:49 - [4976dedb] → 307
2026-04-22 12:37:18.314 | INFO     | app.main:log_requests:47 - [e370dac4] OPTIONS /v1/users
2026-04-22 12:37:18.316 | INFO     | app.main:log_requests:47 - [9a1b7c3e] GET /v1/domains/
2026-04-22 12:37:18.316 | INFO     | app.main:log_requests:49 - [e370dac4] → 200
2026-04-22 12:37:19.035 | INFO     | app.main:log_requests:49 - [9a1b7c3e] → 200
2026-04-22 12:37:19.062 | INFO     | app.main:log_requests:47 - [d6f45d7d] GET /v1/users
2026-04-22 12:37:19.071 | INFO     | app.main:log_requests:47 - [bd169bcb] OPTIONS /v1/tasks/
2026-04-22 12:37:19.084 | INFO     | app.main:log_requests:47 - [d1b4257b] GET /v1/projects
2026-04-22 12:37:19.114 | INFO     | app.main:log_requests:49 - [d6f45d7d] → 307
2026-04-22 12:37:19.132 | INFO     | app.main:log_requests:49 - [bd169bcb] → 200
2026-04-22 12:37:19.162 | INFO     | app.main:log_requests:49 - [d1b4257b] → 307
2026-04-22 12:37:19.180 | INFO     | app.main:log_requests:47 - [62c2573d] GET /v1/tasks/
2026-04-22 12:37:19.196 | INFO     | app.main:log_requests:47 - [0f59bc9a] OPTIONS /v1/users/
2026-04-22 12:37:21.127 | INFO     | app.main:log_requests:47 - [9bfe1004] OPTIONS /v1/projects/
2026-04-22 12:37:21.127 | INFO     | app.main:log_requests:49 - [62c2573d] → 200
2026-04-22 12:37:21.128 | INFO     | app.main:log_requests:49 - [0f59bc9a] → 200
2026-04-22 12:37:21.130 | INFO     | app.main:log_requests:49 - [9bfe1004] → 200
2026-04-22 12:37:21.131 | INFO     | app.main:log_requests:47 - [2fb72c7d] GET /v1/users/
2026-04-22 12:37:21.986 | INFO     | app.main:log_requests:49 - [2fb72c7d] → 200
2026-04-22 12:37:21.989 | INFO     | app.main:log_requests:47 - [71cc7bc5] GET /v1/projects/
2026-04-22 12:37:22.770 | INFO     | app.main:log_requests:49 - [71cc7bc5] → 200
2026-04-22 12:38:12.638 | INFO     | app.main:log_requests:47 - [8ba11dad] GET /v1/domains
2026-04-22 12:38:12.638 | INFO     | app.main:log_requests:49 - [8ba11dad] → 307
2026-04-22 12:38:12.641 | INFO     | app.main:log_requests:47 - [4c194d8c] GET /v1/tasks
2026-04-22 12:38:12.643 | INFO     | app.main:log_requests:49 - [4c194d8c] → 307
2026-04-22 12:38:12.645 | INFO     | app.main:log_requests:47 - [97a0e8d0] GET /v1/projects
2026-04-22 12:38:12.647 | INFO     | app.main:log_requests:49 - [97a0e8d0] → 307
2026-04-22 12:38:12.649 | INFO     | app.main:log_requests:47 - [01c70071] GET /v1/users
2026-04-22 12:38:12.651 | INFO     | app.main:log_requests:49 - [01c70071] → 307
2026-04-22 12:38:12.655 | INFO     | app.main:log_requests:47 - [f0b4c67f] GET /v1/domains/
2026-04-22 12:38:14.071 | INFO     | app.main:log_requests:49 - [f0b4c67f] → 200
2026-04-22 12:38:14.074 | INFO     | app.main:log_requests:47 - [826a1131] GET /v1/tasks/
2026-04-22 12:38:14.074 | INFO     | app.main:log_requests:47 - [7384ea4c] GET /v1/projects/
2026-04-22 12:38:14.076 | INFO     | app.main:log_requests:47 - [bd231e65] GET /v1/users/
2026-04-22 12:38:17.179 | INFO     | app.main:log_requests:49 - [826a1131] → 200
2026-04-22 12:38:17.181 | INFO     | app.main:log_requests:49 - [7384ea4c] → 200
2026-04-22 12:38:17.182 | INFO     | app.main:log_requests:49 - [bd231e65] → 200
2026-04-22 16:08:38.994 | INFO     | app.main:log_requests:47 - [e94a0717] OPTIONS /v1/users/me
2026-04-22 16:08:38.996 | INFO     | app.main:log_requests:49 - [e94a0717] → 200
2026-04-22 16:08:38.998 | INFO     | app.main:log_requests:47 - [d83ed29a] GET /v1/users/me
2026-04-22 16:08:41.082 | INFO     | app.main:log_requests:49 - [d83ed29a] → 200
2026-04-22 16:08:41.147 | INFO     | app.main:log_requests:47 - [4cd4c1b2] OPTIONS /v1/domains
2026-04-22 16:08:41.148 | INFO     | app.main:log_requests:49 - [4cd4c1b2] → 200
2026-04-22 16:08:41.149 | INFO     | app.main:log_requests:47 - [a3be39a3] OPTIONS /v1/tasks/my
2026-04-22 16:08:41.149 | INFO     | app.main:log_requests:49 - [a3be39a3] → 200
2026-04-22 16:08:41.150 | INFO     | app.main:log_requests:47 - [ecf17379] GET /v1/domains
2026-04-22 16:08:41.152 | INFO     | app.main:log_requests:47 - [dfdaec09] GET /v1/tasks/my
2026-04-22 16:08:41.152 | INFO     | app.main:log_requests:49 - [ecf17379] → 307
2026-04-22 16:08:41.886 | INFO     | app.main:log_requests:49 - [dfdaec09] → 200
2026-04-22 16:08:41.891 | INFO     | app.main:log_requests:47 - [9f4aa834] OPTIONS /v1/domains/
2026-04-22 16:08:41.892 | INFO     | app.main:log_requests:49 - [9f4aa834] → 200
2026-04-22 16:08:41.906 | INFO     | app.main:log_requests:47 - [b7c48333] GET /v1/domains/
2026-04-22 16:08:42.612 | INFO     | app.main:log_requests:49 - [b7c48333] → 200
2026-04-22 16:09:26.465 | INFO     | app.main:log_requests:47 - [9bb0eb8b] GET /v1/domains
2026-04-22 16:09:26.466 | INFO     | app.main:log_requests:49 - [9bb0eb8b] → 307
2026-04-22 16:09:26.467 | INFO     | app.main:log_requests:47 - [6029ef50] GET /v1/tasks/my
2026-04-22 16:09:27.975 | INFO     | app.main:log_requests:49 - [6029ef50] → 200
2026-04-22 16:09:27.976 | INFO     | app.main:log_requests:47 - [01f4b265] GET /v1/domains/
2026-04-22 16:09:28.695 | INFO     | app.main:log_requests:49 - [01f4b265] → 200
2026-04-22 16:09:31.709 | INFO     | app.main:log_requests:47 - [e5f8c517] GET /v1/users/me
2026-04-22 16:09:32.307 | INFO     | app.main:log_requests:49 - [e5f8c517] → 200
2026-04-22 16:09:32.330 | INFO     | app.main:log_requests:47 - [1b368dce] GET /v1/domains
2026-04-22 16:09:32.330 | INFO     | app.main:log_requests:49 - [1b368dce] → 307
2026-04-22 16:09:32.340 | INFO     | app.main:log_requests:47 - [bda6acc2] GET /v1/domains/
2026-04-22 16:09:33.233 | INFO     | app.main:log_requests:49 - [bda6acc2] → 200
2026-04-22 16:09:33.237 | INFO     | app.main:log_requests:47 - [2b2c43df] OPTIONS /v1/domains/dddddddd-0000-0000-0000-000000000001
2026-04-22 16:09:33.246 | INFO     | app.main:log_requests:47 - [819d4942] OPTIONS /v1/projects
2026-04-22 16:09:33.259 | INFO     | app.main:log_requests:49 - [2b2c43df] → 200
2026-04-22 16:09:33.273 | INFO     | app.main:log_requests:49 - [819d4942] → 200
2026-04-22 16:09:33.287 | INFO     | app.main:log_requests:47 - [88bbeb66] OPTIONS /v1/tasks
2026-04-22 16:09:33.290 | INFO     | app.main:log_requests:47 - [7caa4b7f] GET /v1/domains/dddddddd-0000-0000-0000-000000000001
2026-04-22 16:09:33.298 | INFO     | app.main:log_requests:49 - [88bbeb66] → 200
2026-04-22 16:09:34.728 | INFO     | app.main:log_requests:47 - [6ca10cd1] GET /v1/projects
2026-04-22 16:09:34.730 | INFO     | app.main:log_requests:49 - [7caa4b7f] → 200
2026-04-22 16:09:34.731 | INFO     | app.main:log_requests:47 - [8d57b5a2] GET /v1/tasks
2026-04-22 16:09:34.736 | INFO     | app.main:log_requests:49 - [6ca10cd1] → 307
2026-04-22 16:09:34.738 | INFO     | app.main:log_requests:49 - [8d57b5a2] → 307
2026-04-22 16:09:34.752 | INFO     | app.main:log_requests:47 - [f50f6255] OPTIONS /v1/projects/
2026-04-22 16:09:34.753 | INFO     | app.main:log_requests:47 - [c7158c33] OPTIONS /v1/tasks/
2026-04-22 16:09:34.754 | INFO     | app.main:log_requests:49 - [f50f6255] → 200
2026-04-22 16:09:34.755 | INFO     | app.main:log_requests:49 - [c7158c33] → 200
2026-04-22 16:09:34.759 | INFO     | app.main:log_requests:47 - [d2bdeaea] GET /v1/projects/
2026-04-22 16:09:35.229 | INFO     | app.main:log_requests:47 - [50444455] GET /v1/tasks/
2026-04-22 16:09:35.229 | INFO     | app.main:log_requests:49 - [d2bdeaea] → 403
2026-04-22 16:09:36.170 | INFO     | app.main:log_requests:49 - [50444455] → 200
2026-04-22 16:09:37.185 | INFO     | app.main:log_requests:47 - [6f8e34c6] GET /v1/projects
2026-04-22 16:09:37.186 | INFO     | app.main:log_requests:49 - [6f8e34c6] → 307
2026-04-22 16:09:37.189 | INFO     | app.main:log_requests:47 - [9ddc0c4f] GET /v1/projects/
2026-04-22 16:09:37.685 | INFO     | app.main:log_requests:49 - [9ddc0c4f] → 403
2026-04-22 16:09:44.261 | INFO     | app.main:log_requests:47 - [240cf7b8] GET /v1/users/me
2026-04-22 16:09:45.048 | INFO     | app.main:log_requests:49 - [240cf7b8] → 200
2026-04-22 16:09:45.084 | INFO     | app.main:log_requests:47 - [be5fdb0f] GET /v1/domains
2026-04-22 16:09:45.085 | INFO     | app.main:log_requests:49 - [be5fdb0f] → 307
2026-04-22 16:09:45.093 | INFO     | app.main:log_requests:47 - [fe02763b] GET /v1/domains/dddddddd-0000-0000-0000-000000000001
2026-04-22 16:09:45.832 | INFO     | app.main:log_requests:49 - [fe02763b] → 200
2026-04-22 16:09:45.834 | INFO     | app.main:log_requests:47 - [d1f095eb] GET /v1/tasks
2026-04-22 16:09:45.834 | INFO     | app.main:log_requests:47 - [67cd0f55] GET /v1/domains/
2026-04-22 16:09:45.836 | INFO     | app.main:log_requests:47 - [34e74930] GET /v1/projects
2026-04-22 16:09:46.569 | INFO     | app.main:log_requests:49 - [d1f095eb] → 307
2026-04-22 16:09:46.573 | INFO     | app.main:log_requests:49 - [67cd0f55] → 200
2026-04-22 16:09:46.588 | INFO     | app.main:log_requests:49 - [34e74930] → 307
2026-04-22 16:09:46.605 | INFO     | app.main:log_requests:47 - [60a632bb] GET /v1/tasks/
2026-04-22 16:09:47.567 | INFO     | app.main:log_requests:47 - [69c31cc2] GET /v1/projects/
2026-04-22 16:09:47.567 | INFO     | app.main:log_requests:49 - [60a632bb] → 200
2026-04-22 16:09:48.045 | INFO     | app.main:log_requests:49 - [69c31cc2] → 403
2026-04-22 16:09:49.058 | INFO     | app.main:log_requests:47 - [bfc73839] GET /v1/projects
2026-04-22 16:09:49.059 | INFO     | app.main:log_requests:49 - [bfc73839] → 307
2026-04-22 16:09:49.063 | INFO     | app.main:log_requests:47 - [6e567d4f] GET /v1/projects/
2026-04-22 16:09:49.594 | INFO     | app.main:log_requests:49 - [6e567d4f] → 403
2026-04-22 16:09:53.465 | INFO     | app.main:log_requests:47 - [bda13367] GET /v1/users/me
2026-04-22 16:09:53.964 | INFO     | app.main:log_requests:49 - [bda13367] → 200
2026-04-22 16:09:53.981 | INFO     | app.main:log_requests:47 - [ca1858ab] GET /v1/domains
2026-04-22 16:09:53.983 | INFO     | app.main:log_requests:47 - [2a0c0b5d] OPTIONS /v1/domains/dddddddd-0000-0000-0000-000000000004
2026-04-22 16:09:53.983 | INFO     | app.main:log_requests:49 - [ca1858ab] → 307
2026-04-22 16:09:53.984 | INFO     | app.main:log_requests:49 - [2a0c0b5d] → 200
2026-04-22 16:09:53.985 | INFO     | app.main:log_requests:47 - [162ace2b] OPTIONS /v1/projects
2026-04-22 16:09:53.986 | INFO     | app.main:log_requests:47 - [b53e2468] GET /v1/domains/dddddddd-0000-0000-0000-000000000004
2026-04-22 16:09:53.987 | INFO     | app.main:log_requests:49 - [162ace2b] → 200
2026-04-22 16:09:54.682 | INFO     | app.main:log_requests:49 - [b53e2468] → 200
2026-04-22 16:09:54.684 | INFO     | app.main:log_requests:47 - [f58370a7] GET /v1/domains/
2026-04-22 16:09:54.684 | INFO     | app.main:log_requests:47 - [21b0eb59] GET /v1/projects
2026-04-22 16:09:54.685 | INFO     | app.main:log_requests:47 - [44c6cd37] OPTIONS /v1/tasks
2026-04-22 16:09:55.379 | INFO     | app.main:log_requests:49 - [f58370a7] → 200
2026-04-22 16:09:55.380 | INFO     | app.main:log_requests:49 - [21b0eb59] → 307
2026-04-22 16:09:55.383 | INFO     | app.main:log_requests:49 - [44c6cd37] → 200
2026-04-22 16:09:55.384 | INFO     | app.main:log_requests:47 - [e8405e8d] OPTIONS /v1/projects/
2026-04-22 16:09:55.385 | INFO     | app.main:log_requests:47 - [a84e1e09] GET /v1/tasks
2026-04-22 16:09:55.385 | INFO     | app.main:log_requests:49 - [e8405e8d] → 200
2026-04-22 16:09:55.386 | INFO     | app.main:log_requests:49 - [a84e1e09] → 307
2026-04-22 16:09:55.388 | INFO     | app.main:log_requests:47 - [7d235f88] GET /v1/projects/
2026-04-22 16:09:56.176 | INFO     | app.main:log_requests:49 - [7d235f88] → 200
2026-04-22 16:09:56.178 | INFO     | app.main:log_requests:47 - [954ba5de] OPTIONS /v1/tasks/
2026-04-22 16:09:56.181 | INFO     | app.main:log_requests:49 - [954ba5de] → 200
2026-04-22 16:09:56.186 | INFO     | app.main:log_requests:47 - [5ac6c5b2] GET /v1/tasks/
2026-04-22 16:09:57.292 | INFO     | app.main:log_requests:49 - [5ac6c5b2] → 200
2026-04-22 16:09:59.531 | INFO     | app.main:log_requests:47 - [e04ed985] GET /v1/users/me
2026-04-22 16:10:00.008 | INFO     | app.main:log_requests:49 - [e04ed985] → 200
2026-04-22 16:10:00.039 | INFO     | app.main:log_requests:47 - [dab68112] GET /v1/domains
2026-04-22 16:10:00.040 | INFO     | app.main:log_requests:49 - [dab68112] → 307
2026-04-22 16:10:00.042 | INFO     | app.main:log_requests:47 - [84692731] OPTIONS /v1/projects/cccccccc-0000-0000-0000-000000000004
2026-04-22 16:10:00.043 | INFO     | app.main:log_requests:49 - [84692731] → 200
2026-04-22 16:10:00.044 | INFO     | app.main:log_requests:47 - [3b46df7a] GET /v1/domains/
2026-04-22 16:10:00.045 | INFO     | app.main:log_requests:47 - [5c2dae57] OPTIONS /v1/tasks
2026-04-22 16:10:00.990 | INFO     | app.main:log_requests:47 - [dcb324ee] GET /v1/projects/cccccccc-0000-0000-0000-000000000004
2026-04-22 16:10:00.991 | INFO     | app.main:log_requests:49 - [3b46df7a] → 200
2026-04-22 16:10:00.991 | INFO     | app.main:log_requests:49 - [5c2dae57] → 200
2026-04-22 16:10:01.727 | INFO     | app.main:log_requests:49 - [dcb324ee] → 200
2026-04-22 16:10:01.728 | INFO     | app.main:log_requests:47 - [a90c7d10] GET /v1/tasks
2026-04-22 16:10:01.729 | INFO     | app.main:log_requests:49 - [a90c7d10] → 307
2026-04-22 16:10:01.737 | INFO     | app.main:log_requests:47 - [e191e1c9] OPTIONS /v1/tasks/
2026-04-22 16:10:01.738 | INFO     | app.main:log_requests:49 - [e191e1c9] → 200
2026-04-22 16:10:01.740 | INFO     | app.main:log_requests:47 - [ab079aa7] GET /v1/tasks/
2026-04-22 16:10:02.496 | INFO     | app.main:log_requests:49 - [ab079aa7] → 200
2026-04-22 16:10:08.362 | INFO     | app.main:log_requests:47 - [f4a36e65] GET /v1/users/me
2026-04-22 16:10:09.190 | INFO     | app.main:log_requests:49 - [f4a36e65] → 200
2026-04-22 16:10:09.214 | INFO     | app.main:log_requests:47 - [38daa07a] GET /v1/domains
2026-04-22 16:10:09.215 | INFO     | app.main:log_requests:47 - [bb9cac04] GET /v1/tasks/my
2026-04-22 16:10:09.216 | INFO     | app.main:log_requests:49 - [38daa07a] → 307
2026-04-22 16:10:09.991 | INFO     | app.main:log_requests:49 - [bb9cac04] → 200
2026-04-22 16:10:09.992 | INFO     | app.main:log_requests:47 - [2d3e4475] GET /v1/domains/
2026-04-22 16:10:10.720 | INFO     | app.main:log_requests:49 - [2d3e4475] → 200
2026-04-22 16:10:14.757 | INFO     | app.main:log_requests:47 - [4a23d730] GET /v1/users/me
2026-04-22 16:10:15.214 | INFO     | app.main:log_requests:49 - [4a23d730] → 200
2026-04-22 16:10:15.244 | INFO     | app.main:log_requests:47 - [64b07e7c] GET /v1/domains
2026-04-22 16:10:15.246 | INFO     | app.main:log_requests:49 - [64b07e7c] → 307
2026-04-22 16:10:15.248 | INFO     | app.main:log_requests:47 - [7c10fe83] GET /v1/tasks/my
2026-04-22 16:10:16.160 | INFO     | app.main:log_requests:49 - [7c10fe83] → 200
2026-04-22 16:10:16.163 | INFO     | app.main:log_requests:47 - [0bd84522] GET /v1/domains/
2026-04-22 16:10:16.865 | INFO     | app.main:log_requests:49 - [0bd84522] → 200
2026-04-22 18:37:26.308 | INFO     | app.main:log_requests:47 - [12fcef30] GET /v1/users/me
2026-04-22 18:37:27.417 | INFO     | app.main:log_requests:49 - [12fcef30] → 200
2026-04-22 18:37:29.080 | INFO     | app.main:log_requests:47 - [c13d6e22] OPTIONS /v1/tasks
2026-04-22 18:37:29.082 | INFO     | app.main:log_requests:47 - [1515d709] OPTIONS /v1/domains
2026-04-22 18:37:29.082 | INFO     | app.main:log_requests:47 - [78ad0fe8] OPTIONS /v1/tasks
2026-04-22 18:37:29.083 | INFO     | app.main:log_requests:47 - [7cf06d8c] OPTIONS /v1/projects
2026-04-22 18:37:29.083 | INFO     | app.main:log_requests:47 - [1343eef8] OPTIONS /v1/users
2026-04-22 18:37:29.083 | INFO     | app.main:log_requests:49 - [c13d6e22] → 200
2026-04-22 18:37:29.084 | INFO     | app.main:log_requests:49 - [1515d709] → 200
2026-04-22 18:37:29.085 | INFO     | app.main:log_requests:49 - [78ad0fe8] → 200
2026-04-22 18:37:29.085 | INFO     | app.main:log_requests:49 - [7cf06d8c] → 200
2026-04-22 18:37:29.087 | INFO     | app.main:log_requests:49 - [1343eef8] → 200
2026-04-22 18:37:29.087 | INFO     | app.main:log_requests:47 - [f24ba7b2] GET /v1/tasks
2026-04-22 18:37:29.089 | INFO     | app.main:log_requests:47 - [d8dab021] GET /v1/domains
2026-04-22 18:37:29.089 | INFO     | app.main:log_requests:47 - [0d091ca2] GET /v1/tasks
2026-04-22 18:37:29.090 | INFO     | app.main:log_requests:47 - [599135d9] GET /v1/projects
2026-04-22 18:37:29.090 | INFO     | app.main:log_requests:49 - [f24ba7b2] → 307
2026-04-22 18:37:29.092 | INFO     | app.main:log_requests:49 - [d8dab021] → 307
2026-04-22 18:37:29.093 | INFO     | app.main:log_requests:49 - [0d091ca2] → 307
2026-04-22 18:37:29.094 | INFO     | app.main:log_requests:49 - [599135d9] → 307
2026-04-22 18:37:29.098 | INFO     | app.main:log_requests:47 - [5101318e] GET /v1/users
2026-04-22 18:37:29.100 | INFO     | app.main:log_requests:47 - [05a22396] OPTIONS /v1/tasks/
2026-04-22 18:37:29.100 | INFO     | app.main:log_requests:49 - [5101318e] → 307
2026-04-22 18:37:29.101 | INFO     | app.main:log_requests:47 - [35b60418] OPTIONS /v1/domains/
2026-04-22 18:37:29.101 | INFO     | app.main:log_requests:49 - [05a22396] → 200
2026-04-22 18:37:29.102 | INFO     | app.main:log_requests:47 - [493dd458] OPTIONS /v1/tasks/
2026-04-22 18:37:29.102 | INFO     | app.main:log_requests:47 - [30005754] OPTIONS /v1/projects/
2026-04-22 18:37:29.104 | INFO     | app.main:log_requests:49 - [35b60418] → 200
2026-04-22 18:37:29.105 | INFO     | app.main:log_requests:47 - [97feb1af] OPTIONS /v1/users/
2026-04-22 18:37:29.105 | INFO     | app.main:log_requests:49 - [493dd458] → 200
2026-04-22 18:37:29.106 | INFO     | app.main:log_requests:49 - [30005754] → 200
2026-04-22 18:37:29.107 | INFO     | app.main:log_requests:47 - [aaa18678] GET /v1/tasks/
2026-04-22 18:37:30.677 | INFO     | app.main:log_requests:49 - [97feb1af] → 200
2026-04-22 18:37:30.678 | INFO     | app.main:log_requests:47 - [f382791b] GET /v1/domains/
2026-04-22 18:37:30.678 | INFO     | app.main:log_requests:49 - [aaa18678] → 200
2026-04-22 18:37:31.300 | INFO     | app.main:log_requests:47 - [3adc58b7] GET /v1/tasks/
2026-04-22 18:37:31.300 | INFO     | app.main:log_requests:47 - [57ac3f13] GET /v1/projects/
2026-04-22 18:37:33.474 | INFO     | app.main:log_requests:49 - [f382791b] → 200
2026-04-22 18:37:33.476 | INFO     | app.main:log_requests:49 - [3adc58b7] → 200
2026-04-22 18:37:33.476 | INFO     | app.main:log_requests:49 - [57ac3f13] → 200
2026-04-22 18:37:33.476 | INFO     | app.main:log_requests:47 - [29fc10b4] GET /v1/users/
2026-04-22 18:37:34.120 | INFO     | app.main:log_requests:49 - [29fc10b4] → 200
2026-04-22 18:38:01.206 | INFO     | app.main:log_requests:47 - [3e2193ec] GET /v1/domains/public
2026-04-22 18:38:01.705 | INFO     | app.main:log_requests:49 - [3e2193ec] → 200
2026-04-22 18:38:01.712 | INFO     | app.main:log_requests:47 - [53325781] GET /v1/domains/public
2026-04-22 18:38:01.920 | INFO     | app.main:log_requests:49 - [53325781] → 200
2026-04-22 18:38:46.221 | INFO     | app.main:log_requests:47 - [2651259a] GET /v1/domains/public
2026-04-22 18:38:46.674 | INFO     | app.main:log_requests:49 - [2651259a] → 200
2026-04-22 18:39:58.797 | INFO     | app.main:log_requests:47 - [9fa8b323] GET /v1/users/me
2026-04-22 18:39:59.555 | INFO     | app.main:log_requests:49 - [9fa8b323] → 200
2026-04-22 18:39:59.836 | INFO     | app.main:log_requests:47 - [7dce0efe] GET /v1/users/me
2026-04-22 18:40:00.253 | INFO     | app.main:log_requests:49 - [7dce0efe] → 200
2026-04-22 18:40:01.628 | INFO     | app.main:log_requests:47 - [bc103854] OPTIONS /v1/domains/dddddddd-0000-0000-0000-000000000001
2026-04-22 18:40:01.628 | INFO     | app.main:log_requests:47 - [73528305] OPTIONS /v1/tasks/my
2026-04-22 18:40:01.628 | INFO     | app.main:log_requests:49 - [bc103854] → 200
2026-04-22 18:40:01.629 | INFO     | app.main:log_requests:49 - [73528305] → 200
2026-04-22 18:40:01.637 | INFO     | app.main:log_requests:47 - [64c013d5] GET /v1/domains/dddddddd-0000-0000-0000-000000000001
2026-04-22 18:40:02.254 | INFO     | app.main:log_requests:47 - [7b95b43d] GET /v1/tasks/my
2026-04-22 18:40:02.896 | INFO     | app.main:log_requests:49 - [64c013d5] → 200
2026-04-22 18:40:02.898 | INFO     | app.main:log_requests:49 - [7b95b43d] → 200
2026-04-22 18:40:06.042 | INFO     | app.main:log_requests:47 - [4a71a022] GET /v1/users/me
2026-04-22 18:40:06.476 | INFO     | app.main:log_requests:49 - [4a71a022] → 200
2026-04-22 18:40:07.134 | INFO     | app.main:log_requests:47 - [823de542] OPTIONS /v1/users/me
2026-04-22 18:40:07.137 | INFO     | app.main:log_requests:49 - [823de542] → 200
2026-04-22 18:40:07.143 | INFO     | app.main:log_requests:47 - [b2261e82] GET /v1/users/me
2026-04-22 18:40:07.558 | INFO     | app.main:log_requests:49 - [b2261e82] → 200
2026-04-22 18:40:07.790 | INFO     | app.main:log_requests:47 - [f83b099f] GET /v1/users/me
2026-04-22 18:40:08.217 | INFO     | app.main:log_requests:49 - [f83b099f] → 200
2026-04-22 18:40:08.485 | INFO     | app.main:log_requests:47 - [bc19447b] GET /v1/domains/dddddddd-0000-0000-0000-000000000001
2026-04-22 18:40:09.081 | INFO     | app.main:log_requests:49 - [bc19447b] → 200
2026-04-22 18:40:09.083 | INFO     | app.main:log_requests:47 - [ce8f4ae0] GET /v1/tasks/my
2026-04-22 18:40:09.729 | INFO     | app.main:log_requests:49 - [ce8f4ae0] → 200
2026-04-22 18:40:11.208 | INFO     | app.main:log_requests:47 - [ced01b63] GET /v1/users/me
2026-04-22 18:40:11.640 | INFO     | app.main:log_requests:49 - [ced01b63] → 200
2026-04-22 18:40:12.188 | INFO     | app.main:log_requests:47 - [fc1647f1] GET /v1/users/me
2026-04-22 18:40:12.643 | INFO     | app.main:log_requests:49 - [fc1647f1] → 200
2026-04-22 18:40:12.945 | INFO     | app.main:log_requests:47 - [349b31c7] GET /v1/users/me
2026-04-22 18:40:13.352 | INFO     | app.main:log_requests:49 - [349b31c7] → 200
2026-04-22 18:40:14.205 | INFO     | app.main:log_requests:47 - [31bcfeb9] GET /v1/domains/dddddddd-0000-0000-0000-000000000001
2026-04-22 18:40:14.838 | INFO     | app.main:log_requests:49 - [31bcfeb9] → 200
2026-04-22 18:40:14.867 | INFO     | app.main:log_requests:47 - [6b00c6f2] GET /v1/tasks/my
2026-04-22 18:40:15.556 | INFO     | app.main:log_requests:49 - [6b00c6f2] → 200
2026-04-22 18:40:16.113 | INFO     | app.main:log_requests:47 - [94366973] GET /v1/users/me
2026-04-22 18:40:16.533 | INFO     | app.main:log_requests:49 - [94366973] → 200
2026-04-22 18:40:18.456 | INFO     | app.main:log_requests:47 - [f6c78174] GET /v1/users/me
2026-04-22 18:40:18.866 | INFO     | app.main:log_requests:49 - [f6c78174] → 200
2026-04-22 18:40:19.115 | INFO     | app.main:log_requests:47 - [413a9a72] GET /v1/users/me
2026-04-22 18:40:19.539 | INFO     | app.main:log_requests:49 - [413a9a72] → 200
2026-04-22 18:40:19.800 | INFO     | app.main:log_requests:47 - [11643e2a] GET /v1/domains/dddddddd-0000-0000-0000-000000000001
2026-04-22 18:40:20.441 | INFO     | app.main:log_requests:47 - [6fdef8c5] GET /v1/tasks/my
2026-04-22 18:40:20.442 | INFO     | app.main:log_requests:49 - [11643e2a] → 200
2026-04-22 18:40:21.084 | INFO     | app.main:log_requests:49 - [6fdef8c5] → 200
2026-04-22 18:40:22.085 | INFO     | app.main:log_requests:47 - [0673fba2] GET /v1/users/me
2026-04-22 18:40:22.502 | INFO     | app.main:log_requests:49 - [0673fba2] → 200
2026-04-22 18:40:24.079 | INFO     | app.main:log_requests:47 - [5ba0e38b] GET /v1/users/me
2026-04-22 18:40:24.495 | INFO     | app.main:log_requests:49 - [5ba0e38b] → 200
2026-04-22 18:40:24.553 | INFO     | app.main:log_requests:47 - [76ff56eb] GET /v1/domains/dddddddd-0000-0000-0000-000000000001
2026-04-22 18:40:25.186 | INFO     | app.main:log_requests:47 - [ddf44eb1] GET /v1/tasks/my
2026-04-22 18:40:25.187 | INFO     | app.main:log_requests:49 - [76ff56eb] → 200
2026-04-22 18:40:25.823 | INFO     | app.main:log_requests:49 - [ddf44eb1] → 200
2026-04-22 18:40:31.171 | INFO     | app.main:log_requests:47 - [be22e979] GET /v1/users/me
2026-04-22 18:40:31.813 | INFO     | app.main:log_requests:49 - [be22e979] → 200
2026-04-22 18:40:32.550 | INFO     | app.main:log_requests:47 - [1b3cb032] GET /v1/users/me
2026-04-22 18:40:32.979 | INFO     | app.main:log_requests:49 - [1b3cb032] → 200
2026-04-22 18:40:33.254 | INFO     | app.main:log_requests:47 - [be751509] GET /v1/users/me
2026-04-22 18:40:33.678 | INFO     | app.main:log_requests:49 - [be751509] → 200
2026-04-22 18:40:34.023 | INFO     | app.main:log_requests:47 - [e59cd8a6] GET /v1/domains/dddddddd-0000-0000-0000-000000000001
2026-04-22 18:40:34.660 | INFO     | app.main:log_requests:49 - [e59cd8a6] → 200
2026-04-22 18:40:34.662 | INFO     | app.main:log_requests:47 - [efcc8921] GET /v1/tasks/my
2026-04-22 18:40:35.321 | INFO     | app.main:log_requests:49 - [efcc8921] → 200
2026-04-22 18:40:39.757 | INFO     | app.main:log_requests:47 - [af94a68d] GET /v1/users/me
2026-04-22 18:40:40.499 | INFO     | app.main:log_requests:49 - [af94a68d] → 200
2026-04-22 18:40:41.405 | INFO     | app.main:log_requests:47 - [25e25ede] GET /v1/users/me
2026-04-22 18:40:41.881 | INFO     | app.main:log_requests:49 - [25e25ede] → 200
2026-04-22 18:40:42.128 | INFO     | app.main:log_requests:47 - [72be5b0d] GET /v1/users/me
2026-04-22 18:40:42.533 | INFO     | app.main:log_requests:49 - [72be5b0d] → 200
2026-04-22 18:40:42.756 | INFO     | app.main:log_requests:47 - [bfc0cf81] GET /v1/domains/dddddddd-0000-0000-0000-000000000001
2026-04-22 18:40:43.392 | INFO     | app.main:log_requests:49 - [bfc0cf81] → 200
2026-04-22 18:40:43.394 | INFO     | app.main:log_requests:47 - [c6c2e6eb] GET /v1/tasks/my
2026-04-22 18:40:44.048 | INFO     | app.main:log_requests:49 - [c6c2e6eb] → 200
2026-04-22 18:41:13.833 | INFO     | app.main:log_requests:47 - [d5c87395] GET /v1/domains/dddddddd-0000-0000-0000-000000000001
2026-04-22 18:41:14.955 | INFO     | app.main:log_requests:49 - [d5c87395] → 200
2026-04-22 18:41:16.532 | INFO     | app.main:log_requests:47 - [2c7d9918] GET /v1/tasks/my
2026-04-22 18:41:17.215 | INFO     | app.main:log_requests:49 - [2c7d9918] → 200
2026-04-22 18:42:03.279 | INFO     | app.main:log_requests:47 - [db991a29] GET /v1/domains/dddddddd-0000-0000-0000-000000000001
2026-04-22 18:42:05.261 | INFO     | app.main:log_requests:49 - [db991a29] → 200
2026-04-22 18:42:05.262 | INFO     | app.main:log_requests:47 - [99233952] GET /v1/tasks/my
2026-04-22 18:42:05.910 | INFO     | app.main:log_requests:49 - [99233952] → 200
2026-04-22 18:42:40.878 | INFO     | app.main:log_requests:47 - [843ae5bc] GET /v1/domains/dddddddd-0000-0000-0000-000000000001
2026-04-22 18:42:41.919 | INFO     | app.main:log_requests:47 - [a7b23d0b] GET /v1/tasks/my
2026-04-22 18:42:42.559 | INFO     | app.main:log_requests:49 - [843ae5bc] → 200
2026-04-22 18:42:42.561 | INFO     | app.main:log_requests:49 - [a7b23d0b] → 200
2026-04-22 18:42:42.720 | INFO     | app.main:log_requests:47 - [15e30853] GET /v1/users/me
2026-04-22 18:42:43.123 | INFO     | app.main:log_requests:49 - [15e30853] → 200
2026-04-22 18:42:43.470 | INFO     | app.main:log_requests:47 - [de4f62a4] GET /v1/users/me
2026-04-22 18:42:43.874 | INFO     | app.main:log_requests:49 - [de4f62a4] → 200
2026-04-22 18:42:44.080 | INFO     | app.main:log_requests:47 - [159b482a] GET /v1/users/me
2026-04-22 18:42:44.496 | INFO     | app.main:log_requests:49 - [159b482a] → 200
2026-04-22 18:42:44.634 | INFO     | app.main:log_requests:47 - [30224d50] GET /v1/domains/dddddddd-0000-0000-0000-000000000001
2026-04-22 18:42:45.267 | INFO     | app.main:log_requests:49 - [30224d50] → 200
2026-04-22 18:42:45.269 | INFO     | app.main:log_requests:47 - [6ff95f36] GET /v1/tasks/my
2026-04-22 18:42:45.914 | INFO     | app.main:log_requests:49 - [6ff95f36] → 200
2026-04-22 18:42:59.930 | INFO     | app.main:log_requests:47 - [ac554e84] GET /v1/users/me
2026-04-22 18:43:00.607 | INFO     | app.main:log_requests:49 - [ac554e84] → 200
2026-04-22 18:43:00.984 | INFO     | app.main:log_requests:47 - [21fce256] GET /v1/users/me
2026-04-22 18:43:01.394 | INFO     | app.main:log_requests:49 - [21fce256] → 200
2026-04-22 18:43:01.428 | INFO     | app.main:log_requests:47 - [f59174da] GET /v1/domains/dddddddd-0000-0000-0000-000000000001
2026-04-22 18:43:02.484 | INFO     | app.main:log_requests:49 - [f59174da] → 200
2026-04-22 18:43:02.484 | INFO     | app.main:log_requests:47 - [4121d61e] GET /v1/tasks/my
2026-04-22 18:43:03.120 | INFO     | app.main:log_requests:49 - [4121d61e] → 200
2026-04-22 18:43:03.768 | INFO     | app.main:log_requests:47 - [2c29e1f8] GET /v1/users/me
2026-04-22 18:43:04.200 | INFO     | app.main:log_requests:49 - [2c29e1f8] → 200
2026-04-22 18:43:04.568 | INFO     | app.main:log_requests:47 - [f35e7eb5] GET /v1/users/me
2026-04-22 18:43:05.327 | INFO     | app.main:log_requests:49 - [f35e7eb5] → 200
2026-04-22 18:43:05.381 | INFO     | app.main:log_requests:47 - [c4af7428] GET /v1/domains/dddddddd-0000-0000-0000-000000000001
2026-04-22 18:43:06.003 | INFO     | app.main:log_requests:47 - [0ea74252] GET /v1/tasks/my
2026-04-22 18:43:06.005 | INFO     | app.main:log_requests:49 - [c4af7428] → 200
2026-04-22 18:43:06.662 | INFO     | app.main:log_requests:49 - [0ea74252] → 200
2026-04-22 18:43:17.936 | INFO     | app.main:log_requests:47 - [56bad5be] GET /v1/users/me
2026-04-22 18:43:18.709 | INFO     | app.main:log_requests:49 - [56bad5be] → 200
2026-04-22 18:43:19.195 | INFO     | app.main:log_requests:47 - [17a0c545] GET /v1/users/me
2026-04-22 18:43:19.624 | INFO     | app.main:log_requests:49 - [17a0c545] → 200
2026-04-22 18:43:19.915 | INFO     | app.main:log_requests:47 - [2c61fa45] GET /v1/users/me
2026-04-22 18:43:20.357 | INFO     | app.main:log_requests:49 - [2c61fa45] → 200
2026-04-22 18:43:20.671 | INFO     | app.main:log_requests:47 - [dc346c13] GET /v1/users/me
2026-04-22 18:43:21.111 | INFO     | app.main:log_requests:49 - [dc346c13] → 200
2026-04-22 18:43:21.522 | INFO     | app.main:log_requests:47 - [bb400314] GET /v1/users/me
2026-04-22 18:43:22.004 | INFO     | app.main:log_requests:49 - [bb400314] → 200
2026-04-22 18:43:22.293 | INFO     | app.main:log_requests:47 - [ad9ca7bf] GET /v1/users/me
2026-04-22 18:43:22.751 | INFO     | app.main:log_requests:49 - [ad9ca7bf] → 200
2026-04-22 18:43:23.030 | INFO     | app.main:log_requests:47 - [bf1b3bad] GET /v1/users/me
2026-04-22 18:43:23.467 | INFO     | app.main:log_requests:49 - [bf1b3bad] → 200
2026-04-22 18:43:23.735 | INFO     | app.main:log_requests:47 - [6fc9f7ae] GET /v1/users/me
2026-04-22 18:43:24.181 | INFO     | app.main:log_requests:49 - [6fc9f7ae] → 200
2026-04-22 18:43:24.451 | INFO     | app.main:log_requests:47 - [07125fab] GET /v1/users/me
2026-04-22 18:43:24.860 | INFO     | app.main:log_requests:49 - [07125fab] → 200
2026-04-22 18:43:25.131 | INFO     | app.main:log_requests:47 - [8bcba9bc] GET /v1/users/me
2026-04-22 18:43:25.586 | INFO     | app.main:log_requests:49 - [8bcba9bc] → 200
2026-04-22 18:43:25.866 | INFO     | app.main:log_requests:47 - [810dff51] GET /v1/users/me
2026-04-22 18:43:26.304 | INFO     | app.main:log_requests:49 - [810dff51] → 200
2026-04-22 18:43:26.909 | INFO     | app.main:log_requests:47 - [c9f2bd89] GET /v1/users/me
2026-04-22 18:43:27.337 | INFO     | app.main:log_requests:49 - [c9f2bd89] → 200
2026-04-22 18:43:27.680 | INFO     | app.main:log_requests:47 - [402f3cc5] GET /v1/users/me
2026-04-22 18:43:28.112 | INFO     | app.main:log_requests:49 - [402f3cc5] → 200
2026-04-22 18:43:28.412 | INFO     | app.main:log_requests:47 - [a583e75e] GET /v1/users/me
2026-04-22 18:43:28.838 | INFO     | app.main:log_requests:49 - [a583e75e] → 200
2026-04-22 18:43:29.102 | INFO     | app.main:log_requests:47 - [22f9cf12] GET /v1/users/me
2026-04-22 18:43:29.550 | INFO     | app.main:log_requests:49 - [22f9cf12] → 200
2026-04-22 18:43:29.829 | INFO     | app.main:log_requests:47 - [5f782ed4] GET /v1/users/me
2026-04-22 18:43:30.266 | INFO     | app.main:log_requests:49 - [5f782ed4] → 200
2026-04-22 18:43:30.568 | INFO     | app.main:log_requests:47 - [a9ad4a57] GET /v1/users/me
2026-04-22 18:43:30.998 | INFO     | app.main:log_requests:49 - [a9ad4a57] → 200
2026-04-22 18:43:31.262 | INFO     | app.main:log_requests:47 - [baeda46c] GET /v1/users/me
2026-04-22 18:43:31.697 | INFO     | app.main:log_requests:49 - [baeda46c] → 200
2026-04-22 18:43:31.970 | INFO     | app.main:log_requests:47 - [ebb8813c] GET /v1/users/me
2026-04-22 18:43:32.417 | INFO     | app.main:log_requests:49 - [ebb8813c] → 200
2026-04-22 18:43:32.691 | INFO     | app.main:log_requests:47 - [94fc50bd] GET /v1/users/me
2026-04-22 18:43:33.116 | INFO     | app.main:log_requests:49 - [94fc50bd] → 200
2026-04-22 18:43:33.382 | INFO     | app.main:log_requests:47 - [6fa961fa] GET /v1/users/me
2026-04-22 18:43:33.825 | INFO     | app.main:log_requests:49 - [6fa961fa] → 200
2026-04-22 18:43:34.095 | INFO     | app.main:log_requests:47 - [d1d0bd9d] GET /v1/users/me
2026-04-22 18:43:34.530 | INFO     | app.main:log_requests:49 - [d1d0bd9d] → 200
2026-04-22 18:43:34.785 | INFO     | app.main:log_requests:47 - [2d092f5f] GET /v1/users/me
2026-04-22 18:43:35.240 | INFO     | app.main:log_requests:49 - [2d092f5f] → 200
2026-04-22 18:43:35.527 | INFO     | app.main:log_requests:47 - [34caa6a2] GET /v1/users/me
2026-04-22 18:43:35.950 | INFO     | app.main:log_requests:49 - [34caa6a2] → 200
2026-04-22 18:43:36.208 | INFO     | app.main:log_requests:47 - [465e62e9] GET /v1/users/me
2026-04-22 18:43:36.642 | INFO     | app.main:log_requests:49 - [465e62e9] → 200
2026-04-22 18:43:36.960 | INFO     | app.main:log_requests:47 - [e5e7c917] GET /v1/users/me
2026-04-22 18:43:37.420 | INFO     | app.main:log_requests:49 - [e5e7c917] → 200
2026-04-22 18:43:37.680 | INFO     | app.main:log_requests:47 - [31f24dd0] GET /v1/users/me
2026-04-22 18:43:38.101 | INFO     | app.main:log_requests:49 - [31f24dd0] → 200
2026-04-22 18:43:38.312 | INFO     | app.main:log_requests:47 - [44af4a0b] GET /v1/users/me
2026-04-22 18:43:38.785 | INFO     | app.main:log_requests:49 - [44af4a0b] → 200
2026-04-22 18:43:38.790 | INFO     | app.main:log_requests:47 - [191dcf83] GET /v1/users/me
2026-04-22 18:43:38.790 | INFO     | app.main:log_requests:47 - [acb0bda2] GET /v1/users/me
2026-04-22 18:43:38.791 | INFO     | app.main:log_requests:47 - [496e9b1a] GET /v1/users/me
2026-04-22 18:43:38.793 | INFO     | app.main:log_requests:47 - [0f925859] GET /v1/users/me
2026-04-22 18:43:38.793 | INFO     | app.main:log_requests:47 - [1b567243] GET /v1/users/me
2026-04-22 18:43:41.008 | INFO     | app.main:log_requests:49 - [191dcf83] → 200
2026-04-22 18:43:41.018 | INFO     | app.main:log_requests:49 - [acb0bda2] → 200
2026-04-22 18:43:41.028 | INFO     | app.main:log_requests:49 - [496e9b1a] → 200
2026-04-22 18:43:41.035 | INFO     | app.main:log_requests:49 - [0f925859] → 200
2026-04-22 18:43:41.038 | INFO     | app.main:log_requests:49 - [1b567243] → 200
2026-04-22 18:43:41.042 | INFO     | app.main:log_requests:47 - [d9ff4b16] GET /v1/users/me
2026-04-22 18:43:41.508 | INFO     | app.main:log_requests:49 - [d9ff4b16] → 200
2026-04-22 18:43:41.738 | INFO     | app.main:log_requests:47 - [a7f7869f] GET /v1/users/me
2026-04-22 18:43:42.177 | INFO     | app.main:log_requests:49 - [a7f7869f] → 200
2026-04-22 18:43:42.183 | INFO     | app.main:log_requests:47 - [7ae305bd] GET /v1/users/me
2026-04-22 18:43:42.184 | INFO     | app.main:log_requests:47 - [36acfaa1] GET /v1/users/me
2026-04-22 18:43:42.185 | INFO     | app.main:log_requests:47 - [7da40217] GET /v1/users/me
2026-04-22 18:43:42.186 | INFO     | app.main:log_requests:47 - [eaaf2bcb] GET /v1/users/me
2026-04-22 18:43:42.187 | INFO     | app.main:log_requests:47 - [055db870] GET /v1/users/me
2026-04-22 18:43:44.507 | INFO     | app.main:log_requests:49 - [7ae305bd] → 200
2026-04-22 18:43:44.507 | INFO     | app.main:log_requests:49 - [36acfaa1] → 200
2026-04-22 18:43:44.508 | INFO     | app.main:log_requests:49 - [7da40217] → 200
2026-04-22 18:43:44.509 | INFO     | app.main:log_requests:49 - [eaaf2bcb] → 200
2026-04-22 18:43:44.511 | INFO     | app.main:log_requests:49 - [055db870] → 200
2026-04-22 18:43:44.512 | INFO     | app.main:log_requests:47 - [8c95c99d] GET /v1/users/me
2026-04-22 18:43:44.926 | INFO     | app.main:log_requests:49 - [8c95c99d] → 200
2026-04-22 18:47:01.269 | INFO     | app.main:log_requests:47 - [54e6fd6f] GET /v1/domains/dddddddd-0000-0000-0000-000000000001
2026-04-22 18:47:02.914 | INFO     | app.main:log_requests:47 - [d36ae018] GET /v1/tasks/my
2026-04-22 18:47:03.847 | INFO     | app.main:log_requests:49 - [54e6fd6f] → 200
2026-04-22 18:47:03.848 | INFO     | app.main:log_requests:49 - [d36ae018] → 200
2026-04-22 18:47:03.849 | INFO     | app.main:log_requests:47 - [23d989d4] GET /v1/users/me
2026-04-22 18:47:04.317 | INFO     | app.main:log_requests:49 - [23d989d4] → 200
2026-04-22 18:47:05.177 | INFO     | app.main:log_requests:47 - [a83e01bf] GET /v1/users/me
2026-04-22 18:47:05.622 | INFO     | app.main:log_requests:49 - [a83e01bf] → 200
2026-04-22 18:47:05.679 | INFO     | app.main:log_requests:47 - [588537ae] GET /v1/domains/dddddddd-0000-0000-0000-000000000001
2026-04-22 18:47:06.322 | INFO     | app.main:log_requests:49 - [588537ae] → 200
2026-04-22 18:47:06.323 | INFO     | app.main:log_requests:47 - [08ceb9d5] GET /v1/tasks/my
2026-04-22 18:47:06.930 | INFO     | app.main:log_requests:49 - [08ceb9d5] → 200
2026-04-22 18:47:06.932 | INFO     | app.main:log_requests:47 - [a4d595d0] GET /v1/tasks/my
2026-04-22 18:47:07.612 | INFO     | app.main:log_requests:49 - [a4d595d0] → 200
2026-04-22 18:47:12.240 | INFO     | app.main:log_requests:47 - [b5abfc6e] GET /v1/users/me
2026-04-22 18:47:12.951 | INFO     | app.main:log_requests:49 - [b5abfc6e] → 200
2026-04-22 18:47:14.984 | INFO     | app.main:log_requests:47 - [68d0c58c] GET /v1/users/me
2026-04-22 18:47:15.424 | INFO     | app.main:log_requests:49 - [68d0c58c] → 200
2026-04-22 18:47:15.482 | INFO     | app.main:log_requests:47 - [1a690ac1] GET /v1/domains/dddddddd-0000-0000-0000-000000000001
2026-04-22 18:47:16.110 | INFO     | app.main:log_requests:49 - [1a690ac1] → 200
2026-04-22 18:47:16.112 | INFO     | app.main:log_requests:47 - [531fcc38] GET /v1/tasks/my
2026-04-22 18:47:16.113 | INFO     | app.main:log_requests:47 - [bcd46c72] GET /v1/domains
2026-04-22 18:47:16.114 | INFO     | app.main:log_requests:47 - [e5e394c7] OPTIONS /v1/tasks/analytics/me
2026-04-22 18:47:17.159 | INFO     | app.main:log_requests:49 - [531fcc38] → 200
2026-04-22 18:47:17.206 | INFO     | app.main:log_requests:49 - [bcd46c72] → 307
2026-04-22 18:47:17.270 | INFO     | app.main:log_requests:49 - [e5e394c7] → 200
2026-04-22 18:47:17.297 | INFO     | app.main:log_requests:47 - [073f12e9] GET /v1/domains/
2026-04-22 18:47:17.947 | INFO     | app.main:log_requests:47 - [3ede39b2] GET /v1/tasks/analytics/me
2026-04-22 18:47:18.813 | INFO     | app.main:log_requests:49 - [073f12e9] → 200
2026-04-22 18:47:18.817 | INFO     | app.main:log_requests:49 - [3ede39b2] → 200
2026-04-22 18:47:46.135 | INFO     | app.main:log_requests:47 - [25d5b6c6] GET /v1/users/me
2026-04-22 18:47:46.890 | INFO     | app.main:log_requests:49 - [25d5b6c6] → 200
2026-04-22 18:47:48.376 | INFO     | app.main:log_requests:47 - [4113ecf6] GET /v1/users/me
2026-04-22 18:47:48.804 | INFO     | app.main:log_requests:49 - [4113ecf6] → 200
2026-04-22 18:47:48.834 | INFO     | app.main:log_requests:47 - [9dd1159b] GET /v1/domains/dddddddd-0000-0000-0000-000000000001
2026-04-22 18:47:49.509 | INFO     | app.main:log_requests:49 - [9dd1159b] → 200
2026-04-22 18:47:49.510 | INFO     | app.main:log_requests:47 - [4484e585] GET /v1/tasks/my
2026-04-22 18:47:50.134 | INFO     | app.main:log_requests:49 - [4484e585] → 200
2026-04-22 18:47:50.142 | INFO     | app.main:log_requests:47 - [8df8298e] GET /v1/tasks/my
2026-04-22 18:47:51.131 | INFO     | app.main:log_requests:49 - [8df8298e] → 200
2026-04-22 18:47:54.741 | INFO     | app.main:log_requests:47 - [a17d7c7d] GET /v1/users/me
2026-04-22 18:47:55.164 | INFO     | app.main:log_requests:49 - [a17d7c7d] → 200
2026-04-22 18:47:57.491 | INFO     | app.main:log_requests:47 - [c50f205e] GET /v1/users/me
2026-04-22 18:47:58.223 | INFO     | app.main:log_requests:49 - [c50f205e] → 200
2026-04-22 18:47:58.274 | INFO     | app.main:log_requests:47 - [2465f864] GET /v1/domains/dddddddd-0000-0000-0000-000000000001
2026-04-22 18:47:58.919 | INFO     | app.main:log_requests:47 - [d10156f4] GET /v1/tasks/my
2026-04-22 18:47:59.621 | INFO     | app.main:log_requests:49 - [2465f864] → 200
2026-04-22 18:47:59.624 | INFO     | app.main:log_requests:49 - [d10156f4] → 200
2026-04-22 18:49:07.497 | INFO     | app.main:log_requests:47 - [55c9bb86] GET /v1/users/me
2026-04-22 18:49:08.131 | INFO     | app.main:log_requests:49 - [55c9bb86] → 200
2026-04-22 18:49:08.546 | INFO     | app.main:log_requests:47 - [33686dd2] OPTIONS /v1/domains
2026-04-22 18:49:08.547 | INFO     | app.main:log_requests:47 - [08eb909c] OPTIONS /v1/tasks
2026-04-22 18:49:08.547 | INFO     | app.main:log_requests:49 - [33686dd2] → 200
2026-04-22 18:49:08.547 | INFO     | app.main:log_requests:49 - [08eb909c] → 200
2026-04-22 18:49:08.549 | INFO     | app.main:log_requests:47 - [6dcbaac1] OPTIONS /v1/tasks
2026-04-22 18:49:08.550 | INFO     | app.main:log_requests:47 - [fd50018d] OPTIONS /v1/projects
2026-04-22 18:49:08.552 | INFO     | app.main:log_requests:47 - [2d372d12] OPTIONS /v1/users
2026-04-22 18:49:08.552 | INFO     | app.main:log_requests:49 - [6dcbaac1] → 200
2026-04-22 18:49:08.553 | INFO     | app.main:log_requests:49 - [fd50018d] → 200
2026-04-22 18:49:08.553 | INFO     | app.main:log_requests:49 - [2d372d12] → 200
2026-04-22 18:49:08.554 | INFO     | app.main:log_requests:47 - [0769549e] GET /v1/domains
2026-04-22 18:49:08.554 | INFO     | app.main:log_requests:47 - [1fda14fd] GET /v1/tasks
2026-04-22 18:49:08.556 | INFO     | app.main:log_requests:47 - [06843959] GET /v1/tasks
2026-04-22 18:49:08.557 | INFO     | app.main:log_requests:49 - [0769549e] → 307
2026-04-22 18:49:08.558 | INFO     | app.main:log_requests:47 - [16030fb2] GET /v1/projects
2026-04-22 18:49:08.558 | INFO     | app.main:log_requests:49 - [1fda14fd] → 307
2026-04-22 18:49:08.559 | INFO     | app.main:log_requests:49 - [06843959] → 307
2026-04-22 18:49:08.559 | INFO     | app.main:log_requests:47 - [649b6e34] GET /v1/users
2026-04-22 18:49:08.561 | INFO     | app.main:log_requests:49 - [16030fb2] → 307
2026-04-22 18:49:08.562 | INFO     | app.main:log_requests:47 - [bf784627] OPTIONS /v1/domains/
2026-04-22 18:49:08.562 | INFO     | app.main:log_requests:47 - [e775485b] OPTIONS /v1/tasks/
2026-04-22 18:49:08.562 | INFO     | app.main:log_requests:49 - [649b6e34] → 307
2026-04-22 18:49:08.562 | INFO     | app.main:log_requests:47 - [fae4e90b] OPTIONS /v1/tasks/
2026-04-22 18:49:08.563 | INFO     | app.main:log_requests:47 - [197ab69e] OPTIONS /v1/projects/
2026-04-22 18:49:08.563 | INFO     | app.main:log_requests:49 - [bf784627] → 200
2026-04-22 18:49:08.563 | INFO     | app.main:log_requests:49 - [e775485b] → 200
2026-04-22 18:49:08.565 | INFO     | app.main:log_requests:49 - [fae4e90b] → 200
2026-04-22 18:49:08.566 | INFO     | app.main:log_requests:47 - [fc0b027c] OPTIONS /v1/users/
2026-04-22 18:49:08.566 | INFO     | app.main:log_requests:49 - [197ab69e] → 200
2026-04-22 18:49:08.568 | INFO     | app.main:log_requests:47 - [18f6f39b] GET /v1/domains/
2026-04-22 18:49:08.568 | INFO     | app.main:log_requests:47 - [b9133f8e] GET /v1/tasks/
2026-04-22 18:49:08.569 | INFO     | app.main:log_requests:49 - [fc0b027c] → 200
2026-04-22 18:49:10.691 | INFO     | app.main:log_requests:47 - [861b57c7] GET /v1/tasks/
2026-04-22 18:49:12.243 | INFO     | app.main:log_requests:47 - [4cbaba2d] GET /v1/projects/
2026-04-22 18:49:12.246 | INFO     | app.main:log_requests:49 - [18f6f39b] → 200
2026-04-22 18:49:12.250 | INFO     | app.main:log_requests:49 - [b9133f8e] → 200
2026-04-22 18:49:12.918 | INFO     | app.main:log_requests:49 - [861b57c7] → 200
2026-04-22 18:49:12.933 | INFO     | app.main:log_requests:49 - [4cbaba2d] → 200
2026-04-22 18:49:12.953 | INFO     | app.main:log_requests:47 - [1ed93f60] GET /v1/users/
2026-04-22 18:49:13.631 | INFO     | app.main:log_requests:49 - [1ed93f60] → 200
2026-04-22 18:49:14.256 | INFO     | app.main:log_requests:47 - [8568b845] GET /v1/users/me
2026-04-22 18:49:14.935 | INFO     | app.main:log_requests:49 - [8568b845] → 200
2026-04-22 18:49:41.804 | INFO     | app.main:log_requests:47 - [a04179a9] GET /v1/users/me
2026-04-22 18:49:42.639 | INFO     | app.main:log_requests:49 - [a04179a9] → 200
2026-04-22 18:49:44.098 | INFO     | app.main:log_requests:47 - [9ccf9445] GET /v1/users/me
2026-04-22 18:49:44.533 | INFO     | app.main:log_requests:49 - [9ccf9445] → 200
2026-04-22 18:49:44.567 | INFO     | app.main:log_requests:47 - [60f6004f] GET /v1/domains
2026-04-22 18:49:44.569 | INFO     | app.main:log_requests:47 - [5f3334ff] GET /v1/tasks
2026-04-22 18:49:44.569 | INFO     | app.main:log_requests:49 - [60f6004f] → 307
2026-04-22 18:49:44.570 | INFO     | app.main:log_requests:49 - [5f3334ff] → 307
2026-04-22 18:49:44.571 | INFO     | app.main:log_requests:47 - [86932a6e] GET /v1/domains/
2026-04-22 18:49:45.222 | INFO     | app.main:log_requests:47 - [02591a12] GET /v1/tasks/
2026-04-22 18:49:45.222 | INFO     | app.main:log_requests:49 - [86932a6e] → 200
2026-04-22 18:49:46.719 | INFO     | app.main:log_requests:49 - [02591a12] → 200
2026-04-22 18:50:48.972 | INFO     | app.main:log_requests:47 - [17333366] GET /v1/domains
2026-04-22 18:50:48.973 | INFO     | app.main:log_requests:47 - [ce14cb73] GET /v1/tasks
2026-04-22 18:50:48.973 | INFO     | app.main:log_requests:49 - [17333366] → 307
2026-04-22 18:50:48.973 | INFO     | app.main:log_requests:49 - [ce14cb73] → 307
2026-04-22 18:50:48.975 | INFO     | app.main:log_requests:47 - [444584c5] GET /v1/domains/
2026-04-22 18:50:50.029 | INFO     | app.main:log_requests:47 - [156e8292] GET /v1/tasks/
2026-04-22 18:50:51.533 | INFO     | app.main:log_requests:49 - [444584c5] → 200
2026-04-22 18:50:51.535 | INFO     | app.main:log_requests:49 - [156e8292] → 200
2026-04-22 18:53:24.786 | INFO     | app.main:log_requests:47 - [76efdb39] GET /v1/users/me
2026-04-22 18:53:25.766 | INFO     | app.main:log_requests:49 - [76efdb39] → 200
2026-04-22 18:53:26.187 | INFO     | app.main:log_requests:47 - [3ee2801a] GET /v1/domains
2026-04-22 18:53:26.188 | INFO     | app.main:log_requests:47 - [ddaa6543] GET /v1/tasks
2026-04-22 18:53:26.189 | INFO     | app.main:log_requests:47 - [da3e4642] GET /v1/tasks
2026-04-22 18:53:26.189 | INFO     | app.main:log_requests:49 - [3ee2801a] → 307
2026-04-22 18:53:26.189 | INFO     | app.main:log_requests:49 - [ddaa6543] → 307
2026-04-22 18:53:26.191 | INFO     | app.main:log_requests:49 - [da3e4642] → 307
2026-04-22 18:53:26.193 | INFO     | app.main:log_requests:47 - [1fd9692a] GET /v1/projects
2026-04-22 18:53:26.194 | INFO     | app.main:log_requests:47 - [d99098b5] GET /v1/domains/
2026-04-22 18:53:26.194 | INFO     | app.main:log_requests:47 - [c5dffa0d] GET /v1/users
2026-04-22 18:53:26.194 | INFO     | app.main:log_requests:49 - [1fd9692a] → 307
2026-04-22 18:53:26.830 | INFO     | app.main:log_requests:47 - [0deb96b6] GET /v1/tasks/
2026-04-22 18:53:26.832 | INFO     | app.main:log_requests:47 - [76efe259] GET /v1/tasks/
2026-04-22 18:53:30.042 | INFO     | app.main:log_requests:49 - [d99098b5] → 200
2026-04-22 18:53:30.053 | INFO     | app.main:log_requests:49 - [c5dffa0d] → 307
2026-04-22 18:53:30.067 | INFO     | app.main:log_requests:47 - [0f57d637] GET /v1/projects/
2026-04-22 18:53:30.074 | INFO     | app.main:log_requests:49 - [0deb96b6] → 200
2026-04-22 18:53:30.100 | INFO     | app.main:log_requests:49 - [76efe259] → 200
2026-04-22 18:53:31.154 | INFO     | app.main:log_requests:47 - [6a832162] GET /v1/users/
2026-04-22 18:53:31.155 | INFO     | app.main:log_requests:49 - [0f57d637] → 200
2026-04-22 18:53:31.833 | INFO     | app.main:log_requests:49 - [6a832162] → 200
2026-04-22 18:53:58.849 | INFO     | app.main:log_requests:47 - [839c7c2e] GET /v1/users/me
2026-04-22 18:53:59.498 | INFO     | app.main:log_requests:49 - [839c7c2e] → 200
2026-04-22 18:54:01.145 | INFO     | app.main:log_requests:47 - [15c09893] GET /v1/users/me
2026-04-22 18:54:01.560 | INFO     | app.main:log_requests:49 - [15c09893] → 200
2026-04-22 18:54:02.351 | INFO     | app.main:log_requests:47 - [f5f76964] GET /v1/users/me
2026-04-22 18:54:02.768 | INFO     | app.main:log_requests:49 - [f5f76964] → 200
2026-04-22 18:54:02.769 | INFO     | app.main:log_requests:47 - [707a0f8a] GET /v1/users/me
2026-04-22 18:54:03.165 | INFO     | app.main:log_requests:49 - [707a0f8a] → 200
2026-04-22 18:54:08.997 | INFO     | app.main:log_requests:47 - [8b198a2b] GET /v1/users/me
2026-04-22 18:54:09.664 | INFO     | app.main:log_requests:49 - [8b198a2b] → 200
2026-04-22 18:54:11.841 | INFO     | app.main:log_requests:47 - [0a32f1f6] GET /v1/users/me
2026-04-22 18:54:12.297 | INFO     | app.main:log_requests:49 - [0a32f1f6] → 200
2026-04-22 18:54:45.007 | INFO     | app.main:log_requests:47 - [c4bfec0b] GET /v1/users/me
2026-04-22 18:54:45.826 | INFO     | app.main:log_requests:49 - [c4bfec0b] → 200
2026-04-22 18:54:46.820 | INFO     | app.main:log_requests:47 - [d764c0d5] OPTIONS /v1/users/me
2026-04-22 18:54:46.821 | INFO     | app.main:log_requests:49 - [d764c0d5] → 200
2026-04-22 18:54:46.822 | INFO     | app.main:log_requests:47 - [47a5ef64] GET /v1/users/me
2026-04-22 18:54:47.229 | INFO     | app.main:log_requests:49 - [47a5ef64] → 200
2026-04-22 18:54:47.287 | INFO     | app.main:log_requests:47 - [a939be25] GET /v1/domains
2026-04-22 18:54:47.288 | INFO     | app.main:log_requests:49 - [a939be25] → 307
2026-04-22 18:54:47.289 | INFO     | app.main:log_requests:47 - [97567b3e] GET /v1/tasks
2026-04-22 18:54:47.290 | INFO     | app.main:log_requests:49 - [97567b3e] → 307
2026-04-22 18:54:47.292 | INFO     | app.main:log_requests:47 - [afb7aef3] GET /v1/tasks
2026-04-22 18:54:47.293 | INFO     | app.main:log_requests:49 - [afb7aef3] → 307
2026-04-22 18:54:47.294 | INFO     | app.main:log_requests:47 - [fdb04c7b] GET /v1/projects
2026-04-22 18:54:47.295 | INFO     | app.main:log_requests:49 - [fdb04c7b] → 307
2026-04-22 18:54:47.296 | INFO     | app.main:log_requests:47 - [5787f94a] GET /v1/domains/
2026-04-22 18:54:47.916 | INFO     | app.main:log_requests:47 - [507fe688] GET /v1/users
2026-04-22 18:54:47.916 | INFO     | app.main:log_requests:49 - [5787f94a] → 200
2026-04-22 18:54:47.919 | INFO     | app.main:log_requests:49 - [507fe688] → 307
2026-04-22 18:54:47.920 | INFO     | app.main:log_requests:47 - [9277963c] GET /v1/projects/
2026-04-22 18:54:47.921 | INFO     | app.main:log_requests:47 - [bab6d977] GET /v1/tasks/
2026-04-22 18:54:47.921 | INFO     | app.main:log_requests:47 - [6c4da27d] GET /v1/tasks/
2026-04-22 18:54:51.691 | INFO     | app.main:log_requests:49 - [9277963c] → 200
2026-04-22 18:54:51.693 | INFO     | app.main:log_requests:49 - [bab6d977] → 200
2026-04-22 18:54:51.695 | INFO     | app.main:log_requests:49 - [6c4da27d] → 200
2026-04-22 18:54:51.696 | INFO     | app.main:log_requests:47 - [1573f86e] GET /v1/users/
2026-04-22 18:54:52.335 | INFO     | app.main:log_requests:49 - [1573f86e] → 200
2026-04-22 18:54:57.018 | INFO     | app.main:log_requests:47 - [0a56a799] GET /v1/users/me
2026-04-22 18:54:57.721 | INFO     | app.main:log_requests:49 - [0a56a799] → 200
2026-04-22 18:55:02.294 | INFO     | app.main:log_requests:47 - [dc4f1a56] GET /v1/users/me
2026-04-22 18:55:02.721 | INFO     | app.main:log_requests:49 - [dc4f1a56] → 200
2026-04-22 18:55:09.822 | INFO     | app.main:log_requests:47 - [e9efeb05] GET /v1/users/me
2026-04-22 18:55:10.540 | INFO     | app.main:log_requests:49 - [e9efeb05] → 200
2026-04-22 18:55:10.555 | INFO     | app.main:log_requests:47 - [af7a2663] GET /v1/users/me
2026-04-22 18:55:10.559 | INFO     | app.main:log_requests:47 - [fbff7ec7] GET /v1/users/me
2026-04-22 18:55:10.567 | INFO     | app.main:log_requests:47 - [db09965a] GET /v1/users/me
2026-04-22 18:55:12.245 | INFO     | app.main:log_requests:49 - [af7a2663] → 200
2026-04-22 18:55:12.247 | INFO     | app.main:log_requests:49 - [fbff7ec7] → 200
2026-04-22 18:55:12.248 | INFO     | app.main:log_requests:49 - [db09965a] → 200
2026-04-22 18:55:15.580 | INFO     | app.main:log_requests:47 - [da407819] GET /v1/users/me
2026-04-22 18:55:16.248 | INFO     | app.main:log_requests:49 - [da407819] → 200
2026-04-22 18:55:16.834 | INFO     | app.main:log_requests:47 - [d97ec4c3] OPTIONS /v1/domains/dddddddd-0000-0000-0000-000000000003
2026-04-22 18:55:16.836 | INFO     | app.main:log_requests:49 - [d97ec4c3] → 200
2026-04-22 18:55:16.838 | INFO     | app.main:log_requests:47 - [df96cddc] GET /v1/domains/dddddddd-0000-0000-0000-000000000003
2026-04-22 18:55:17.833 | INFO     | app.main:log_requests:49 - [df96cddc] → 200
2026-04-22 18:55:17.843 | INFO     | app.main:log_requests:47 - [f5bd3949] GET /v1/tasks
2026-04-22 18:55:17.844 | INFO     | app.main:log_requests:47 - [b3bacd17] GET /v1/domains
2026-04-22 18:55:17.845 | INFO     | app.main:log_requests:47 - [eb3550a2] OPTIONS /v1/projects
2026-04-22 18:55:17.847 | INFO     | app.main:log_requests:47 - [b7113aef] OPTIONS /v1/tasks
2026-04-22 18:55:17.849 | INFO     | app.main:log_requests:49 - [f5bd3949] → 307
2026-04-22 18:55:17.852 | INFO     | app.main:log_requests:49 - [b3bacd17] → 307
2026-04-22 18:55:17.856 | INFO     | app.main:log_requests:49 - [eb3550a2] → 200
2026-04-22 18:55:17.857 | INFO     | app.main:log_requests:49 - [b7113aef] → 200
2026-04-22 18:55:17.859 | INFO     | app.main:log_requests:47 - [b09d65f1] GET /v1/projects
2026-04-22 18:55:17.862 | INFO     | app.main:log_requests:47 - [a8f1bd34] GET /v1/tasks
2026-04-22 18:55:17.863 | INFO     | app.main:log_requests:49 - [b09d65f1] → 307
2026-04-22 18:55:17.865 | INFO     | app.main:log_requests:49 - [a8f1bd34] → 307
2026-04-22 18:55:17.956 | INFO     | app.main:log_requests:47 - [40e5dcc4] GET /v1/tasks/
2026-04-22 18:55:19.535 | INFO     | app.main:log_requests:47 - [968c202f] OPTIONS /v1/projects/
2026-04-22 18:55:19.548 | INFO     | app.main:log_requests:49 - [40e5dcc4] → 200
2026-04-22 18:55:19.577 | INFO     | app.main:log_requests:47 - [1710d704] OPTIONS /v1/tasks/
2026-04-22 18:55:19.594 | INFO     | app.main:log_requests:47 - [5e906f65] GET /v1/domains/
2026-04-22 18:55:20.259 | INFO     | app.main:log_requests:49 - [968c202f] → 200
2026-04-22 18:55:20.262 | INFO     | app.main:log_requests:49 - [1710d704] → 200
2026-04-22 18:55:20.287 | INFO     | app.main:log_requests:49 - [5e906f65] → 200
2026-04-22 18:55:20.313 | INFO     | app.main:log_requests:47 - [73910ed3] GET /v1/tasks/
2026-04-22 18:55:20.342 | INFO     | app.main:log_requests:47 - [b3fd5fd0] GET /v1/projects/
2026-04-22 18:55:22.840 | INFO     | app.main:log_requests:49 - [73910ed3] → 200
2026-04-22 18:55:22.860 | INFO     | app.main:log_requests:49 - [b3fd5fd0] → 200
2026-04-22 18:55:39.771 | INFO     | app.main:log_requests:47 - [02331102] GET /v1/users/me
2026-04-22 18:55:40.428 | INFO     | app.main:log_requests:49 - [02331102] → 200
2026-04-22 18:55:41.109 | INFO     | app.main:log_requests:47 - [904a6106] GET /v1/users/me
2026-04-22 18:55:41.537 | INFO     | app.main:log_requests:49 - [904a6106] → 200
2026-04-22 18:55:41.576 | INFO     | app.main:log_requests:47 - [17b3587c] GET /v1/domains
2026-04-22 18:55:41.578 | INFO     | app.main:log_requests:47 - [adeba978] OPTIONS /v1/projects/cccccccc-0000-0000-0000-000000000003
2026-04-22 18:55:41.578 | INFO     | app.main:log_requests:49 - [17b3587c] → 307
2026-04-22 18:55:41.580 | INFO     | app.main:log_requests:49 - [adeba978] → 200
2026-04-22 18:55:41.581 | INFO     | app.main:log_requests:47 - [68d00b92] GET /v1/tasks
2026-04-22 18:55:41.582 | INFO     | app.main:log_requests:47 - [09cd6a9f] GET /v1/projects/cccccccc-0000-0000-0000-000000000003
2026-04-22 18:55:41.582 | INFO     | app.main:log_requests:49 - [68d00b92] → 307
2026-04-22 18:55:42.268 | INFO     | app.main:log_requests:49 - [09cd6a9f] → 200
2026-04-22 18:55:42.269 | INFO     | app.main:log_requests:47 - [478ae4a9] GET /v1/domains/
2026-04-22 18:55:42.910 | INFO     | app.main:log_requests:49 - [478ae4a9] → 200
2026-04-22 18:55:42.913 | INFO     | app.main:log_requests:47 - [fb177321] GET /v1/domains/dddddddd-0000-0000-0000-000000000003
2026-04-22 18:55:42.938 | INFO     | app.main:log_requests:47 - [28cecd27] GET /v1/tasks/
2026-04-22 18:55:45.132 | INFO     | app.main:log_requests:49 - [fb177321] → 200
2026-04-22 18:55:45.175 | INFO     | app.main:log_requests:49 - [28cecd27] → 200
2026-04-22 18:56:14.862 | INFO     | app.main:log_requests:47 - [20a9db37] GET /v1/users/me
2026-04-22 18:56:15.662 | INFO     | app.main:log_requests:49 - [20a9db37] → 200
2026-04-22 18:56:15.909 | INFO     | app.main:log_requests:47 - [19e4fc42] GET /v1/users/me
2026-04-22 18:56:16.349 | INFO     | app.main:log_requests:49 - [19e4fc42] → 200
2026-04-22 18:56:16.384 | INFO     | app.main:log_requests:47 - [221ebf5f] GET /v1/domains
2026-04-22 18:56:16.385 | INFO     | app.main:log_requests:49 - [221ebf5f] → 307
2026-04-22 18:56:16.386 | INFO     | app.main:log_requests:47 - [d4a2b0d8] GET /v1/tasks
2026-04-22 18:56:16.386 | INFO     | app.main:log_requests:49 - [d4a2b0d8] → 307
2026-04-22 18:56:16.388 | INFO     | app.main:log_requests:47 - [a9c84e1d] GET /v1/domains/
2026-04-22 18:56:17.023 | INFO     | app.main:log_requests:49 - [a9c84e1d] → 200
2026-04-22 18:56:17.025 | INFO     | app.main:log_requests:47 - [bc9b3e26] GET /v1/tasks/
2026-04-22 18:56:18.572 | INFO     | app.main:log_requests:49 - [bc9b3e26] → 200
2026-04-22 18:56:42.709 | INFO     | app.main:log_requests:47 - [07b776ea] GET /v1/users/me
2026-04-22 18:56:43.359 | INFO     | app.main:log_requests:49 - [07b776ea] → 200
2026-04-22 18:56:44.755 | INFO     | app.main:log_requests:47 - [e2370c8a] GET /v1/users/me
2026-04-22 18:56:45.188 | INFO     | app.main:log_requests:49 - [e2370c8a] → 200
2026-04-22 18:56:45.276 | INFO     | app.main:log_requests:47 - [57d340dc] GET /v1/tasks
2026-04-22 18:56:45.278 | INFO     | app.main:log_requests:49 - [57d340dc] → 307
2026-04-22 18:56:45.288 | INFO     | app.main:log_requests:47 - [09762e68] GET /v1/domains
2026-04-22 18:56:45.290 | INFO     | app.main:log_requests:47 - [5507bf6b] GET /v1/tasks/
2026-04-22 18:56:46.834 | INFO     | app.main:log_requests:49 - [09762e68] → 307
2026-04-22 18:56:46.881 | INFO     | app.main:log_requests:49 - [5507bf6b] → 200
2026-04-22 18:56:46.923 | INFO     | app.main:log_requests:47 - [b443d83e] GET /v1/domains
2026-04-22 18:56:46.935 | INFO     | app.main:log_requests:47 - [5b5b2e22] GET /v1/domains/
2026-04-22 18:56:46.951 | INFO     | app.main:log_requests:47 - [96203da7] OPTIONS /v1/users
2026-04-22 18:56:46.966 | INFO     | app.main:log_requests:49 - [b443d83e] → 307
2026-04-22 18:56:47.655 | INFO     | app.main:log_requests:49 - [5b5b2e22] → 200
2026-04-22 18:56:47.671 | INFO     | app.main:log_requests:49 - [96203da7] → 200
2026-04-22 18:56:47.687 | INFO     | app.main:log_requests:47 - [8faa03ee] GET /v1/domains/
2026-04-22 18:56:48.339 | INFO     | app.main:log_requests:47 - [f0bcce00] GET /v1/users
2026-04-22 18:56:48.342 | INFO     | app.main:log_requests:49 - [8faa03ee] → 200
2026-04-22 18:56:48.364 | INFO     | app.main:log_requests:49 - [f0bcce00] → 307
2026-04-22 18:56:48.386 | INFO     | app.main:log_requests:47 - [59800dcc] OPTIONS /v1/users/
2026-04-22 18:56:48.389 | INFO     | app.main:log_requests:49 - [59800dcc] → 200
2026-04-22 18:56:48.395 | INFO     | app.main:log_requests:47 - [46f048e6] GET /v1/users/
2026-04-22 18:56:49.123 | INFO     | app.main:log_requests:49 - [46f048e6] → 200
2026-04-22 18:57:26.308 | INFO     | app.main:log_requests:47 - [4802d449] GET /v1/users/me
2026-04-22 18:57:26.971 | INFO     | app.main:log_requests:49 - [4802d449] → 200
2026-04-22 18:57:27.444 | INFO     | app.main:log_requests:47 - [9a110f75] GET /v1/users/me
2026-04-22 18:57:27.843 | INFO     | app.main:log_requests:49 - [9a110f75] → 200
2026-04-22 18:57:27.918 | INFO     | app.main:log_requests:47 - [c3429989] GET /v1/tasks
2026-04-22 18:57:27.919 | INFO     | app.main:log_requests:49 - [c3429989] → 307
2026-04-22 18:57:27.920 | INFO     | app.main:log_requests:47 - [728fda2f] GET /v1/domains
2026-04-22 18:57:27.921 | INFO     | app.main:log_requests:49 - [728fda2f] → 307
2026-04-22 18:57:27.922 | INFO     | app.main:log_requests:47 - [4a8cee60] GET /v1/projects
2026-04-22 18:57:27.922 | INFO     | app.main:log_requests:49 - [4a8cee60] → 307
2026-04-22 18:57:27.924 | INFO     | app.main:log_requests:47 - [06639d62] GET /v1/tasks
2026-04-22 18:57:27.925 | INFO     | app.main:log_requests:49 - [06639d62] → 307
2026-04-22 18:57:27.928 | INFO     | app.main:log_requests:47 - [1231c6a0] GET /v1/tasks/
2026-04-22 18:57:29.378 | INFO     | app.main:log_requests:49 - [1231c6a0] → 200
2026-04-22 18:57:29.382 | INFO     | app.main:log_requests:47 - [460716ad] GET /v1/domains/
2026-04-22 18:57:29.382 | INFO     | app.main:log_requests:47 - [a68862af] GET /v1/projects/
2026-04-22 18:57:29.383 | INFO     | app.main:log_requests:47 - [f8548a1b] GET /v1/tasks/
2026-04-22 18:57:32.316 | INFO     | app.main:log_requests:49 - [460716ad] → 200
2026-04-22 18:57:32.318 | INFO     | app.main:log_requests:49 - [a68862af] → 200
2026-04-22 18:57:32.319 | INFO     | app.main:log_requests:49 - [f8548a1b] → 200
2026-04-23 11:35:01.037 | INFO     | app.main:log_requests:47 - [3cd305fd] GET /users/me
2026-04-23 11:35:01.039 | INFO     | app.main:log_requests:49 - [3cd305fd] → 404
2026-04-23 11:35:03.860 | INFO     | app.main:log_requests:47 - [6ec0722e] OPTIONS /users/me
2026-04-23 11:35:03.861 | INFO     | app.main:log_requests:49 - [6ec0722e] → 200
2026-04-23 11:35:03.863 | INFO     | app.main:log_requests:47 - [b8577e1a] GET /users/me
2026-04-23 11:35:03.864 | INFO     | app.main:log_requests:49 - [b8577e1a] → 404
2026-04-23 11:35:04.306 | INFO     | app.main:log_requests:47 - [9fd78c48] GET /users/me
2026-04-23 11:35:04.307 | INFO     | app.main:log_requests:49 - [9fd78c48] → 404
2026-04-23 11:36:09.346 | INFO     | app.main:log_requests:47 - [21e8094b] GET /users/me
2026-04-23 11:36:09.346 | INFO     | app.main:log_requests:49 - [21e8094b] → 404
2026-04-23 11:36:09.917 | INFO     | app.main:log_requests:47 - [ea78e5a7] GET /users/me
2026-04-23 11:36:09.917 | INFO     | app.main:log_requests:49 - [ea78e5a7] → 404
2026-04-23 11:36:10.373 | INFO     | app.main:log_requests:47 - [4216bb0a] GET /users/me
2026-04-23 11:36:10.375 | INFO     | app.main:log_requests:49 - [4216bb0a] → 404
2026-04-23 11:39:46.271 | INFO     | app.main:log_requests:47 - [a511118c] GET /v1/users/me
2026-04-23 11:39:47.793 | INFO     | app.main:log_requests:49 - [a511118c] → 200
2026-04-23 11:39:48.130 | INFO     | app.main:log_requests:47 - [bef7a02d] GET /v1/users/me
2026-04-23 11:39:48.594 | INFO     | app.main:log_requests:49 - [bef7a02d] → 200
2026-04-23 11:39:48.872 | INFO     | app.main:log_requests:47 - [08cf5407] GET /v1/users/me
2026-04-23 11:39:49.295 | INFO     | app.main:log_requests:49 - [08cf5407] → 200
2026-04-23 11:43:44.605 | INFO     | app.main:log_requests:47 - [ee0c5b31] GET /v1/users/me
2026-04-23 11:43:45.555 | INFO     | app.main:log_requests:49 - [ee0c5b31] → 200
2026-04-23 11:43:46.436 | INFO     | app.main:log_requests:47 - [b7e6d276] OPTIONS /v1/users/me
2026-04-23 11:43:46.437 | INFO     | app.main:log_requests:49 - [b7e6d276] → 200
2026-04-23 11:43:46.439 | INFO     | app.main:log_requests:47 - [7540aeb1] GET /v1/users/me
2026-04-23 11:43:46.892 | INFO     | app.main:log_requests:49 - [7540aeb1] → 200
2026-04-23 11:43:46.955 | INFO     | app.main:log_requests:47 - [b5cb1344] OPTIONS /v1/domains
2026-04-23 11:43:46.956 | INFO     | app.main:log_requests:49 - [b5cb1344] → 200
2026-04-23 11:43:46.958 | INFO     | app.main:log_requests:47 - [dc231393] GET /v1/domains
2026-04-23 11:43:46.960 | INFO     | app.main:log_requests:47 - [46fa0fd8] OPTIONS /v1/tasks
2026-04-23 11:43:46.961 | INFO     | app.main:log_requests:49 - [dc231393] → 307
2026-04-23 11:43:46.962 | INFO     | app.main:log_requests:49 - [46fa0fd8] → 200
2026-04-23 11:43:46.962 | INFO     | app.main:log_requests:47 - [fd28bbe1] OPTIONS /v1/tasks
2026-04-23 11:43:46.964 | INFO     | app.main:log_requests:47 - [9870e4df] OPTIONS /v1/projects
2026-04-23 11:43:46.964 | INFO     | app.main:log_requests:49 - [fd28bbe1] → 200
2026-04-23 11:43:46.965 | INFO     | app.main:log_requests:49 - [9870e4df] → 200
2026-04-23 11:43:46.966 | INFO     | app.main:log_requests:47 - [104ad51b] GET /v1/tasks
2026-04-23 11:43:46.967 | INFO     | app.main:log_requests:47 - [7a369722] OPTIONS /v1/users
2026-04-23 11:43:46.968 | INFO     | app.main:log_requests:49 - [104ad51b] → 307
2026-04-23 11:43:46.968 | INFO     | app.main:log_requests:49 - [7a369722] → 200
2026-04-23 11:43:46.971 | INFO     | app.main:log_requests:47 - [60dbe38c] OPTIONS /v1/domains/
2026-04-23 11:43:46.973 | INFO     | app.main:log_requests:47 - [88c81ebd] GET /v1/tasks
2026-04-23 11:43:46.973 | INFO     | app.main:log_requests:49 - [60dbe38c] → 200
2026-04-23 11:43:46.974 | INFO     | app.main:log_requests:49 - [88c81ebd] → 307
2026-04-23 11:43:46.976 | INFO     | app.main:log_requests:47 - [dd84e602] GET /v1/projects
2026-04-23 11:43:46.977 | INFO     | app.main:log_requests:47 - [dac10283] GET /v1/users
2026-04-23 11:43:46.977 | INFO     | app.main:log_requests:49 - [dd84e602] → 307
2026-04-23 11:43:46.979 | INFO     | app.main:log_requests:49 - [dac10283] → 307
2026-04-23 11:43:46.980 | INFO     | app.main:log_requests:47 - [907c566b] OPTIONS /v1/tasks/
2026-04-23 11:43:46.980 | INFO     | app.main:log_requests:47 - [ed8f17b4] GET /v1/domains/
2026-04-23 11:43:46.982 | INFO     | app.main:log_requests:49 - [907c566b] → 200
2026-04-23 11:43:47.675 | INFO     | app.main:log_requests:49 - [ed8f17b4] → 200
2026-04-23 11:43:47.678 | INFO     | app.main:log_requests:47 - [544fa5da] OPTIONS /v1/projects/
2026-04-23 11:43:47.680 | INFO     | app.main:log_requests:47 - [3c3bdfc1] GET /v1/tasks/
2026-04-23 11:43:47.680 | INFO     | app.main:log_requests:47 - [d92652e1] OPTIONS /v1/tasks/
2026-04-23 11:43:47.680 | INFO     | app.main:log_requests:47 - [bd2d163f] OPTIONS /v1/users/
2026-04-23 11:43:49.193 | INFO     | app.main:log_requests:49 - [544fa5da] → 200
2026-04-23 11:43:49.194 | INFO     | app.main:log_requests:49 - [3c3bdfc1] → 200
2026-04-23 11:43:49.195 | INFO     | app.main:log_requests:49 - [d92652e1] → 200
2026-04-23 11:43:49.195 | INFO     | app.main:log_requests:49 - [bd2d163f] → 200
2026-04-23 11:43:49.197 | INFO     | app.main:log_requests:47 - [1aa309d4] GET /v1/projects/
2026-04-23 11:43:49.836 | INFO     | app.main:log_requests:47 - [4efbf770] GET /v1/users/
2026-04-23 11:43:49.836 | INFO     | app.main:log_requests:47 - [4f20b1b5] GET /v1/tasks/
2026-04-23 11:43:49.837 | INFO     | app.main:log_requests:49 - [1aa309d4] → 200
2026-04-23 11:43:52.066 | INFO     | app.main:log_requests:49 - [4efbf770] → 200
2026-04-23 11:43:52.067 | INFO     | app.main:log_requests:49 - [4f20b1b5] → 200
2026-04-23 11:49:41.002 | INFO     | app.main:log_requests:47 - [622a6582] GET /v1/domains
2026-04-23 11:49:41.002 | INFO     | app.main:log_requests:47 - [6363e378] GET /v1/tasks
2026-04-23 11:49:41.004 | INFO     | app.main:log_requests:47 - [61aae20c] GET /v1/projects
2026-04-23 11:49:41.004 | INFO     | app.main:log_requests:47 - [666e1d14] GET /v1/tasks
2026-04-23 11:49:41.005 | INFO     | app.main:log_requests:47 - [8f3283ee] GET /v1/users
2026-04-23 11:49:41.005 | INFO     | app.main:log_requests:49 - [622a6582] → 307
2026-04-23 11:49:41.007 | INFO     | app.main:log_requests:49 - [6363e378] → 307
2026-04-23 11:49:41.008 | INFO     | app.main:log_requests:49 - [61aae20c] → 307
2026-04-23 11:49:41.008 | INFO     | app.main:log_requests:49 - [666e1d14] → 307
2026-04-23 11:49:41.009 | INFO     | app.main:log_requests:49 - [8f3283ee] → 307
2026-04-23 11:49:41.011 | INFO     | app.main:log_requests:47 - [0b5a4cbb] GET /v1/domains/
2026-04-23 11:49:59.892 | INFO     | app.main:log_requests:47 - [2cbd7cca] GET /v1/tasks/
2026-04-23 11:49:59.894 | INFO     | app.main:log_requests:47 - [e4d8b167] GET /v1/projects/
2026-04-23 11:50:02.991 | INFO     | app.main:log_requests:47 - [463401f8] GET /v1/tasks/
2026-04-23 11:50:02.991 | INFO     | app.main:log_requests:49 - [0b5a4cbb] → 200
2026-04-23 11:50:04.594 | INFO     | app.main:log_requests:47 - [19b33edd] GET /v1/users/
2026-04-23 11:50:04.595 | INFO     | app.main:log_requests:49 - [2cbd7cca] → 200
2026-04-23 11:50:04.596 | INFO     | app.main:log_requests:49 - [e4d8b167] → 200
2026-04-23 11:50:07.364 | INFO     | app.main:log_requests:49 - [463401f8] → 200
2026-04-23 11:50:07.365 | INFO     | app.main:log_requests:49 - [19b33edd] → 200
2026-04-23 11:50:07.365 | INFO     | app.main:log_requests:47 - [10ae027f] GET /v1/users/me
2026-04-23 11:50:08.136 | INFO     | app.main:log_requests:49 - [10ae027f] → 200
2026-04-23 11:50:08.536 | INFO     | app.main:log_requests:47 - [6308e275] GET /v1/users/me
2026-04-23 11:50:09.930 | INFO     | app.main:log_requests:49 - [6308e275] → 200
2026-04-23 11:50:09.972 | INFO     | app.main:log_requests:47 - [e6dde69a] GET /v1/domains
2026-04-23 11:50:09.974 | INFO     | app.main:log_requests:49 - [e6dde69a] → 307
2026-04-23 11:50:09.977 | INFO     | app.main:log_requests:47 - [b8768e7f] GET /v1/tasks
2026-04-23 11:50:09.978 | INFO     | app.main:log_requests:49 - [b8768e7f] → 307
2026-04-23 11:50:09.979 | INFO     | app.main:log_requests:47 - [c422630f] GET /v1/tasks
2026-04-23 11:50:09.980 | INFO     | app.main:log_requests:47 - [27e48543] GET /v1/domains/
2026-04-23 11:50:11.611 | INFO     | app.main:log_requests:47 - [1546e0ae] GET /v1/projects
2026-04-23 11:50:11.611 | INFO     | app.main:log_requests:49 - [c422630f] → 307
2026-04-23 11:50:11.612 | INFO     | app.main:log_requests:47 - [1af57599] GET /v1/tasks/
2026-04-23 11:50:11.612 | INFO     | app.main:log_requests:47 - [42d086f1] GET /v1/users
2026-04-23 11:50:11.614 | INFO     | app.main:log_requests:49 - [27e48543] → 200
2026-04-23 11:50:14.519 | INFO     | app.main:log_requests:49 - [1546e0ae] → 307
2026-04-23 11:50:14.520 | INFO     | app.main:log_requests:49 - [1af57599] → 200
2026-04-23 11:50:14.521 | INFO     | app.main:log_requests:49 - [42d086f1] → 307
2026-04-23 11:50:14.522 | INFO     | app.main:log_requests:47 - [dbe42a00] GET /v1/tasks/
2026-04-23 11:50:16.133 | INFO     | app.main:log_requests:47 - [12bf94c0] GET /v1/projects/
2026-04-23 11:50:16.134 | INFO     | app.main:log_requests:49 - [dbe42a00] → 200
2026-04-23 11:50:16.762 | INFO     | app.main:log_requests:47 - [36af43af] GET /v1/users/
2026-04-23 11:50:17.436 | INFO     | app.main:log_requests:49 - [12bf94c0] → 200
2026-04-23 11:50:17.438 | INFO     | app.main:log_requests:49 - [36af43af] → 200
2026-04-23 11:51:28.484 | INFO     | app.main:log_requests:47 - [4d3694e7] GET /v1/domains
2026-04-23 11:51:28.485 | INFO     | app.main:log_requests:47 - [0a91b893] GET /v1/tasks
2026-04-23 11:51:28.486 | INFO     | app.main:log_requests:47 - [9d5c1629] GET /v1/tasks
2026-04-23 11:51:28.486 | INFO     | app.main:log_requests:47 - [c4eb7fc9] GET /v1/users
2026-04-23 11:51:28.487 | INFO     | app.main:log_requests:47 - [1b37317f] GET /v1/projects
2026-04-23 11:51:28.488 | INFO     | app.main:log_requests:49 - [4d3694e7] → 307
2026-04-23 11:51:28.489 | INFO     | app.main:log_requests:49 - [0a91b893] → 307
2026-04-23 11:51:28.489 | INFO     | app.main:log_requests:49 - [9d5c1629] → 307
2026-04-23 11:51:28.491 | INFO     | app.main:log_requests:49 - [c4eb7fc9] → 307
2026-04-23 11:51:28.491 | INFO     | app.main:log_requests:49 - [1b37317f] → 307
2026-04-23 11:51:28.492 | INFO     | app.main:log_requests:47 - [1ffbd912] GET /v1/domains/
2026-04-23 11:51:33.399 | INFO     | app.main:log_requests:47 - [c6f08945] GET /v1/tasks/
2026-04-23 11:51:33.399 | INFO     | app.main:log_requests:49 - [1ffbd912] → 200
2026-04-23 11:51:40.245 | INFO     | app.main:log_requests:47 - [4576f5f9] GET /v1/users/
2026-04-23 11:51:40.247 | INFO     | app.main:log_requests:47 - [8aecc573] GET /v1/projects/
2026-04-23 11:51:40.247 | INFO     | app.main:log_requests:47 - [7bb3cd5a] GET /v1/tasks/
2026-04-23 11:51:43.496 | INFO     | app.main:log_requests:49 - [c6f08945] → 200
2026-04-23 11:51:43.497 | INFO     | app.main:log_requests:49 - [4576f5f9] → 200
2026-04-23 11:51:43.497 | INFO     | app.main:log_requests:49 - [8aecc573] → 200
2026-04-23 11:51:43.497 | INFO     | app.main:log_requests:49 - [7bb3cd5a] → 200
2026-04-23 12:01:37.556 | INFO     | app.main:log_requests:47 - [aa847b56] GET /v1/users/me
2026-04-23 12:01:39.055 | INFO     | app.main:log_requests:49 - [aa847b56] → 200
2026-04-23 12:01:40.319 | INFO     | app.main:log_requests:47 - [4b6e0ddf] OPTIONS /v1/users/me
2026-04-23 12:01:40.320 | INFO     | app.main:log_requests:49 - [4b6e0ddf] → 200
2026-04-23 12:01:40.321 | INFO     | app.main:log_requests:47 - [9f21efa4] GET /v1/users/me
2026-04-23 12:01:41.135 | INFO     | app.main:log_requests:49 - [9f21efa4] → 200
2026-04-23 12:01:41.217 | INFO     | app.main:log_requests:47 - [513741c8] OPTIONS /v1/domains
2026-04-23 12:01:41.218 | INFO     | app.main:log_requests:49 - [513741c8] → 200
2026-04-23 12:01:41.219 | INFO     | app.main:log_requests:47 - [34cefc57] GET /v1/domains
2026-04-23 12:01:41.222 | INFO     | app.main:log_requests:49 - [34cefc57] → 307
2026-04-23 12:01:41.226 | INFO     | app.main:log_requests:47 - [c2e9d26f] OPTIONS /v1/tasks
2026-04-23 12:01:41.227 | INFO     | app.main:log_requests:49 - [c2e9d26f] → 200
2026-04-23 12:01:41.234 | INFO     | app.main:log_requests:47 - [79a82c6a] OPTIONS /v1/domains/
2026-04-23 12:01:41.235 | INFO     | app.main:log_requests:47 - [bf379dca] GET /v1/tasks
2026-04-23 12:01:41.237 | INFO     | app.main:log_requests:49 - [79a82c6a] → 200
2026-04-23 12:01:41.245 | INFO     | app.main:log_requests:49 - [bf379dca] → 307
2026-04-23 12:01:41.249 | INFO     | app.main:log_requests:47 - [11f19dd9] OPTIONS /v1/tasks
2026-04-23 12:01:41.257 | INFO     | app.main:log_requests:47 - [35afd10c] OPTIONS /v1/projects
2026-04-23 12:01:41.268 | INFO     | app.main:log_requests:49 - [11f19dd9] → 200
2026-04-23 12:01:41.284 | INFO     | app.main:log_requests:49 - [35afd10c] → 200
2026-04-23 12:01:41.305 | INFO     | app.main:log_requests:47 - [9c4d9953] GET /v1/domains/
2026-04-23 12:01:42.583 | INFO     | app.main:log_requests:47 - [dea0bef8] OPTIONS /v1/users
2026-04-23 12:01:42.584 | INFO     | app.main:log_requests:49 - [9c4d9953] → 200
2026-04-23 12:01:42.586 | INFO     | app.main:log_requests:49 - [dea0bef8] → 200
2026-04-23 12:01:42.587 | INFO     | app.main:log_requests:47 - [94fb2212] GET /v1/tasks
2026-04-23 12:01:42.587 | INFO     | app.main:log_requests:47 - [5276274b] OPTIONS /v1/tasks/
2026-04-23 12:01:42.588 | INFO     | app.main:log_requests:47 - [5ab28d96] GET /v1/projects
2026-04-23 12:01:42.589 | INFO     | app.main:log_requests:47 - [793d2ed6] GET /v1/users
2026-04-23 12:01:42.589 | INFO     | app.main:log_requests:49 - [94fb2212] → 307
2026-04-23 12:01:42.590 | INFO     | app.main:log_requests:49 - [5276274b] → 200
2026-04-23 12:01:42.590 | INFO     | app.main:log_requests:49 - [5ab28d96] → 307
2026-04-23 12:01:42.593 | INFO     | app.main:log_requests:49 - [793d2ed6] → 307
2026-04-23 12:01:42.594 | INFO     | app.main:log_requests:47 - [6b3a781f] GET /v1/tasks/
2026-04-23 12:01:46.184 | INFO     | app.main:log_requests:49 - [6b3a781f] → 200
2026-04-23 12:01:46.185 | INFO     | app.main:log_requests:47 - [b42631d0] OPTIONS /v1/users/
2026-04-23 12:01:46.185 | INFO     | app.main:log_requests:47 - [5054c434] OPTIONS /v1/projects/
2026-04-23 12:01:46.186 | INFO     | app.main:log_requests:47 - [6003294b] OPTIONS /v1/tasks/
2026-04-23 12:01:46.187 | INFO     | app.main:log_requests:49 - [b42631d0] → 200
2026-04-23 12:01:46.188 | INFO     | app.main:log_requests:49 - [5054c434] → 200
2026-04-23 12:01:46.189 | INFO     | app.main:log_requests:49 - [6003294b] → 200
2026-04-23 12:01:46.191 | INFO     | app.main:log_requests:47 - [35740b47] GET /v1/users/
2026-04-23 12:01:46.828 | INFO     | app.main:log_requests:47 - [e1d6afbe] GET /v1/projects/
2026-04-23 12:01:46.828 | INFO     | app.main:log_requests:47 - [f9678a6e] GET /v1/tasks/
2026-04-23 12:01:46.829 | INFO     | app.main:log_requests:49 - [35740b47] → 200
2026-04-23 12:01:48.868 | INFO     | app.main:log_requests:49 - [e1d6afbe] → 200
2026-04-23 12:01:48.870 | INFO     | app.main:log_requests:49 - [f9678a6e] → 200
2026-04-23 12:01:57.859 | INFO     | app.main:log_requests:47 - [22bd6721] GET /v1/users/me
2026-04-23 12:01:58.830 | INFO     | app.main:log_requests:49 - [22bd6721] → 200
2026-04-23 12:02:00.818 | INFO     | app.main:log_requests:47 - [785421b8] GET /v1/users/me
2026-04-23 12:02:01.376 | INFO     | app.main:log_requests:49 - [785421b8] → 200
2026-04-23 12:02:01.434 | INFO     | app.main:log_requests:47 - [03e33f0f] GET /v1/domains
2026-04-23 12:02:01.435 | INFO     | app.main:log_requests:49 - [03e33f0f] → 307
2026-04-23 12:02:01.435 | INFO     | app.main:log_requests:47 - [df7b0b32] GET /v1/tasks
2026-04-23 12:02:01.437 | INFO     | app.main:log_requests:49 - [df7b0b32] → 307
2026-04-23 12:02:01.438 | INFO     | app.main:log_requests:47 - [f45186f9] GET /v1/domains/
2026-04-23 12:02:02.122 | INFO     | app.main:log_requests:49 - [f45186f9] → 200
2026-04-23 12:02:02.124 | INFO     | app.main:log_requests:47 - [73df0803] GET /v1/tasks/
2026-04-23 12:02:03.743 | INFO     | app.main:log_requests:49 - [73df0803] → 200
2026-04-23 12:02:06.533 | INFO     | app.main:log_requests:47 - [b8df6534] GET /v1/users/me
2026-04-23 12:02:06.978 | INFO     | app.main:log_requests:49 - [b8df6534] → 200
2026-04-23 12:02:46.056 | INFO     | app.main:log_requests:47 - [52c6f769] GET /v1/domains
2026-04-23 12:02:46.058 | INFO     | app.main:log_requests:49 - [52c6f769] → 307
2026-04-23 12:02:46.059 | INFO     | app.main:log_requests:47 - [54fd0f6f] GET /v1/tasks
2026-04-23 12:02:46.060 | INFO     | app.main:log_requests:49 - [54fd0f6f] → 307
2026-04-23 12:02:46.064 | INFO     | app.main:log_requests:47 - [edac0545] GET /v1/domains/
2026-04-23 12:02:47.460 | INFO     | app.main:log_requests:47 - [45d2f9c7] GET /v1/tasks/
2026-04-23 12:02:47.460 | INFO     | app.main:log_requests:49 - [edac0545] → 200
2026-04-23 12:02:49.320 | INFO     | app.main:log_requests:49 - [45d2f9c7] → 200
2026-04-23 12:03:02.974 | INFO     | app.main:log_requests:47 - [6d516856] GET /v1/users/me
2026-04-23 12:03:03.825 | INFO     | app.main:log_requests:49 - [6d516856] → 200
2026-04-23 12:03:08.474 | INFO     | app.main:log_requests:47 - [815307db] GET /v1/users/me
2026-04-23 12:03:09.043 | INFO     | app.main:log_requests:49 - [815307db] → 200
2026-04-23 12:03:10.818 | INFO     | app.main:log_requests:47 - [183f0cca] GET /v1/users/me
2026-04-23 12:03:11.251 | INFO     | app.main:log_requests:49 - [183f0cca] → 200
2026-04-23 12:03:11.297 | INFO     | app.main:log_requests:47 - [2a5a5b8b] GET /v1/domains
2026-04-23 12:03:11.299 | INFO     | app.main:log_requests:47 - [34c65ecd] GET /v1/tasks
2026-04-23 12:03:11.299 | INFO     | app.main:log_requests:49 - [2a5a5b8b] → 307
2026-04-23 12:03:11.301 | INFO     | app.main:log_requests:49 - [34c65ecd] → 307
2026-04-23 12:03:11.302 | INFO     | app.main:log_requests:47 - [d6bdddaf] OPTIONS /v1/tasks
2026-04-23 12:03:11.302 | INFO     | app.main:log_requests:49 - [d6bdddaf] → 200
2026-04-23 12:03:11.303 | INFO     | app.main:log_requests:47 - [a679832f] OPTIONS /v1/users
2026-04-23 12:03:11.304 | INFO     | app.main:log_requests:49 - [a679832f] → 200
2026-04-23 12:03:11.306 | INFO     | app.main:log_requests:47 - [35c222f8] GET /v1/domains
2026-04-23 12:03:11.306 | INFO     | app.main:log_requests:49 - [35c222f8] → 307
2026-04-23 12:03:11.307 | INFO     | app.main:log_requests:47 - [39ddf7cf] GET /v1/domains/
2026-04-23 12:03:15.984 | INFO     | app.main:log_requests:47 - [68752dd6] GET /v1/tasks/
2026-04-23 12:03:15.985 | INFO     | app.main:log_requests:49 - [39ddf7cf] → 200
2026-04-23 12:03:17.919 | INFO     | app.main:log_requests:49 - [68752dd6] → 200
2026-04-23 12:03:17.923 | INFO     | app.main:log_requests:47 - [2cc05413] GET /v1/users
2026-04-23 12:03:17.924 | INFO     | app.main:log_requests:47 - [d4cbbb8d] GET /v1/tasks
2026-04-23 12:03:17.925 | INFO     | app.main:log_requests:47 - [3d9bd7d0] GET /v1/domains/
2026-04-23 12:03:18.564 | INFO     | app.main:log_requests:47 - [04c36f49] GET /v1/users/me
2026-04-23 12:03:18.566 | INFO     | app.main:log_requests:49 - [2cc05413] → 307
2026-04-23 12:03:18.566 | INFO     | app.main:log_requests:49 - [d4cbbb8d] → 307
2026-04-23 12:03:18.567 | INFO     | app.main:log_requests:49 - [3d9bd7d0] → 200
2026-04-23 12:03:19.012 | INFO     | app.main:log_requests:49 - [04c36f49] → 200
2026-04-23 12:03:19.012 | INFO     | app.main:log_requests:47 - [7cf213dc] OPTIONS /v1/tasks/
2026-04-23 12:03:19.014 | INFO     | app.main:log_requests:47 - [cf72dacf] OPTIONS /v1/users/
2026-04-23 12:03:19.015 | INFO     | app.main:log_requests:49 - [7cf213dc] → 200
2026-04-23 12:03:19.016 | INFO     | app.main:log_requests:49 - [cf72dacf] → 200
2026-04-23 12:03:19.025 | INFO     | app.main:log_requests:47 - [a0ba2d86] GET /v1/tasks/
2026-04-23 12:03:19.484 | INFO     | app.main:log_requests:47 - [dae0de8c] GET /v1/users/
2026-04-23 12:03:19.986 | INFO     | app.main:log_requests:49 - [a0ba2d86] → 422
2026-04-23 12:03:19.987 | INFO     | app.main:log_requests:47 - [9aae603e] GET /v1/users/me
2026-04-23 12:03:19.987 | INFO     | app.main:log_requests:49 - [dae0de8c] → 422
2026-04-23 12:03:20.420 | INFO     | app.main:log_requests:49 - [9aae603e] → 200
2026-04-23 12:03:20.455 | INFO     | app.main:log_requests:47 - [b25357fc] GET /v1/domains
2026-04-23 12:03:20.456 | INFO     | app.main:log_requests:47 - [eca84db2] GET /v1/tasks
2026-04-23 12:03:20.456 | INFO     | app.main:log_requests:49 - [b25357fc] → 307
2026-04-23 12:03:20.457 | INFO     | app.main:log_requests:49 - [eca84db2] → 307
2026-04-23 12:03:20.458 | INFO     | app.main:log_requests:47 - [319b9ae8] GET /v1/domains/
2026-04-23 12:03:21.099 | INFO     | app.main:log_requests:49 - [319b9ae8] → 200
2026-04-23 12:03:21.099 | INFO     | app.main:log_requests:47 - [4dde1b1d] GET /v1/tasks/
2026-04-23 12:03:22.676 | INFO     | app.main:log_requests:49 - [4dde1b1d] → 200
2026-04-23 12:03:51.285 | INFO     | app.main:log_requests:47 - [880e93e0] GET /v1/domains
2026-04-23 12:03:51.286 | INFO     | app.main:log_requests:49 - [880e93e0] → 307
2026-04-23 12:03:51.289 | INFO     | app.main:log_requests:47 - [9e62e58f] GET /v1/domains/
2026-04-23 12:04:06.608 | INFO     | app.main:log_requests:49 - [9e62e58f] → 200
2026-04-23 12:06:12.456 | INFO     | app.main:log_requests:47 - [b03f6431] GET /v1/users/me
2026-04-23 12:06:13.466 | INFO     | app.main:log_requests:49 - [b03f6431] → 200
2026-04-23 12:08:22.293 | INFO     | app.main:log_requests:47 - [73cc2da9] GET /v1/users/me
2026-04-23 12:08:23.149 | INFO     | app.main:log_requests:49 - [73cc2da9] → 200
2026-04-23 12:13:34.337 | INFO     | app.main:log_requests:47 - [662cce0e] GET /v1/users/me
2026-04-23 12:13:35.886 | INFO     | app.main:log_requests:49 - [662cce0e] → 200
2026-04-23 12:17:02.347 | INFO     | app.main:log_requests:47 - [34037105] GET /v1/users/me
2026-04-23 12:17:03.540 | INFO     | app.main:log_requests:49 - [34037105] → 200
2026-04-23 12:24:14.056 | INFO     | app.main:log_requests:47 - [3f401723] GET /v1/users/me
2026-04-23 12:24:15.538 | INFO     | app.main:log_requests:49 - [3f401723] → 200
2026-04-23 12:24:16.616 | INFO     | app.main:log_requests:47 - [26a99b91] OPTIONS /v1/users/me
2026-04-23 12:24:16.617 | INFO     | app.main:log_requests:49 - [26a99b91] → 200
2026-04-23 12:24:16.619 | INFO     | app.main:log_requests:47 - [ec3be312] GET /v1/users/me
2026-04-23 12:24:17.062 | INFO     | app.main:log_requests:49 - [ec3be312] → 200
2026-04-23 12:24:17.157 | INFO     | app.main:log_requests:47 - [f38f7230] OPTIONS /v1/domains
2026-04-23 12:24:17.158 | INFO     | app.main:log_requests:49 - [f38f7230] → 200
2026-04-23 12:24:17.163 | INFO     | app.main:log_requests:47 - [904508a3] GET /v1/domains
2026-04-23 12:24:17.165 | INFO     | app.main:log_requests:47 - [9f0aac10] OPTIONS /v1/tasks
2026-04-23 12:24:17.165 | INFO     | app.main:log_requests:49 - [904508a3] → 307
2026-04-23 12:24:17.170 | INFO     | app.main:log_requests:49 - [9f0aac10] → 200
2026-04-23 12:24:17.187 | INFO     | app.main:log_requests:47 - [69ec38d6] OPTIONS /v1/tasks
2026-04-23 12:24:17.191 | INFO     | app.main:log_requests:47 - [8f04f676] OPTIONS /v1/domains/
2026-04-23 12:24:17.202 | INFO     | app.main:log_requests:49 - [69ec38d6] → 200
2026-04-23 12:24:17.207 | INFO     | app.main:log_requests:49 - [8f04f676] → 200
2026-04-23 12:24:17.213 | INFO     | app.main:log_requests:47 - [23ca7c43] OPTIONS /v1/projects
2026-04-23 12:24:17.215 | INFO     | app.main:log_requests:47 - [f49c7545] OPTIONS /v1/users
2026-04-23 12:24:17.218 | INFO     | app.main:log_requests:49 - [23ca7c43] → 200
2026-04-23 12:24:17.223 | INFO     | app.main:log_requests:49 - [f49c7545] → 200
2026-04-23 12:24:17.230 | INFO     | app.main:log_requests:47 - [8ea99b1a] GET /v1/tasks
2026-04-23 12:24:17.236 | INFO     | app.main:log_requests:47 - [201783e3] GET /v1/tasks
2026-04-23 12:24:17.238 | INFO     | app.main:log_requests:49 - [8ea99b1a] → 307
2026-04-23 12:24:17.244 | INFO     | app.main:log_requests:49 - [201783e3] → 307
2026-04-23 12:24:17.249 | INFO     | app.main:log_requests:47 - [8a300fb0] GET /v1/domains/
2026-04-23 12:24:17.972 | INFO     | app.main:log_requests:47 - [72232863] GET /v1/projects
2026-04-23 12:24:17.973 | INFO     | app.main:log_requests:49 - [8a300fb0] → 200
2026-04-23 12:24:17.975 | INFO     | app.main:log_requests:49 - [72232863] → 307
2026-04-23 12:24:17.979 | INFO     | app.main:log_requests:47 - [cf212264] GET /v1/users
2026-04-23 12:24:17.980 | INFO     | app.main:log_requests:47 - [c15d36f1] OPTIONS /v1/tasks/
2026-04-23 12:24:17.981 | INFO     | app.main:log_requests:47 - [b4aeddaa] OPTIONS /v1/tasks/
2026-04-23 12:24:17.983 | INFO     | app.main:log_requests:49 - [cf212264] → 307
2026-04-23 12:24:17.986 | INFO     | app.main:log_requests:49 - [c15d36f1] → 200
2026-04-23 12:24:17.991 | INFO     | app.main:log_requests:49 - [b4aeddaa] → 200
2026-04-23 12:24:17.996 | INFO     | app.main:log_requests:47 - [6e2d8255] OPTIONS /v1/projects/
2026-04-23 12:24:17.999 | INFO     | app.main:log_requests:47 - [544a0654] GET /v1/tasks/
2026-04-23 12:24:19.650 | INFO     | app.main:log_requests:47 - [15448379] GET /v1/tasks/
2026-04-23 12:24:21.254 | INFO     | app.main:log_requests:47 - [5dc623aa] OPTIONS /v1/users/
2026-04-23 12:24:21.255 | INFO     | app.main:log_requests:49 - [6e2d8255] → 200
2026-04-23 12:24:21.255 | INFO     | app.main:log_requests:49 - [544a0654] → 200
2026-04-23 12:24:21.256 | INFO     | app.main:log_requests:49 - [15448379] → 200
2026-04-23 12:24:21.258 | INFO     | app.main:log_requests:49 - [5dc623aa] → 200
2026-04-23 12:24:21.258 | INFO     | app.main:log_requests:47 - [2d85830a] GET /v1/projects/
2026-04-23 12:24:21.922 | INFO     | app.main:log_requests:47 - [fd3e6df5] GET /v1/users/
2026-04-23 12:24:21.922 | INFO     | app.main:log_requests:49 - [2d85830a] → 200
2026-04-23 12:24:22.712 | INFO     | app.main:log_requests:49 - [fd3e6df5] → 200
2026-04-23 12:28:10.161 | INFO     | app.main:log_requests:47 - [f1fa7b31] GET /v1/users/me
2026-04-23 12:28:11.067 | INFO     | app.main:log_requests:49 - [f1fa7b31] → 200
2026-04-23 12:28:11.546 | INFO     | app.main:log_requests:47 - [215318a7] OPTIONS /v1/domains/dddddddd-0000-0000-0000-000000000001
2026-04-23 12:28:11.548 | INFO     | app.main:log_requests:47 - [532d7834] OPTIONS /v1/tasks/my
2026-04-23 12:28:11.548 | INFO     | app.main:log_requests:49 - [215318a7] → 200
2026-04-23 12:28:11.550 | INFO     | app.main:log_requests:49 - [532d7834] → 200
2026-04-23 12:28:11.550 | INFO     | app.main:log_requests:47 - [6602688c] OPTIONS /v1/tasks/my
2026-04-23 12:28:11.551 | INFO     | app.main:log_requests:47 - [767c115b] GET /v1/domains/dddddddd-0000-0000-0000-000000000001
2026-04-23 12:28:12.263 | INFO     | app.main:log_requests:49 - [6602688c] → 200
2026-04-23 12:28:12.264 | INFO     | app.main:log_requests:47 - [54cec171] GET /v1/tasks/my
2026-04-23 12:28:12.265 | INFO     | app.main:log_requests:49 - [767c115b] → 200
2026-04-23 12:28:13.093 | INFO     | app.main:log_requests:49 - [54cec171] → 200
2026-04-23 12:28:13.095 | INFO     | app.main:log_requests:47 - [dc3717f9] GET /v1/tasks/my
2026-04-23 12:28:13.777 | INFO     | app.main:log_requests:49 - [dc3717f9] → 200
2026-04-23 12:28:20.933 | INFO     | app.main:log_requests:47 - [8ed5ba13] GET /v1/users/me
2026-04-23 12:28:22.109 | INFO     | app.main:log_requests:49 - [8ed5ba13] → 200
2026-04-23 12:28:22.837 | INFO     | app.main:log_requests:47 - [37b5cf26] GET /v1/users/me
2026-04-23 12:28:23.373 | INFO     | app.main:log_requests:49 - [37b5cf26] → 200
2026-04-23 12:28:23.400 | INFO     | app.main:log_requests:47 - [f592f7f2] GET /v1/domains/dddddddd-0000-0000-0000-000000000001
2026-04-23 12:28:24.203 | INFO     | app.main:log_requests:49 - [f592f7f2] → 200
2026-04-23 12:28:24.204 | INFO     | app.main:log_requests:47 - [002451a8] GET /v1/tasks/my
2026-04-23 12:28:25.019 | INFO     | app.main:log_requests:49 - [002451a8] → 200
2026-04-23 12:28:28.992 | INFO     | app.main:log_requests:47 - [b84702d1] GET /v1/users/me
2026-04-23 12:28:29.789 | INFO     | app.main:log_requests:49 - [b84702d1] → 200
2026-04-23 12:28:30.410 | INFO     | app.main:log_requests:47 - [2f6da904] GET /v1/users/me
2026-04-23 12:28:31.066 | INFO     | app.main:log_requests:49 - [2f6da904] → 200
2026-04-23 12:28:31.093 | INFO     | app.main:log_requests:47 - [ebb9a21a] GET /v1/domains/dddddddd-0000-0000-0000-000000000001
2026-04-23 12:28:31.976 | INFO     | app.main:log_requests:47 - [b4bf9ba1] GET /v1/tasks/my
2026-04-23 12:28:31.978 | INFO     | app.main:log_requests:49 - [ebb9a21a] → 200
2026-04-23 12:28:32.689 | INFO     | app.main:log_requests:49 - [b4bf9ba1] → 200
2026-04-23 12:28:32.690 | INFO     | app.main:log_requests:47 - [01d48c18] OPTIONS /v1/tasks/analytics/me
2026-04-23 12:28:32.692 | INFO     | app.main:log_requests:47 - [ab566b1c] GET /v1/domains
2026-04-23 12:28:32.692 | INFO     | app.main:log_requests:49 - [01d48c18] → 200
2026-04-23 12:28:32.692 | INFO     | app.main:log_requests:49 - [ab566b1c] → 307
2026-04-23 12:28:32.694 | INFO     | app.main:log_requests:47 - [33ccac34] GET /v1/tasks/analytics/me
2026-04-23 12:28:33.774 | INFO     | app.main:log_requests:49 - [33ccac34] → 200
2026-04-23 12:28:33.776 | INFO     | app.main:log_requests:47 - [88827bbe] GET /v1/domains/
2026-04-23 12:28:34.655 | INFO     | app.main:log_requests:49 - [88827bbe] → 200
2026-04-23 12:28:39.384 | INFO     | app.main:log_requests:47 - [58306b18] GET /v1/users/me
2026-04-23 12:28:40.278 | INFO     | app.main:log_requests:49 - [58306b18] → 200
2026-04-23 12:28:41.898 | INFO     | app.main:log_requests:47 - [b0ac5b5c] GET /v1/users/me
2026-04-23 12:28:42.373 | INFO     | app.main:log_requests:49 - [b0ac5b5c] → 200
2026-04-23 12:28:42.402 | INFO     | app.main:log_requests:47 - [3259cad6] GET /v1/domains/dddddddd-0000-0000-0000-000000000001
2026-04-23 12:28:43.066 | INFO     | app.main:log_requests:47 - [0683d5d8] GET /v1/tasks/my
2026-04-23 12:28:43.066 | INFO     | app.main:log_requests:49 - [3259cad6] → 200
2026-04-23 12:28:43.687 | INFO     | app.main:log_requests:49 - [0683d5d8] → 200
2026-04-23 12:28:49.343 | INFO     | app.main:log_requests:47 - [36150714] GET /v1/users/me
2026-04-23 12:28:50.264 | INFO     | app.main:log_requests:49 - [36150714] → 200
2026-04-23 12:28:50.776 | INFO     | app.main:log_requests:47 - [324c32dd] GET /v1/users/me
2026-04-23 12:28:51.264 | INFO     | app.main:log_requests:49 - [324c32dd] → 200
2026-04-23 12:28:51.286 | INFO     | app.main:log_requests:47 - [46b7b763] GET /v1/domains/dddddddd-0000-0000-0000-000000000001
2026-04-23 12:28:52.063 | INFO     | app.main:log_requests:47 - [c77258d6] GET /v1/tasks/my
2026-04-23 12:28:52.064 | INFO     | app.main:log_requests:49 - [46b7b763] → 200
2026-04-23 12:28:52.763 | INFO     | app.main:log_requests:49 - [c77258d6] → 200
2026-04-23 12:28:52.764 | INFO     | app.main:log_requests:47 - [d8be788a] GET /v1/tasks/analytics/me
2026-04-23 12:28:52.764 | INFO     | app.main:log_requests:47 - [8f0860b3] GET /v1/domains
2026-04-23 12:28:53.684 | INFO     | app.main:log_requests:49 - [d8be788a] → 200
2026-04-23 12:28:53.685 | INFO     | app.main:log_requests:49 - [8f0860b3] → 307
2026-04-23 12:28:53.689 | INFO     | app.main:log_requests:47 - [df13bfa3] GET /v1/domains/
2026-04-23 12:28:54.380 | INFO     | app.main:log_requests:49 - [df13bfa3] → 200
2026-04-23 12:28:55.981 | INFO     | app.main:log_requests:47 - [6c47e2a8] GET /v1/users/me
2026-04-23 12:28:56.562 | INFO     | app.main:log_requests:49 - [6c47e2a8] → 200
2026-04-23 12:28:56.824 | INFO     | app.main:log_requests:47 - [9f93f003] GET /v1/users/me
2026-04-23 12:28:57.363 | INFO     | app.main:log_requests:49 - [9f93f003] → 200
2026-04-23 12:28:57.391 | INFO     | app.main:log_requests:47 - [d1ecf451] GET /v1/domains/dddddddd-0000-0000-0000-000000000001
2026-04-23 12:28:58.179 | INFO     | app.main:log_requests:49 - [d1ecf451] → 200
2026-04-23 12:28:58.180 | INFO     | app.main:log_requests:47 - [cc39d417] GET /v1/tasks/my
2026-04-23 12:28:58.890 | INFO     | app.main:log_requests:49 - [cc39d417] → 200
2026-04-23 12:28:58.895 | INFO     | app.main:log_requests:47 - [759db48b] GET /v1/tasks/my
2026-04-23 12:28:59.768 | INFO     | app.main:log_requests:49 - [759db48b] → 200
2026-04-23 12:29:01.979 | INFO     | app.main:log_requests:47 - [386c19dc] GET /v1/users/me
2026-04-23 12:29:02.384 | INFO     | app.main:log_requests:49 - [386c19dc] → 200
2026-04-23 12:29:02.621 | INFO     | app.main:log_requests:47 - [c3ea2728] GET /v1/users/me
2026-04-23 12:29:03.074 | INFO     | app.main:log_requests:49 - [c3ea2728] → 200
2026-04-23 12:29:03.116 | INFO     | app.main:log_requests:47 - [5d68a8c6] GET /v1/domains/dddddddd-0000-0000-0000-000000000001
2026-04-23 12:29:03.878 | INFO     | app.main:log_requests:47 - [d5d31609] GET /v1/tasks/my
2026-04-23 12:29:03.878 | INFO     | app.main:log_requests:49 - [5d68a8c6] → 200
2026-04-23 12:29:04.664 | INFO     | app.main:log_requests:49 - [d5d31609] → 200
2026-04-23 12:29:35.447 | INFO     | app.main:log_requests:47 - [2839524d] GET /v1/domains/dddddddd-0000-0000-0000-000000000001
2026-04-23 12:29:36.898 | INFO     | app.main:log_requests:47 - [eefe152a] GET /v1/tasks/my
2026-04-23 12:29:37.711 | INFO     | app.main:log_requests:49 - [2839524d] → 200
2026-04-23 12:29:37.712 | INFO     | app.main:log_requests:49 - [eefe152a] → 200
2026-04-23 12:30:07.431 | INFO     | app.main:log_requests:47 - [af4a6e90] GET /v1/users/me
2026-04-23 12:30:08.390 | INFO     | app.main:log_requests:49 - [af4a6e90] → 200
2026-04-23 12:30:08.603 | INFO     | app.main:log_requests:47 - [c15ed1b1] GET /v1/users/me
2026-04-23 12:30:09.073 | INFO     | app.main:log_requests:49 - [c15ed1b1] → 200
2026-04-23 12:30:09.102 | INFO     | app.main:log_requests:47 - [47784e0e] GET /v1/domains/dddddddd-0000-0000-0000-000000000001
2026-04-23 12:30:10.071 | INFO     | app.main:log_requests:49 - [47784e0e] → 200
2026-04-23 12:30:10.075 | INFO     | app.main:log_requests:47 - [2e5ff566] GET /v1/tasks/my
2026-04-23 12:30:10.879 | INFO     | app.main:log_requests:49 - [2e5ff566] → 200
2026-04-23 12:30:10.880 | INFO     | app.main:log_requests:47 - [163ff956] GET /v1/tasks/my
2026-04-23 12:30:11.578 | INFO     | app.main:log_requests:49 - [163ff956] → 200
2026-04-23 12:30:14.588 | INFO     | app.main:log_requests:47 - [253fc3fc] GET /v1/users/me
2026-04-23 12:30:15.083 | INFO     | app.main:log_requests:49 - [253fc3fc] → 200
2026-04-23 12:30:15.307 | INFO     | app.main:log_requests:47 - [1769ceac] GET /v1/users/me
2026-04-23 12:30:15.777 | INFO     | app.main:log_requests:49 - [1769ceac] → 200
2026-04-23 12:30:15.801 | INFO     | app.main:log_requests:47 - [b1d641a8] GET /v1/domains/dddddddd-0000-0000-0000-000000000001
2026-04-23 12:30:16.464 | INFO     | app.main:log_requests:49 - [b1d641a8] → 200
2026-04-23 12:30:16.466 | INFO     | app.main:log_requests:47 - [9752c10d] GET /v1/tasks/analytics/me
2026-04-23 12:30:16.467 | INFO     | app.main:log_requests:47 - [2e331531] GET /v1/domains
2026-04-23 12:30:16.467 | INFO     | app.main:log_requests:47 - [27cda9f5] GET /v1/tasks/my
2026-04-23 12:30:18.166 | INFO     | app.main:log_requests:49 - [9752c10d] → 200
2026-04-23 12:30:18.167 | INFO     | app.main:log_requests:49 - [2e331531] → 307
2026-04-23 12:30:18.168 | INFO     | app.main:log_requests:49 - [27cda9f5] → 200
2026-04-23 12:30:18.170 | INFO     | app.main:log_requests:47 - [bb3cfc7e] GET /v1/domains/
2026-04-23 12:30:18.968 | INFO     | app.main:log_requests:49 - [bb3cfc7e] → 200
2026-04-23 12:30:57.778 | INFO     | app.main:log_requests:47 - [1f4dd2d0] GET /v1/domains
2026-04-23 12:30:57.778 | INFO     | app.main:log_requests:47 - [37df0a18] GET /v1/domains/dddddddd-0000-0000-0000-000000000001
2026-04-23 12:30:58.971 | INFO     | app.main:log_requests:47 - [1da50159] GET /v1/tasks/my
2026-04-23 12:30:58.971 | INFO     | app.main:log_requests:47 - [1cf3b51f] GET /v1/tasks/analytics/me
2026-04-23 12:30:58.971 | INFO     | app.main:log_requests:49 - [1f4dd2d0] → 307
2026-04-23 12:31:00.566 | INFO     | app.main:log_requests:49 - [37df0a18] → 200
2026-04-23 12:31:00.569 | INFO     | app.main:log_requests:49 - [1da50159] → 200
2026-04-23 12:31:00.569 | INFO     | app.main:log_requests:49 - [1cf3b51f] → 200
2026-04-23 12:31:00.569 | INFO     | app.main:log_requests:47 - [e03e8dfa] GET /v1/domains/
2026-04-23 12:31:01.175 | INFO     | app.main:log_requests:49 - [e03e8dfa] → 200
2026-04-23 12:35:17.555 | INFO     | app.main:log_requests:47 - [6004c21e] OPTIONS /v1/domains
2026-04-23 12:35:17.556 | INFO     | app.main:log_requests:47 - [d3f5407b] GET /v1/domains/dddddddd-0000-0000-0000-000000000001
2026-04-23 12:35:19.912 | INFO     | app.main:log_requests:47 - [232dfa8c] GET /v1/tasks/my
2026-04-23 12:35:19.912 | INFO     | app.main:log_requests:47 - [8a4ea205] GET /v1/tasks/analytics/me
2026-04-23 12:35:19.914 | INFO     | app.main:log_requests:49 - [6004c21e] → 200
2026-04-23 12:35:21.594 | INFO     | app.main:log_requests:49 - [d3f5407b] → 200
2026-04-23 12:35:21.598 | INFO     | app.main:log_requests:49 - [232dfa8c] → 200
2026-04-23 12:35:21.599 | INFO     | app.main:log_requests:49 - [8a4ea205] → 200
2026-04-23 12:35:21.603 | INFO     | app.main:log_requests:47 - [4422b9af] GET /v1/domains
2026-04-23 12:35:21.606 | INFO     | app.main:log_requests:49 - [4422b9af] → 307
2026-04-23 12:35:21.610 | INFO     | app.main:log_requests:47 - [985cd07e] OPTIONS /v1/domains/
2026-04-23 12:35:21.610 | INFO     | app.main:log_requests:49 - [985cd07e] → 200
2026-04-23 12:35:21.612 | INFO     | app.main:log_requests:47 - [88be191c] GET /v1/domains/
2026-04-23 12:35:23.635 | INFO     | app.main:log_requests:49 - [88be191c] → 200
2026-04-23 13:19:47.958 | INFO     | app.main:log_requests:47 - [e751548c] GET /v1/users/me
2026-04-23 13:19:49.680 | INFO     | app.main:log_requests:49 - [e751548c] → 200
2026-04-23 13:19:51.075 | INFO     | app.main:log_requests:47 - [baf8e0e6] OPTIONS /v1/users/me
2026-04-23 13:19:51.076 | INFO     | app.main:log_requests:49 - [baf8e0e6] → 200
2026-04-23 13:19:51.078 | INFO     | app.main:log_requests:47 - [ae84f611] GET /v1/users/me
2026-04-23 13:19:51.531 | INFO     | app.main:log_requests:49 - [ae84f611] → 200
2026-04-23 13:19:51.604 | INFO     | app.main:log_requests:47 - [01234130] OPTIONS /v1/domains/dddddddd-0000-0000-0000-000000000001
2026-04-23 13:19:51.605 | INFO     | app.main:log_requests:49 - [01234130] → 200
2026-04-23 13:19:51.608 | INFO     | app.main:log_requests:47 - [a5f69e95] GET /v1/domains/dddddddd-0000-0000-0000-000000000001
2026-04-23 13:19:52.244 | INFO     | app.main:log_requests:47 - [d13010cf] OPTIONS /v1/tasks/my
2026-04-23 13:19:52.245 | INFO     | app.main:log_requests:49 - [a5f69e95] → 200
2026-04-23 13:19:52.246 | INFO     | app.main:log_requests:49 - [d13010cf] → 200
2026-04-23 13:19:52.247 | INFO     | app.main:log_requests:47 - [e47e2785] OPTIONS /v1/tasks/my
2026-04-23 13:19:52.248 | INFO     | app.main:log_requests:47 - [9a2d8419] GET /v1/tasks/my
2026-04-23 13:19:52.249 | INFO     | app.main:log_requests:49 - [e47e2785] → 200
2026-04-23 13:19:52.930 | INFO     | app.main:log_requests:49 - [9a2d8419] → 200
2026-04-23 13:19:52.932 | INFO     | app.main:log_requests:47 - [ade3cd62] GET /v1/tasks/my
2026-04-23 13:19:53.520 | INFO     | app.main:log_requests:49 - [ade3cd62] → 200
2026-04-23 13:33:26.539 | INFO     | app.main:log_requests:47 - [e8311d22] GET /v1/users/me
2026-04-23 13:33:27.830 | INFO     | app.main:log_requests:49 - [e8311d22] → 200
2026-04-23 13:33:27.833 | INFO     | app.main:log_requests:47 - [413e4e22] OPTIONS /v1/tasks/my
2026-04-23 13:33:27.835 | INFO     | app.main:log_requests:47 - [1acf95c5] OPTIONS /v1/tasks/my
2026-04-23 13:33:27.835 | INFO     | app.main:log_requests:47 - [bc8dce71] OPTIONS /v1/domains/dddddddd-0000-0000-0000-000000000001
2026-04-23 13:33:27.842 | INFO     | app.main:log_requests:49 - [413e4e22] → 200
2026-04-23 13:33:27.846 | INFO     | app.main:log_requests:49 - [1acf95c5] → 200
2026-04-23 13:33:27.850 | INFO     | app.main:log_requests:49 - [bc8dce71] → 200
2026-04-23 13:33:27.856 | INFO     | app.main:log_requests:47 - [2173b081] GET /v1/tasks/my
2026-04-23 13:33:28.494 | INFO     | app.main:log_requests:47 - [10906324] GET /v1/domains/dddddddd-0000-0000-0000-000000000001
2026-04-23 13:33:28.495 | INFO     | app.main:log_requests:49 - [2173b081] → 200
2026-04-23 13:33:29.154 | INFO     | app.main:log_requests:49 - [10906324] → 200
2026-04-23 13:33:29.156 | INFO     | app.main:log_requests:47 - [fc710e86] GET /v1/users/me
2026-04-23 13:33:29.156 | INFO     | app.main:log_requests:47 - [86b1584f] GET /v1/tasks/my
2026-04-23 13:33:30.209 | INFO     | app.main:log_requests:49 - [fc710e86] → 200
2026-04-23 13:33:30.209 | INFO     | app.main:log_requests:49 - [86b1584f] → 200
2026-04-23 13:33:30.708 | INFO     | app.main:log_requests:47 - [31df7da7] GET /v1/users/me
2026-04-23 13:33:31.135 | INFO     | app.main:log_requests:49 - [31df7da7] → 200
2026-04-23 13:33:31.604 | INFO     | app.main:log_requests:47 - [a1ce511f] GET /v1/users/me
2026-04-23 13:33:32.036 | INFO     | app.main:log_requests:49 - [a1ce511f] → 200
2026-04-23 13:35:14.157 | INFO     | app.main:log_requests:47 - [3107519d] GET /v1/domains/dddddddd-0000-0000-0000-000000000001
2026-04-23 13:35:15.792 | INFO     | app.main:log_requests:47 - [3d73d12d] GET /v1/tasks/my
2026-04-23 13:35:15.792 | INFO     | app.main:log_requests:49 - [3107519d] → 200
2026-04-23 13:35:16.941 | INFO     | app.main:log_requests:49 - [3d73d12d] → 200
2026-04-23 13:35:16.943 | INFO     | app.main:log_requests:47 - [450554e4] GET /v1/tasks/my
2026-04-23 13:35:17.596 | INFO     | app.main:log_requests:49 - [450554e4] → 200
2026-04-23 13:35:39.442 | INFO     | app.main:log_requests:47 - [e8c98c6c] GET /v1/users/me
2026-04-23 13:35:40.107 | INFO     | app.main:log_requests:49 - [e8c98c6c] → 200
2026-04-23 13:35:40.819 | INFO     | app.main:log_requests:47 - [e205334c] OPTIONS /v1/users/me
2026-04-23 13:35:40.821 | INFO     | app.main:log_requests:49 - [e205334c] → 200
2026-04-23 13:35:40.823 | INFO     | app.main:log_requests:47 - [4c08d797] GET /v1/users/me
2026-04-23 13:35:41.246 | INFO     | app.main:log_requests:49 - [4c08d797] → 200
2026-04-23 13:35:41.274 | INFO     | app.main:log_requests:47 - [c33d7e20] GET /v1/domains/dddddddd-0000-0000-0000-000000000001
2026-04-23 13:35:41.915 | INFO     | app.main:log_requests:49 - [c33d7e20] → 200
2026-04-23 13:35:41.918 | INFO     | app.main:log_requests:47 - [99b7e393] GET /v1/tasks/my
2026-04-23 13:35:42.581 | INFO     | app.main:log_requests:49 - [99b7e393] → 200
2026-04-23 13:35:42.582 | INFO     | app.main:log_requests:47 - [95916825] GET /v1/tasks/my
2026-04-23 13:35:43.210 | INFO     | app.main:log_requests:49 - [95916825] → 200
2026-04-23 13:36:47.446 | INFO     | app.main:log_requests:47 - [b72d80a0] GET /v1/domains/dddddddd-0000-0000-0000-000000000001
2026-04-23 13:36:48.788 | INFO     | app.main:log_requests:47 - [4163428b] GET /v1/tasks/my
2026-04-23 13:36:49.427 | INFO     | app.main:log_requests:49 - [b72d80a0] → 200
2026-04-23 13:36:49.428 | INFO     | app.main:log_requests:49 - [4163428b] → 200
2026-04-23 13:36:49.430 | INFO     | app.main:log_requests:47 - [6f03d835] GET /v1/tasks/my
2026-04-23 13:36:49.668 | INFO     | app.main:log_requests:49 - [6f03d835] → 401
2026-04-23 14:30:49.266 | INFO     | app.main:log_requests:47 - [1b6e8c88] GET /v1/users/me
2026-04-23 14:30:50.512 | INFO     | app.main:log_requests:49 - [1b6e8c88] → 200
2026-04-23 14:30:51.013 | INFO     | app.main:log_requests:47 - [45e5c5e2] OPTIONS /v1/domains
2026-04-23 14:30:51.013 | INFO     | app.main:log_requests:49 - [45e5c5e2] → 200
2026-04-23 14:30:51.014 | INFO     | app.main:log_requests:47 - [a7bca89d] OPTIONS /v1/tasks
2026-04-23 14:30:51.015 | INFO     | app.main:log_requests:49 - [a7bca89d] → 200
2026-04-23 14:30:51.016 | INFO     | app.main:log_requests:47 - [16813e67] OPTIONS /v1/tasks
2026-04-23 14:30:51.017 | INFO     | app.main:log_requests:49 - [16813e67] → 200
2026-04-23 14:30:51.020 | INFO     | app.main:log_requests:47 - [c7e0a41c] OPTIONS /v1/projects
2026-04-23 14:30:51.021 | INFO     | app.main:log_requests:47 - [65c25935] OPTIONS /v1/users
2026-04-23 14:30:51.021 | INFO     | app.main:log_requests:49 - [c7e0a41c] → 200
2026-04-23 14:30:51.022 | INFO     | app.main:log_requests:49 - [65c25935] → 200
2026-04-23 14:30:51.023 | INFO     | app.main:log_requests:47 - [c06c1fbc] GET /v1/domains
2026-04-23 14:30:51.025 | INFO     | app.main:log_requests:49 - [c06c1fbc] → 307
2026-04-23 14:30:51.026 | INFO     | app.main:log_requests:47 - [dcd639bb] GET /v1/tasks
2026-04-23 14:30:51.026 | INFO     | app.main:log_requests:47 - [02c9b772] GET /v1/tasks
2026-04-23 14:30:51.028 | INFO     | app.main:log_requests:47 - [fa120090] GET /v1/users
2026-04-23 14:30:51.028 | INFO     | app.main:log_requests:47 - [ff325931] GET /v1/projects
2026-04-23 14:30:51.028 | INFO     | app.main:log_requests:49 - [dcd639bb] → 307
2026-04-23 14:30:51.029 | INFO     | app.main:log_requests:49 - [02c9b772] → 307
2026-04-23 14:30:51.030 | INFO     | app.main:log_requests:49 - [fa120090] → 307
2026-04-23 14:30:51.032 | INFO     | app.main:log_requests:49 - [ff325931] → 307
2026-04-23 14:30:51.034 | INFO     | app.main:log_requests:47 - [2917549b] OPTIONS /v1/tasks/
2026-04-23 14:30:51.034 | INFO     | app.main:log_requests:47 - [8c1871ec] OPTIONS /v1/tasks/
2026-04-23 14:30:51.035 | INFO     | app.main:log_requests:47 - [b3c751f7] OPTIONS /v1/users/
2026-04-23 14:30:51.035 | INFO     | app.main:log_requests:47 - [b142d065] OPTIONS /v1/domains/
2026-04-23 14:30:51.037 | INFO     | app.main:log_requests:47 - [536acab3] OPTIONS /v1/projects/
2026-04-23 14:30:51.037 | INFO     | app.main:log_requests:49 - [2917549b] → 200
2026-04-23 14:30:51.038 | INFO     | app.main:log_requests:49 - [8c1871ec] → 200
2026-04-23 14:30:51.039 | INFO     | app.main:log_requests:49 - [b3c751f7] → 200
2026-04-23 14:30:51.039 | INFO     | app.main:log_requests:49 - [b142d065] → 200
2026-04-23 14:30:51.040 | INFO     | app.main:log_requests:49 - [536acab3] → 200
2026-04-23 14:30:51.040 | INFO     | app.main:log_requests:47 - [4f20d0cc] GET /v1/tasks/
2026-04-23 14:30:51.042 | INFO     | app.main:log_requests:47 - [273ed287] GET /v1/tasks/
2026-04-23 14:30:54.266 | INFO     | app.main:log_requests:47 - [ddbfdf1f] GET /v1/users/
2026-04-23 14:30:54.267 | INFO     | app.main:log_requests:47 - [c3223f09] GET /v1/domains/
2026-04-23 14:30:55.560 | INFO     | app.main:log_requests:47 - [a98fbf68] GET /v1/projects/
2026-04-23 14:30:55.560 | INFO     | app.main:log_requests:49 - [4f20d0cc] → 200
2026-04-23 14:30:55.562 | INFO     | app.main:log_requests:49 - [273ed287] → 200
2026-04-23 14:30:56.252 | INFO     | app.main:log_requests:49 - [ddbfdf1f] → 200
2026-04-23 14:30:56.253 | INFO     | app.main:log_requests:49 - [c3223f09] → 200
2026-04-23 14:30:56.254 | INFO     | app.main:log_requests:49 - [a98fbf68] → 200
2026-04-23 14:31:44.695 | INFO     | app.main:log_requests:47 - [d1b1b1aa] GET /v1/users/me
2026-04-23 14:31:45.373 | INFO     | app.main:log_requests:49 - [d1b1b1aa] → 200
2026-04-23 14:31:45.524 | INFO     | app.main:log_requests:47 - [4060fd48] OPTIONS /v1/domains/dddddddd-0000-0000-0000-000000000001
2026-04-23 14:31:45.526 | INFO     | app.main:log_requests:49 - [4060fd48] → 200
2026-04-23 14:31:45.532 | INFO     | app.main:log_requests:47 - [c626b178] GET /v1/domains/dddddddd-0000-0000-0000-000000000001
2026-04-23 14:31:46.228 | INFO     | app.main:log_requests:49 - [c626b178] → 200
2026-04-23 14:31:46.230 | INFO     | app.main:log_requests:47 - [a3ca5948] OPTIONS /v1/tasks/my
2026-04-23 14:31:46.232 | INFO     | app.main:log_requests:47 - [ec8decae] OPTIONS /v1/tasks/my
2026-04-23 14:31:46.234 | INFO     | app.main:log_requests:49 - [a3ca5948] → 200
2026-04-23 14:31:46.235 | INFO     | app.main:log_requests:49 - [ec8decae] → 200
2026-04-23 14:31:46.243 | INFO     | app.main:log_requests:47 - [43325c28] GET /v1/tasks/my
2026-04-23 14:31:46.906 | INFO     | app.main:log_requests:49 - [43325c28] → 200
2026-04-23 14:31:46.907 | INFO     | app.main:log_requests:47 - [223d725e] GET /v1/tasks/my
2026-04-23 14:31:47.593 | INFO     | app.main:log_requests:49 - [223d725e] → 200
